This is pdfTeX, Version 3.141592653-2.6-1.40.29 (TeX Live 2026/Arch Linux) (preloaded format=pdflatex 2026.6.2)  16 AUG 2026 14:32
entering extended mode
 restricted \write18 enabled.
 %&-line parsing enabled.
**superclase_practica_probabilidad.tex
(./superclase_practica_probabilidad.tex
LaTeX2e <2025-11-01>
L3 programming layer <2026-01-19>
(/usr/share/texmf-dist/tex/latex/base/article.cls
Document Class: article 2025/01/22 v1.4n Standard LaTeX document class
(/usr/share/texmf-dist/tex/latex/base/size11.clo
File: size11.clo 2025/01/22 v1.4n Standard LaTeX file (size option)
)
\c@part=\count275
\c@section=\count276
\c@subsection=\count277
\c@subsubsection=\count278
\c@paragraph=\count279
\c@subparagraph=\count280
\c@figure=\count281
\c@table=\count282
\abovecaptionskip=\skip49
\belowcaptionskip=\skip50
\bibindent=\dimen148
) (./preamble.tex
(/usr/share/texmf-dist/tex/latex/base/inputenc.sty
Package: inputenc 2024/02/08 v1.3d Input encoding file
\inpenc@prehook=\toks17
\inpenc@posthook=\toks18
)
(/usr/share/texmf-dist/tex/generic/babel/babel.sty
Package: babel 2026/02/14 v26.3 The multilingual framework for LuaLaTeX, pdfLaT
eX and XeLaTeX
\babel@savecnt=\count283
LaTeX Encoding Info:    Redeclaring text command \ij (encoding OT1) on input li
ne 2078.
LaTeX Encoding Info:    Redeclaring text command \IJ (encoding OT1) on input li
ne 2080.
LaTeX Encoding Info:    Redeclaring text command \ij (encoding T1) on input lin
e 2082.
LaTeX Encoding Info:    Redeclaring text command \IJ (encoding T1) on input lin
e 2083.
LaTeX Encoding Info:    Ignoring declaration for text command \ij (encoding ?) 
on input line 2084.
LaTeX Encoding Info:    Ignoring declaration for text command \IJ (encoding ?) 
on input line 2086.
LaTeX Encoding Info:    Ignoring declaration for text command \SS (encoding ?) 
on input line 2111.
\U@D=\dimen149
\l@unhyphenated=\language6

(/usr/share/texmf-dist/tex/generic/babel/txtbabel.def)
\bbl@readstream=\read2
\bbl@dirlevel=\count284

(/usr/share/texmf-dist/tex/generic/babel/locale/es/babel-spanish.tex)
Package babel Info: Importing font and identification data for spanish
(babel)             from babel-es.ini. Reported on input line 4330.

(/usr/share/texmf-dist/tex/generic/babel-spanish/spanish.ldf
Language: spanish.ldf 2021/05/27 v5.0q Spanish support from the babel system
\es@quottoks=\toks19
\es@quotdepth=\count285
Package babel Info: Making " an active character on input line 570.
Package babel Info: Making . an active character on input line 675.
Package babel Info: Making < an active character on input line 722.
Package babel Info: Making > an active character on input line 722.
))
LaTeX Encoding Info:    Redeclaring text command \guillemotleft (encoding OT1) 
on input line 3.
LaTeX Encoding Info:    Redeclaring text command \guillemotright (encoding OT1)
 on input line 3.

(/usr/share/texmf-dist/tex/latex/geometry/geometry.sty
Package: geometry 2020/01/02 v5.9 Page Geometry

(/usr/share/texmf-dist/tex/latex/graphics/keyval.sty
Package: keyval 2022/05/29 v1.15 key=value parser (DPC)
\KV@toks@=\toks20
)
(/usr/share/texmf-dist/tex/generic/iftex/ifvtex.sty
Package: ifvtex 2019/10/25 v1.7 ifvtex legacy package. Use iftex instead.

(/usr/share/texmf-dist/tex/generic/iftex/iftex.sty
Package: iftex 2024/12/12 v1.0g TeX engine tests
))
\Gm@cnth=\count286
\Gm@cntv=\count287
\c@Gm@tempcnt=\count288
\Gm@bindingoffset=\dimen150
\Gm@wd@mp=\dimen151
\Gm@odd@mp=\dimen152
\Gm@even@mp=\dimen153
\Gm@layoutwidth=\dimen154
\Gm@layoutheight=\dimen155
\Gm@layouthoffset=\dimen156
\Gm@layoutvoffset=\dimen157
\Gm@dimlist=\toks21
)
(/usr/share/texmf-dist/tex/latex/amsmath/amsmath.sty
Package: amsmath 2025/07/09 v2.17z AMS math features
\@mathmargin=\skip51

For additional information on amsmath, use the `?' option.
(/usr/share/texmf-dist/tex/latex/amsmath/amstext.sty
Package: amstext 2024/11/17 v2.01 AMS text

(/usr/share/texmf-dist/tex/latex/amsmath/amsgen.sty
File: amsgen.sty 1999/11/30 v2.0 generic functions
\@emptytoks=\toks22
\ex@=\dimen158
))
(/usr/share/texmf-dist/tex/latex/amsmath/amsbsy.sty
Package: amsbsy 1999/11/29 v1.2d Bold Symbols
\pmbraise@=\dimen159
)
(/usr/share/texmf-dist/tex/latex/amsmath/amsopn.sty
Package: amsopn 2022/04/08 v2.04 operator names
)
\inf@bad=\count289
LaTeX Info: Redefining \frac on input line 233.
\uproot@=\count290
\leftroot@=\count291
LaTeX Info: Redefining \overline on input line 398.
LaTeX Info: Redefining \colon on input line 409.
\classnum@=\count292
\DOTSCASE@=\count293
LaTeX Info: Redefining \ldots on input line 495.
LaTeX Info: Redefining \dots on input line 498.
LaTeX Info: Redefining \cdots on input line 619.
\Mathstrutbox@=\box53
\strutbox@=\box54
LaTeX Info: Redefining \big on input line 721.
LaTeX Info: Redefining \Big on input line 722.
LaTeX Info: Redefining \bigg on input line 723.
LaTeX Info: Redefining \Bigg on input line 724.
\big@size=\dimen160
LaTeX Font Info:    Redeclaring font encoding OML on input line 742.
LaTeX Font Info:    Redeclaring font encoding OMS on input line 743.
\macc@depth=\count294
LaTeX Info: Redefining \bmod on input line 904.
LaTeX Info: Redefining \pmod on input line 909.
LaTeX Info: Redefining \smash on input line 939.
LaTeX Info: Redefining \relbar on input line 969.
LaTeX Info: Redefining \Relbar on input line 970.
\c@MaxMatrixCols=\count295
\dotsspace@=\muskip17
\c@parentequation=\count296
\dspbrk@lvl=\count297
\tag@help=\toks23
\row@=\count298
\column@=\count299
\maxfields@=\count300
\andhelp@=\toks24
\eqnshift@=\dimen161
\alignsep@=\dimen162
\tagshift@=\dimen163
\tagwidth@=\dimen164
\totwidth@=\dimen165
\lineht@=\dimen166
\@envbody=\toks25
\multlinegap=\skip52
\multlinetaggap=\skip53
\mathdisplay@stack=\toks26
LaTeX Info: Redefining \[ on input line 2950.
LaTeX Info: Redefining \] on input line 2951.
)
(/usr/share/texmf-dist/tex/latex/amsfonts/amssymb.sty
Package: amssymb 2013/01/14 v3.01 AMS font symbols

(/usr/share/texmf-dist/tex/latex/amsfonts/amsfonts.sty
Package: amsfonts 2013/01/14 v3.01 Basic AMSFonts support
\symAMSa=\mathgroup4
\symAMSb=\mathgroup5
LaTeX Font Info:    Redeclaring math symbol \hbar on input line 98.
LaTeX Font Info:    Overwriting math alphabet `\mathfrak' in version `bold'
(Font)                  U/euf/m/n --> U/euf/b/n on input line 106.
))
(/usr/share/texmf-dist/tex/latex/enumitem/enumitem.sty
Package: enumitem 2025/02/06 v3.11 Customized lists
\labelindent=\skip54
\enit@outerparindent=\dimen167
\enit@toks=\toks27
\enit@inbox=\box55
\enit@count@id=\count301
\enitdp@description=\count302
)
(/usr/share/texmf-dist/tex/latex/tcolorbox/tcolorbox.sty
Package: tcolorbox 2025/11/28 version 6.9.0 text color boxes

(/usr/share/texmf-dist/tex/latex/pgf/frontendlayer/tikz.sty
(/usr/share/texmf-dist/tex/latex/pgf/basiclayer/pgf.sty
(/usr/share/texmf-dist/tex/latex/pgf/utilities/pgfrcs.sty
(/usr/share/texmf-dist/tex/generic/pgf/utilities/pgfutil-common.tex
\pgfutil@everybye=\toks28
\pgfutil@tempdima=\dimen168
\pgfutil@tempdimb=\dimen169
)
(/usr/share/texmf-dist/tex/generic/pgf/utilities/pgfutil-latex.def
\pgfutil@abb=\box56
)
(/usr/share/texmf-dist/tex/generic/pgf/utilities/pgfrcs.code.tex
(/usr/share/texmf-dist/tex/generic/pgf/pgf.revision.tex)
Package: pgfrcs 2025-08-29 v3.1.11a (3.1.11a)
))
Package: pgf 2025-08-29 v3.1.11a (3.1.11a)

(/usr/share/texmf-dist/tex/latex/pgf/basiclayer/pgfcore.sty
(/usr/share/texmf-dist/tex/latex/graphics/graphicx.sty
Package: graphicx 2024/12/31 v1.2e Enhanced LaTeX Graphics (DPC,SPQR)

(/usr/share/texmf-dist/tex/latex/graphics/graphics.sty
Package: graphics 2024/08/06 v1.4g Standard LaTeX Graphics (DPC,SPQR)

(/usr/share/texmf-dist/tex/latex/graphics/trig.sty
Package: trig 2023/12/02 v1.11 sin cos tan (DPC)
)
(/usr/share/texmf-dist/tex/latex/graphics-cfg/graphics.cfg
File: graphics.cfg 2016/06/04 v1.11 sample graphics configuration
)
Package graphics Info: Driver file: pdftex.def on input line 106.

(/usr/share/texmf-dist/tex/latex/graphics-def/pdftex.def
File: pdftex.def 2025/09/29 v1.2d Graphics/color driver for pdftex
))
\Gin@req@height=\dimen170
\Gin@req@width=\dimen171
)
(/usr/share/texmf-dist/tex/latex/pgf/systemlayer/pgfsys.sty
(/usr/share/texmf-dist/tex/generic/pgf/systemlayer/pgfsys.code.tex
Package: pgfsys 2025-08-29 v3.1.11a (3.1.11a)

(/usr/share/texmf-dist/tex/generic/pgf/utilities/pgfkeys.code.tex
\pgfkeys@pathtoks=\toks29
\pgfkeys@temptoks=\toks30

(/usr/share/texmf-dist/tex/generic/pgf/utilities/pgfkeyslibraryfiltered.code.te
x
\pgfkeys@tmptoks=\toks31
))
\pgf@x=\dimen172
\pgf@y=\dimen173
\pgf@xa=\dimen174
\pgf@ya=\dimen175
\pgf@xb=\dimen176
\pgf@yb=\dimen177
\pgf@xc=\dimen178
\pgf@yc=\dimen179
\pgf@xd=\dimen180
\pgf@yd=\dimen181
\w@pgf@writea=\write3
\r@pgf@reada=\read3
\c@pgf@counta=\count303
\c@pgf@countb=\count304
\c@pgf@countc=\count305
\c@pgf@countd=\count306
\t@pgf@toka=\toks32
\t@pgf@tokb=\toks33
\t@pgf@tokc=\toks34
\pgf@sys@id@count=\count307
 (/usr/share/texmf-dist/tex/generic/pgf/systemlayer/pgf.cfg
File: pgf.cfg 2025-08-29 v3.1.11a (3.1.11a)
)
Driver file for pgf: pgfsys-pdftex.def

(/usr/share/texmf-dist/tex/generic/pgf/systemlayer/pgfsys-pdftex.def
File: pgfsys-pdftex.def 2025-08-29 v3.1.11a (3.1.11a)

(/usr/share/texmf-dist/tex/generic/pgf/systemlayer/pgfsys-common-pdf.def
File: pgfsys-common-pdf.def 2025-08-29 v3.1.11a (3.1.11a)
)))
(/usr/share/texmf-dist/tex/generic/pgf/systemlayer/pgfsyssoftpath.code.tex
File: pgfsyssoftpath.code.tex 2025-08-29 v3.1.11a (3.1.11a)
\pgfsyssoftpath@smallbuffer@items=\count308
\pgfsyssoftpath@bigbuffer@items=\count309
)
(/usr/share/texmf-dist/tex/generic/pgf/systemlayer/pgfsysprotocol.code.tex
File: pgfsysprotocol.code.tex 2025-08-29 v3.1.11a (3.1.11a)
))
(/usr/share/texmf-dist/tex/latex/xcolor/xcolor.sty
Package: xcolor 2024/09/29 v3.02 LaTeX color extensions (UK)

(/usr/share/texmf-dist/tex/latex/graphics-cfg/color.cfg
File: color.cfg 2016/01/02 v1.6 sample color configuration
)
Package xcolor Info: Driver file: pdftex.def on input line 274.

(/usr/share/texmf-dist/tex/latex/graphics/mathcolor.ltx)
Package xcolor Info: Model `cmy' substituted by `cmy0' on input line 1349.
Package xcolor Info: Model `hsb' substituted by `rgb' on input line 1353.
Package xcolor Info: Model `RGB' extended on input line 1365.
Package xcolor Info: Model `HTML' substituted by `rgb' on input line 1367.
Package xcolor Info: Model `Hsb' substituted by `hsb' on input line 1368.
Package xcolor Info: Model `tHsb' substituted by `hsb' on input line 1369.
Package xcolor Info: Model `HSB' substituted by `hsb' on input line 1370.
Package xcolor Info: Model `Gray' substituted by `gray' on input line 1371.
Package xcolor Info: Model `wave' substituted by `hsb' on input line 1372.
)
(/usr/share/texmf-dist/tex/generic/pgf/basiclayer/pgfcore.code.tex
Package: pgfcore 2025-08-29 v3.1.11a (3.1.11a)

(/usr/share/texmf-dist/tex/generic/pgf/math/pgfmath.code.tex
(/usr/share/texmf-dist/tex/generic/pgf/math/pgfmathutil.code.tex)
(/usr/share/texmf-dist/tex/generic/pgf/math/pgfmathparser.code.tex
\pgfmath@dimen=\dimen182
\pgfmath@count=\count310
\pgfmath@box=\box57
\pgfmath@toks=\toks35
\pgfmath@stack@operand=\toks36
\pgfmath@stack@operation=\toks37
)
(/usr/share/texmf-dist/tex/generic/pgf/math/pgfmathfunctions.code.tex)
(/usr/share/texmf-dist/tex/generic/pgf/math/pgfmathfunctions.basic.code.tex)
(/usr/share/texmf-dist/tex/generic/pgf/math/pgfmathfunctions.trigonometric.code
.tex)
(/usr/share/texmf-dist/tex/generic/pgf/math/pgfmathfunctions.random.code.tex)
(/usr/share/texmf-dist/tex/generic/pgf/math/pgfmathfunctions.comparison.code.te
x) (/usr/share/texmf-dist/tex/generic/pgf/math/pgfmathfunctions.base.code.tex)
(/usr/share/texmf-dist/tex/generic/pgf/math/pgfmathfunctions.round.code.tex)
(/usr/share/texmf-dist/tex/generic/pgf/math/pgfmathfunctions.misc.code.tex)
(/usr/share/texmf-dist/tex/generic/pgf/math/pgfmathfunctions.integerarithmetics
.code.tex) (/usr/share/texmf-dist/tex/generic/pgf/math/pgfmathcalc.code.tex)
(/usr/share/texmf-dist/tex/generic/pgf/math/pgfmathfloat.code.tex
\c@pgfmathroundto@lastzeros=\count311
))
(/usr/share/texmf-dist/tex/generic/pgf/math/pgfint.code.tex)
(/usr/share/texmf-dist/tex/generic/pgf/basiclayer/pgfcorepoints.code.tex
File: pgfcorepoints.code.tex 2025-08-29 v3.1.11a (3.1.11a)
\pgf@picminx=\dimen183
\pgf@picmaxx=\dimen184
\pgf@picminy=\dimen185
\pgf@picmaxy=\dimen186
\pgf@pathminx=\dimen187
\pgf@pathmaxx=\dimen188
\pgf@pathminy=\dimen189
\pgf@pathmaxy=\dimen190
\pgf@xx=\dimen191
\pgf@xy=\dimen192
\pgf@yx=\dimen193
\pgf@yy=\dimen194
\pgf@zx=\dimen195
\pgf@zy=\dimen196
)
(/usr/share/texmf-dist/tex/generic/pgf/basiclayer/pgfcorepathconstruct.code.tex
File: pgfcorepathconstruct.code.tex 2025-08-29 v3.1.11a (3.1.11a)
\pgf@path@lastx=\dimen197
\pgf@path@lasty=\dimen198
) (/usr/share/texmf-dist/tex/generic/pgf/basiclayer/pgfcorepathusage.code.tex
File: pgfcorepathusage.code.tex 2025-08-29 v3.1.11a (3.1.11a)
\pgf@shorten@end@additional=\dimen199
\pgf@shorten@start@additional=\dimen256
)
(/usr/share/texmf-dist/tex/generic/pgf/basiclayer/pgfcorescopes.code.tex
File: pgfcorescopes.code.tex 2025-08-29 v3.1.11a (3.1.11a)
\pgfpic=\box58
\pgf@hbox=\box59
\pgf@layerbox@main=\box60
\pgf@picture@serial@count=\count312
)
(/usr/share/texmf-dist/tex/generic/pgf/basiclayer/pgfcoregraphicstate.code.tex
File: pgfcoregraphicstate.code.tex 2025-08-29 v3.1.11a (3.1.11a)
\pgflinewidth=\dimen257
)
(/usr/share/texmf-dist/tex/generic/pgf/basiclayer/pgfcoretransformations.code.t
ex
File: pgfcoretransformations.code.tex 2025-08-29 v3.1.11a (3.1.11a)
\pgf@pt@x=\dimen258
\pgf@pt@y=\dimen259
\pgf@pt@temp=\dimen260
) (/usr/share/texmf-dist/tex/generic/pgf/basiclayer/pgfcorequick.code.tex
File: pgfcorequick.code.tex 2025-08-29 v3.1.11a (3.1.11a)
)
(/usr/share/texmf-dist/tex/generic/pgf/basiclayer/pgfcoreobjects.code.tex
File: pgfcoreobjects.code.tex 2025-08-29 v3.1.11a (3.1.11a)
)
(/usr/share/texmf-dist/tex/generic/pgf/basiclayer/pgfcorepathprocessing.code.te
x
File: pgfcorepathprocessing.code.tex 2025-08-29 v3.1.11a (3.1.11a)
) (/usr/share/texmf-dist/tex/generic/pgf/basiclayer/pgfcorearrows.code.tex
File: pgfcorearrows.code.tex 2025-08-29 v3.1.11a (3.1.11a)
\pgfarrowsep=\dimen261
)
(/usr/share/texmf-dist/tex/generic/pgf/basiclayer/pgfcoreshade.code.tex
File: pgfcoreshade.code.tex 2025-08-29 v3.1.11a (3.1.11a)
\pgf@max=\dimen262
\pgf@sys@shading@range@num=\count313
\pgf@shadingcount=\count314
)
(/usr/share/texmf-dist/tex/generic/pgf/basiclayer/pgfcoreimage.code.tex
File: pgfcoreimage.code.tex 2025-08-29 v3.1.11a (3.1.11a)
)
(/usr/share/texmf-dist/tex/generic/pgf/basiclayer/pgfcoreexternal.code.tex
File: pgfcoreexternal.code.tex 2025-08-29 v3.1.11a (3.1.11a)
\pgfexternal@startupbox=\box61
)
(/usr/share/texmf-dist/tex/generic/pgf/basiclayer/pgfcorelayers.code.tex
File: pgfcorelayers.code.tex 2025-08-29 v3.1.11a (3.1.11a)
)
(/usr/share/texmf-dist/tex/generic/pgf/basiclayer/pgfcoretransparency.code.tex
File: pgfcoretransparency.code.tex 2025-08-29 v3.1.11a (3.1.11a)
) (/usr/share/texmf-dist/tex/generic/pgf/basiclayer/pgfcorepatterns.code.tex
File: pgfcorepatterns.code.tex 2025-08-29 v3.1.11a (3.1.11a)
)
(/usr/share/texmf-dist/tex/generic/pgf/basiclayer/pgfcorerdf.code.tex
File: pgfcorerdf.code.tex 2025-08-29 v3.1.11a (3.1.11a)
)))
(/usr/share/texmf-dist/tex/generic/pgf/modules/pgfmoduleshapes.code.tex
File: pgfmoduleshapes.code.tex 2025-08-29 v3.1.11a (3.1.11a)
\pgfnodeparttextbox=\box62
)
(/usr/share/texmf-dist/tex/generic/pgf/modules/pgfmoduleplot.code.tex
File: pgfmoduleplot.code.tex 2025-08-29 v3.1.11a (3.1.11a)
)
(/usr/share/texmf-dist/tex/latex/pgf/compatibility/pgfcomp-version-0-65.sty
Package: pgfcomp-version-0-65 2025-08-29 v3.1.11a (3.1.11a)
\pgf@nodesepstart=\dimen263
\pgf@nodesepend=\dimen264
)
(/usr/share/texmf-dist/tex/latex/pgf/compatibility/pgfcomp-version-1-18.sty
Package: pgfcomp-version-1-18 2025-08-29 v3.1.11a (3.1.11a)
))
(/usr/share/texmf-dist/tex/latex/pgf/utilities/pgffor.sty
(/usr/share/texmf-dist/tex/latex/pgf/utilities/pgfkeys.sty
(/usr/share/texmf-dist/tex/generic/pgf/utilities/pgfkeys.code.tex))
(/usr/share/texmf-dist/tex/latex/pgf/math/pgfmath.sty
(/usr/share/texmf-dist/tex/generic/pgf/math/pgfmath.code.tex))
(/usr/share/texmf-dist/tex/generic/pgf/utilities/pgffor.code.tex
Package: pgffor 2025-08-29 v3.1.11a (3.1.11a)
\pgffor@iter=\dimen265
\pgffor@skip=\dimen266
\pgffor@stack=\toks38
\pgffor@toks=\toks39
))
(/usr/share/texmf-dist/tex/generic/pgf/frontendlayer/tikz/tikz.code.tex
Package: tikz 2025-08-29 v3.1.11a (3.1.11a)

(/usr/share/texmf-dist/tex/generic/pgf/libraries/pgflibraryplothandlers.code.te
x
File: pgflibraryplothandlers.code.tex 2025-08-29 v3.1.11a (3.1.11a)
\pgf@plot@mark@count=\count315
\pgfplotmarksize=\dimen267
)
\tikz@lastx=\dimen268
\tikz@lasty=\dimen269
\tikz@lastxsaved=\dimen270
\tikz@lastysaved=\dimen271
\tikz@lastmovetox=\dimen272
\tikz@lastmovetoy=\dimen273
\tikzleveldistance=\dimen274
\tikzsiblingdistance=\dimen275
\tikz@figbox=\box63
\tikz@figbox@bg=\box64
\tikz@tempbox=\box65
\tikz@tempbox@bg=\box66
\tikztreelevel=\count316
\tikznumberofchildren=\count317
\tikznumberofcurrentchild=\count318
\tikz@fig@count=\count319
 (/usr/share/texmf-dist/tex/generic/pgf/modules/pgfmodulematrix.code.tex
File: pgfmodulematrix.code.tex 2025-08-29 v3.1.11a (3.1.11a)
\pgfmatrixcurrentrow=\count320
\pgfmatrixcurrentcolumn=\count321
\pgf@matrix@numberofcolumns=\count322
)
\tikz@expandcount=\count323

(/usr/share/texmf-dist/tex/generic/pgf/frontendlayer/tikz/libraries/tikzlibrary
topaths.code.tex
File: tikzlibrarytopaths.code.tex 2025-08-29 v3.1.11a (3.1.11a)
))) (/usr/share/texmf-dist/tex/latex/tools/verbatim.sty
Package: verbatim 2024-01-22 v1.5x LaTeX2e package for verbatim enhancements
\every@verbatim=\toks40
\verbatim@line=\toks41
\verbatim@in@stream=\read4
)
(/usr/share/texmf-dist/tex/latex/environ/environ.sty
Package: environ 2014/05/04 v0.3 A new way to define environments

(/usr/share/texmf-dist/tex/latex/trimspaces/trimspaces.sty
Package: trimspaces 2009/09/17 v1.1 Trim spaces around a token list
))
(/usr/share/texmf-dist/tex/latex/etoolbox/etoolbox.sty
Package: etoolbox 2025/10/02 v2.5m e-TeX tools for LaTeX (JAW)
\etb@tempcnta=\count324
)
\tcb@titlebox=\box67
\tcb@upperbox=\box68
\tcb@lowerbox=\box69
\tcb@phantombox=\box70
\c@tcbbreakpart=\count325
\c@tcblayer=\count326
\c@tcolorbox@number=\count327
\l__tcobox_tmpa_box=\box71
\l__tcobox_tmpa_dim=\dimen276
\tcb@temp=\box72
\tcb@temp=\box73
\tcb@temp=\box74
\tcb@temp=\box75
)
(/usr/share/texmf-dist/tex/latex/tcolorbox/tcbskins.code.tex
Library (tcolorbox): 'tcbskins.code.tex' version '6.9.0'
(/usr/share/texmf-dist/tex/latex/tikzfill/tikzfill.image.sty
Package: tikzfill.image 2023/08/08 v1.0.1 Image filling library for TikZ

(/usr/share/texmf-dist/tex/latex/tikzfill/tikzfill-common.sty
Package: tikzfill-common 2023/08/08 v1.0.1 Auxiliary code for tikzfill
)
(/usr/share/texmf-dist/tex/latex/tikzfill/tikzlibraryfill.image.code.tex
File: tikzlibraryfill.image.code.tex 2023/08/08 v1.0.1 Image filling library
\l__tikzfill_img_box=\box76
))
(/usr/share/texmf-dist/tex/latex/tcolorbox/tcbskinsjigsaw.code.tex
Library (tcolorbox): 'tcbskinsjigsaw.code.tex' version '6.9.0'
)) (/usr/share/texmf-dist/tex/latex/tcolorbox/tcbbreakable.code.tex
Library (tcolorbox): 'tcbbreakable.code.tex' version '6.9.0'
(/usr/share/texmf-dist/tex/latex/pdfcol/pdfcol.sty
Package: pdfcol 2022-09-21 v1.7 Handle new color stacks for pdfTeX (HO)

(/usr/share/texmf-dist/tex/generic/ltxcmds/ltxcmds.sty
Package: ltxcmds 2023-12-04 v1.26 LaTeX kernel commands for general use (HO)
)
(/usr/share/texmf-dist/tex/generic/infwarerr/infwarerr.sty
Package: infwarerr 2019/12/03 v1.5 Providing info/warning/error messages (HO)
))
Package pdfcol Info: New color stack `tcb@breakable' = 1 on input line 23.
\tcb@testbox=\box77
\tcb@totalupperbox=\box78
\tcb@totallowerbox=\box79
)
(/usr/share/texmf-dist/tex/latex/pgfplots/pgfplots.sty
(/usr/share/texmf-dist/tex/generic/pgfplots/pgfplots.revision.tex)
Package: pgfplots 2025/08/14 v1.18.2 Data Visualization (1.18.2)

(/usr/share/texmf-dist/tex/generic/pgfplots/pgfplots.code.tex
(/usr/share/texmf-dist/tex/generic/pgfplots/pgfplotscore.code.tex
\t@pgfplots@toka=\toks42
\t@pgfplots@tokb=\toks43
\t@pgfplots@tokc=\toks44
\pgfplots@tmpa=\dimen277
\c@pgfplots@coordindex=\count328
\c@pgfplots@scanlineindex=\count329

(/usr/share/texmf-dist/tex/generic/pgfplots/sys/pgfplotssysgeneric.code.tex))
(/usr/share/texmf-dist/tex/generic/pgfplots/libs/pgfplotslibrary.code.tex)
(/usr/share/texmf-dist/tex/generic/pgfplots/oldpgfcompatib/pgfplotsoldpgfsupp_l
oader.code.tex
(/usr/share/texmf-dist/tex/generic/pgf/libraries/pgflibraryfpu.code.tex)
(/usr/share/texmf-dist/tex/generic/pgfplots/oldpgfcompatib/pgfplotsoldpgfsupp_p
gfutil-common-lists.tex))
(/usr/share/texmf-dist/tex/generic/pgfplots/util/pgfplotsutil.code.tex
(/usr/share/texmf-dist/tex/generic/pgfplots/liststructure/pgfplotsliststructure
.code.tex)
(/usr/share/texmf-dist/tex/generic/pgfplots/liststructure/pgfplotsliststructure
ext.code.tex)
(/usr/share/texmf-dist/tex/generic/pgfplots/liststructure/pgfplotsarray.code.te
x
\c@pgfplotsarray@tmp=\count330
)
(/usr/share/texmf-dist/tex/generic/pgfplots/liststructure/pgfplotsmatrix.code.t
ex)
(/usr/share/texmf-dist/tex/generic/pgfplots/numtable/pgfplotstableshared.code.t
ex
\c@pgfplotstable@counta=\count331
\t@pgfplotstable@a=\toks45
)
(/usr/share/texmf-dist/tex/generic/pgfplots/liststructure/pgfplotsdeque.code.te
x) (/usr/share/texmf-dist/tex/generic/pgfplots/util/pgfplotsbinary.code.tex
(/usr/share/texmf-dist/tex/generic/pgfplots/util/pgfplotsbinary.data.code.tex))
(/usr/share/texmf-dist/tex/generic/pgfplots/util/pgfplotsutil.verb.code.tex)
(/usr/share/texmf-dist/tex/generic/pgfplots/libs/pgflibrarypgfplots.surfshading
.code.tex
\c@pgfplotslibrarysurf@no=\count332

(/usr/share/texmf-dist/tex/generic/pgfplots/sys/pgflibrarypgfplots.surfshading.
pgfsys-pdftex.def)))
(/usr/share/texmf-dist/tex/generic/pgfplots/util/pgfplotscolormap.code.tex
(/usr/share/texmf-dist/tex/generic/pgfplots/util/pgfplotscolor.code.tex))
(/usr/share/texmf-dist/tex/generic/pgfplots/pgfplotsstackedplots.code.tex)
(/usr/share/texmf-dist/tex/generic/pgfplots/pgfplotsplothandlers.code.tex
(/usr/share/texmf-dist/tex/generic/pgfplots/pgfplotsmeshplothandler.code.tex
(/usr/share/texmf-dist/tex/generic/pgfplots/pgfplotsmeshplotimage.code.tex)))
(/usr/share/texmf-dist/tex/generic/pgfplots/pgfplots.scaling.code.tex)
(/usr/share/texmf-dist/tex/generic/pgfplots/pgfplotscoordprocessing.code.tex)
(/usr/share/texmf-dist/tex/generic/pgfplots/pgfplots.errorbars.code.tex)
(/usr/share/texmf-dist/tex/generic/pgfplots/pgfplots.markers.code.tex)
(/usr/share/texmf-dist/tex/generic/pgfplots/pgfplotsticks.code.tex)
(/usr/share/texmf-dist/tex/generic/pgfplots/pgfplots.paths.code.tex)
(/usr/share/texmf-dist/tex/generic/pgf/frontendlayer/tikz/libraries/tikzlibrary
decorations.code.tex
(/usr/share/texmf-dist/tex/generic/pgf/modules/pgfmoduledecorations.code.tex
\pgfdecoratedcompleteddistance=\dimen278
\pgfdecoratedremainingdistance=\dimen279
\pgfdecoratedinputsegmentcompleteddistance=\dimen280
\pgfdecoratedinputsegmentremainingdistance=\dimen281
\pgf@decorate@distancetomove=\dimen282
\pgf@decorate@repeatstate=\count333
\pgfdecorationsegmentamplitude=\dimen283
\pgfdecorationsegmentlength=\dimen284
)
\tikz@lib@dec@box=\box80
)
(/usr/share/texmf-dist/tex/generic/pgf/frontendlayer/tikz/libraries/tikzlibrary
decorations.pathmorphing.code.tex
(/usr/share/texmf-dist/tex/generic/pgf/libraries/decorations/pgflibrarydecorati
ons.pathmorphing.code.tex))
(/usr/share/texmf-dist/tex/generic/pgf/frontendlayer/tikz/libraries/tikzlibrary
decorations.pathreplacing.code.tex
(/usr/share/texmf-dist/tex/generic/pgf/libraries/decorations/pgflibrarydecorati
ons.pathreplacing.code.tex))
(/usr/share/texmf-dist/tex/generic/pgfplots/libs/tikzlibrarypgfplots.contourlua
.code.tex)
\pgfplots@numplots=\count334
\pgfplots@xmin@reg=\dimen285
\pgfplots@xmax@reg=\dimen286
\pgfplots@ymin@reg=\dimen287
\pgfplots@ymax@reg=\dimen288
\pgfplots@zmin@reg=\dimen289
\pgfplots@zmax@reg=\dimen290
)
(/usr/share/texmf-dist/tex/generic/pgf/frontendlayer/tikz/libraries/tikzlibrary
plotmarks.code.tex
File: tikzlibraryplotmarks.code.tex 2025-08-29 v3.1.11a (3.1.11a)

(/usr/share/texmf-dist/tex/generic/pgf/libraries/pgflibraryplotmarks.code.tex
File: pgflibraryplotmarks.code.tex 2025-08-29 v3.1.11a (3.1.11a)
))) (/usr/share/texmf-dist/tex/latex/tools/array.sty
Package: array 2025/09/25 v2.6n Tabular extension package (FMi)
\col@sep=\dimen291
\ar@mcellbox=\box81
\extrarowheight=\dimen292
\NC@list=\toks46
\extratabsurround=\skip55
\backup@length=\skip56
\ar@cellbox=\box82
)
(/usr/share/texmf-dist/tex/latex/hyperref/hyperref.sty
Package: hyperref 2026-01-29 v7.01p Hypertext links for LaTeX

(/usr/share/texmf-dist/tex/latex/kvsetkeys/kvsetkeys.sty
Package: kvsetkeys 2022-10-05 v1.19 Key value parser (HO)
)
(/usr/share/texmf-dist/tex/generic/kvdefinekeys/kvdefinekeys.sty
Package: kvdefinekeys 2019-12-19 v1.6 Define keys (HO)
)
(/usr/share/texmf-dist/tex/generic/pdfescape/pdfescape.sty
Package: pdfescape 2019/12/09 v1.15 Implements pdfTeX's escape features (HO)

(/usr/share/texmf-dist/tex/generic/pdftexcmds/pdftexcmds.sty
Package: pdftexcmds 2020-06-27 v0.33 Utility functions of pdfTeX for LuaTeX (HO
)
Package pdftexcmds Info: \pdf@primitive is available.
Package pdftexcmds Info: \pdf@ifprimitive is available.
Package pdftexcmds Info: \pdfdraftmode found.
))
(/usr/share/texmf-dist/tex/latex/hycolor/hycolor.sty
Package: hycolor 2020-01-27 v1.10 Color options for hyperref/bookmark (HO)
)
(/usr/share/texmf-dist/tex/latex/hyperref/nameref.sty
Package: nameref 2026-01-29 v2.58 Cross-referencing by name of section

(/usr/share/texmf-dist/tex/latex/refcount/refcount.sty
Package: refcount 2019/12/15 v3.6 Data extraction from label references (HO)
)
(/usr/share/texmf-dist/tex/generic/gettitlestring/gettitlestring.sty
Package: gettitlestring 2019/12/15 v1.6 Cleanup title references (HO)

(/usr/share/texmf-dist/tex/latex/kvoptions/kvoptions.sty
Package: kvoptions 2022-06-15 v3.15 Key value format for package options (HO)
))
\c@section@level=\count335
)
(/usr/share/texmf-dist/tex/generic/stringenc/stringenc.sty
Package: stringenc 2019/11/29 v1.12 Convert strings between diff. encodings (HO
)
)
\@linkdim=\dimen293
\Hy@linkcounter=\count336
\Hy@pagecounter=\count337

(/usr/share/texmf-dist/tex/latex/hyperref/pd1enc.def
File: pd1enc.def 2026-01-29 v7.01p Hyperref: PDFDocEncoding definition (HO)
Now handling font encoding PD1 ...
... no UTF-8 mapping file for font encoding PD1
)
(/usr/share/texmf-dist/tex/generic/intcalc/intcalc.sty
Package: intcalc 2019/12/15 v1.3 Expandable calculations with integers (HO)
)
\Hy@SavedSpaceFactor=\count338

(/usr/share/texmf-dist/tex/latex/hyperref/puenc.def
File: puenc.def 2026-01-29 v7.01p Hyperref: PDF Unicode definition (HO)
Now handling font encoding PU ...
... no UTF-8 mapping file for font encoding PU
)
Package hyperref Info: Hyper figures OFF on input line 4201.
Package hyperref Info: Link nesting OFF on input line 4206.
Package hyperref Info: Hyper index ON on input line 4209.
Package hyperref Info: Plain pages OFF on input line 4216.
Package hyperref Info: Backreferencing OFF on input line 4221.
Package hyperref Info: Implicit mode ON; LaTeX internals redefined.
Package hyperref Info: Bookmarks ON on input line 4468.
\c@Hy@tempcnt=\count339

(/usr/share/texmf-dist/tex/latex/url/url.sty
\Urlmuskip=\muskip18
Package: url 2013/09/16  ver 3.4  Verb mode for urls, etc.
)
LaTeX Info: Redefining \url on input line 4807.
\XeTeXLinkMargin=\dimen294

(/usr/share/texmf-dist/tex/generic/bitset/bitset.sty
Package: bitset 2019/12/09 v1.3 Handle bit-vector datatype (HO)

(/usr/share/texmf-dist/tex/generic/bigintcalc/bigintcalc.sty
Package: bigintcalc 2019/12/15 v1.5 Expandable calculations on big integers (HO
)
))
\Fld@menulength=\count340
\Field@Width=\dimen295
\Fld@charsize=\dimen296
Package hyperref Info: Hyper figures OFF on input line 6084.
Package hyperref Info: Link nesting OFF on input line 6089.
Package hyperref Info: Hyper index ON on input line 6092.
Package hyperref Info: backreferencing OFF on input line 6099.
Package hyperref Info: Link coloring OFF on input line 6104.
Package hyperref Info: Link coloring with OCG OFF on input line 6109.
Package hyperref Info: PDF/A mode OFF on input line 6114.
\Hy@abspage=\count341
\c@Item=\count342
\c@Hfootnote=\count343
)
Package hyperref Info: Driver (autodetected): hpdftex.

(/usr/share/texmf-dist/tex/latex/hyperref/hpdftex.def
File: hpdftex.def 2026-01-29 v7.01p Hyperref driver for pdfTeX
\Fld@listcount=\count344
\c@bookmark@seq@number=\count345

(/usr/share/texmf-dist/tex/latex/rerunfilecheck/rerunfilecheck.sty
Package: rerunfilecheck 2025-06-21 v1.11 Rerun checks for auxiliary files (HO)

(/usr/share/texmf-dist/tex/generic/uniquecounter/uniquecounter.sty
Package: uniquecounter 2019/12/15 v1.4 Provide unlimited unique counter (HO)
)
Package uniquecounter Info: New unique counter `rerunfilecheck' on input line 2
84.
)
\Hy@SectionHShift=\skip57
))
(/usr/share/texmf-dist/tex/latex/pdfpages/pdfpages.sty
Package: pdfpages 2025/07/23 v0.6g Insert pages of external PDF documents (AM)

(/usr/share/texmf-dist/tex/latex/base/ifthen.sty
Package: ifthen 2024/03/16 v1.1e Standard LaTeX ifthen package (DPC)
)
(/usr/share/texmf-dist/tex/latex/tools/calc.sty
Package: calc 2025/03/01 v4.3b Infix arithmetic (KKT,FJ)
\calc@Acount=\count346
\calc@Bcount=\count347
\calc@Adimen=\dimen297
\calc@Bdimen=\dimen298
\calc@Askip=\skip58
\calc@Bskip=\skip59
LaTeX Info: Redefining \setlength on input line 86.
LaTeX Info: Redefining \addtolength on input line 87.
\calc@Ccount=\count348
\calc@Cskip=\skip60
)
(/usr/share/texmf-dist/tex/latex/eso-pic/eso-pic.sty
Package: eso-pic 2025/12/10 v3.0d eso-pic (RN)
\ESO@tempdima=\dimen299
\ESO@tempdimb=\dimen300
)
\AM@pagewidth=\dimen301
\AM@pageheight=\dimen302
\AM@fboxrule=\dimen303

(/usr/share/texmf-dist/tex/latex/pdfpages/pppdftex.def
File: pppdftex.def 2025/07/23 v0.6g Pdfpages driver for pdfTeX (AM)
)
\pdfpages@includegraphics@status=\count349
\AM@pagebox=\box83
\AM@global@opts=\toks47
\AM@pagecnt=\count350
\AM@toc@title=\toks48
\AM@lof@heading=\toks49
\c@AM@survey=\count351
\AM@templatesizebox=\box84
)
(/usr/share/texmf-dist/tex/latex/l3backend/l3backend-pdftex.def
File: l3backend-pdftex.def 2025-10-09 L3 backend support: PDF output (pdfTeX)
\l__color_backend_stack_int=\count352
)
(./solucionario-practica-probabilidad.aux
LaTeX Info: Redefining \. on input line 11.
LaTeX Info: Redefining \% on input line 11.
Package babel Info: 'spanish' activates 'spanish' shorthands.
(babel)             Reported on input line 11.
)
\openout1 = `solucionario-practica-probabilidad.aux'.

LaTeX Font Info:    Checking defaults for OML/cmm/m/it on input line 10.
LaTeX Font Info:    ... okay on input line 10.
LaTeX Font Info:    Checking defaults for OMS/cmsy/m/n on input line 10.
LaTeX Font Info:    ... okay on input line 10.
LaTeX Font Info:    Checking defaults for OT1/cmr/m/n on input line 10.
LaTeX Font Info:    ... okay on input line 10.
LaTeX Font Info:    Checking defaults for T1/cmr/m/n on input line 10.
LaTeX Font Info:    ... okay on input line 10.
LaTeX Font Info:    Checking defaults for TS1/cmr/m/n on input line 10.
LaTeX Font Info:    ... okay on input line 10.
LaTeX Font Info:    Checking defaults for OMX/cmex/m/n on input line 10.
LaTeX Font Info:    ... okay on input line 10.
LaTeX Font Info:    Checking defaults for U/cmr/m/n on input line 10.
LaTeX Font Info:    ... okay on input line 10.
LaTeX Font Info:    Checking defaults for PD1/pdf/m/n on input line 10.
LaTeX Font Info:    ... okay on input line 10.
LaTeX Font Info:    Checking defaults for PU/pdf/m/n on input line 10.
LaTeX Font Info:    ... okay on input line 10.
LaTeX Info: Redefining \. on input line 10.
LaTeX Info: Redefining \% on input line 10.

*geometry* driver: auto-detecting
*geometry* detected driver: pdftex
*geometry* verbose mode - [ preamble ] result:
* driver: pdftex
* paper: <default>
* layout: <same size as paper>
* layoutoffset:(h,v)=(0.0pt,0.0pt)
* modes: 
* h-part:(L,W,R)=(65.44142pt, 483.41216pt, 65.44142pt)
* v-part:(T,H,B)=(65.44142pt, 664.08714pt, 65.44142pt)
* \paperwidth=614.295pt
* \paperheight=794.96999pt
* \textwidth=483.41216pt
* \textheight=664.08714pt
* \oddsidemargin=-6.82857pt
* \evensidemargin=-6.82857pt
* \topmargin=-43.82857pt
* \headheight=12.0pt
* \headsep=25.0pt
* \topskip=11.0pt
* \footskip=30.0pt
* \marginparwidth=59.0pt
* \marginparsep=10.0pt
* \columnsep=10.0pt
* \skip\footins=10.0pt plus 4.0pt minus 2.0pt
* \hoffset=0.0pt
* \voffset=0.0pt
* \mag=1000
* \@twocolumnfalse
* \@twosidefalse
* \@mparswitchfalse
* \@reversemarginfalse
* (1in=72.27pt=25.4mm, 1cm=28.453pt)

(/usr/share/texmf-dist/tex/context/base/mkii/supp-pdf.mkii
[Loading MPS to PDF converter (version 2006.09.02).]
\scratchcounter=\count353
\scratchdimen=\dimen304
\scratchbox=\box85
\nofMPsegments=\count354
\nofMParguments=\count355
\everyMPshowfont=\toks50
\MPscratchCnt=\count356
\MPscratchDim=\dimen305
\MPnumerator=\count357
\makeMPintoPDFobject=\count358
\everyMPtoPDFconversion=\toks51
) (/usr/share/texmf-dist/tex/latex/epstopdf-pkg/epstopdf-base.sty
Package: epstopdf-base 2020-01-24 v2.11 Base part for package epstopdf
Package epstopdf-base Info: Redefining graphics rule for `.eps' on input line 4
85.

(/usr/share/texmf-dist/tex/latex/latexconfig/epstopdf-sys.cfg
File: epstopdf-sys.cfg 2010/07/13 v1.3 Configuration of (r)epstopdf for TeX Liv
e
))
Package pgfplots notification 'compat/show suggested version=true': document ha
s been generated with the most recent feature set (\pgfplotsset{compat=1.18}).

Package hyperref Info: Link coloring OFF on input line 10.
(./solucionario-practica-probabilidad.out)
(./solucionario-practica-probabilidad.out)
\@outlinefile=\write4
\openout4 = `solucionario-practica-probabilidad.out'.


(/usr/share/texmf-dist/tex/latex/pdflscape/pdflscape.sty
Package: pdflscape 2025-06-23 v0.14 Display of landscape pages in PDF

(/usr/share/texmf-dist/tex/latex/pdflscape/pdflscape-nometadata.sty
Package: pdflscape-nometadata 2025-06-23 v0.14 Display of landscape pages in PD
F (HO)

(/usr/share/texmf-dist/tex/latex/graphics/lscape.sty
Package: lscape 2020/05/28 v3.02 Landscape Pages (DPC)
)
Package pdflscape Info: Auto-detected driver: pdftex on input line 81.
))
LaTeX Font Info:    Trying to load font information for U+msa on input line 12.


(/usr/share/texmf-dist/tex/latex/amsfonts/umsa.fd
File: umsa.fd 2013/01/14 v3.01 AMS symbols A
)
LaTeX Font Info:    Trying to load font information for U+msb on input line 12.


(/usr/share/texmf-dist/tex/latex/amsfonts/umsb.fd
File: umsb.fd 2013/01/14 v3.01 AMS symbols B
)
(./solucionario-practica-probabilidad.toc
LaTeX Info: Redefining \. on input line 1.
LaTeX Info: Redefining \% on input line 1.
)
\tf@toc=\write5
\openout5 = `solucionario-practica-probabilidad.toc'.

 [1

{/var/lib/texmf/fonts/map/pdftex/updmap/pdftex.map}]
<../pdf/parte01_conjuntos_operaciones.pdf, id=78, 614.295pt x 794.97pt>
File: ../pdf/parte01_conjuntos_operaciones.pdf Graphic file (type pdf)
<use ../pdf/parte01_conjuntos_operaciones.pdf>
Package pdftex.def Info: ../pdf/parte01_conjuntos_operaciones.pdf  used on inpu
t line 15.
(pdftex.def)             Requested size: 614.29349pt x 794.96806pt.
<../pdf/parte01_conjuntos_operaciones.pdf, id=80, page=1, 614.295pt x 794.97pt>

File: ../pdf/parte01_conjuntos_operaciones.pdf Graphic file (type pdf)
<use ../pdf/parte01_conjuntos_operaciones.pdf, page 1>
Package pdftex.def Info: ../pdf/parte01_conjuntos_operaciones.pdf , page1 used 
on input line 15.
(pdftex.def)             Requested size: 614.29349pt x 794.96806pt.
File: ../pdf/parte01_conjuntos_operaciones.pdf Graphic file (type pdf)
<use ../pdf/parte01_conjuntos_operaciones.pdf, page 1>
Package pdftex.def Info: ../pdf/parte01_conjuntos_operaciones.pdf , page1 used 
on input line 15.
(pdftex.def)             Requested size: 614.58406pt x 795.3441pt.
File: ../pdf/parte01_conjuntos_operaciones.pdf Graphic file (type pdf)
<use ../pdf/parte01_conjuntos_operaciones.pdf, page 1>
Package pdftex.def Info: ../pdf/parte01_conjuntos_operaciones.pdf , page1 used 
on input line 15.
(pdftex.def)             Requested size: 614.58406pt x 795.3441pt.
File: ../pdf/parte01_conjuntos_operaciones.pdf Graphic file (type pdf)
<use ../pdf/parte01_conjuntos_operaciones.pdf, page 1>
Package pdftex.def Info: ../pdf/parte01_conjuntos_operaciones.pdf , page1 used 
on input line 15.
(pdftex.def)             Requested size: 614.58406pt x 795.3441pt.
File: ../pdf/parte01_conjuntos_operaciones.pdf Graphic file (type pdf)
<use ../pdf/parte01_conjuntos_operaciones.pdf, page 1>
Package pdftex.def Info: ../pdf/parte01_conjuntos_operaciones.pdf , page1 used 
on input line 15.
(pdftex.def)             Requested size: 614.58406pt x 795.3441pt.
 [2

 <../pdf/parte01_conjuntos_operaciones.pdf>]
<../pdf/parte01_conjuntos_operaciones.pdf, id=152, page=2, 614.295pt x 794.97pt
>
File: ../pdf/parte01_conjuntos_operaciones.pdf Graphic file (type pdf)
<use ../pdf/parte01_conjuntos_operaciones.pdf, page 2>
Package pdftex.def Info: ../pdf/parte01_conjuntos_operaciones.pdf , page2 used 
on input line 15.
(pdftex.def)             Requested size: 614.58406pt x 795.3441pt.
File: ../pdf/parte01_conjuntos_operaciones.pdf Graphic file (type pdf)
<use ../pdf/parte01_conjuntos_operaciones.pdf, page 2>
Package pdftex.def Info: ../pdf/parte01_conjuntos_operaciones.pdf , page2 used 
on input line 15.
(pdftex.def)             Requested size: 614.58406pt x 795.3441pt.
File: ../pdf/parte01_conjuntos_operaciones.pdf Graphic file (type pdf)
<use ../pdf/parte01_conjuntos_operaciones.pdf, page 2>
Package pdftex.def Info: ../pdf/parte01_conjuntos_operaciones.pdf , page2 used 
on input line 15.
(pdftex.def)             Requested size: 614.58406pt x 795.3441pt.
 [3

 <../pdf/parte01_conjuntos_operaciones.pdf>]
<../pdf/parte01_conjuntos_operaciones.pdf, id=157, page=3, 614.295pt x 794.97pt
>
File: ../pdf/parte01_conjuntos_operaciones.pdf Graphic file (type pdf)
<use ../pdf/parte01_conjuntos_operaciones.pdf, page 3>
Package pdftex.def Info: ../pdf/parte01_conjuntos_operaciones.pdf , page3 used 
on input line 15.
(pdftex.def)             Requested size: 614.58406pt x 795.3441pt.
File: ../pdf/parte01_conjuntos_operaciones.pdf Graphic file (type pdf)
<use ../pdf/parte01_conjuntos_operaciones.pdf, page 3>
Package pdftex.def Info: ../pdf/parte01_conjuntos_operaciones.pdf , page3 used 
on input line 15.
(pdftex.def)             Requested size: 614.58406pt x 795.3441pt.
File: ../pdf/parte01_conjuntos_operaciones.pdf Graphic file (type pdf)
<use ../pdf/parte01_conjuntos_operaciones.pdf, page 3>
Package pdftex.def Info: ../pdf/parte01_conjuntos_operaciones.pdf , page3 used 
on input line 15.
(pdftex.def)             Requested size: 614.58406pt x 795.3441pt.
 [4

 <../pdf/parte01_conjuntos_operaciones.pdf>]
<../pdf/parte01_conjuntos_operaciones.pdf, id=168, page=4, 614.295pt x 794.97pt
>
File: ../pdf/parte01_conjuntos_operaciones.pdf Graphic file (type pdf)
<use ../pdf/parte01_conjuntos_operaciones.pdf, page 4>
Package pdftex.def Info: ../pdf/parte01_conjuntos_operaciones.pdf , page4 used 
on input line 15.
(pdftex.def)             Requested size: 614.58406pt x 795.3441pt.
File: ../pdf/parte01_conjuntos_operaciones.pdf Graphic file (type pdf)
<use ../pdf/parte01_conjuntos_operaciones.pdf, page 4>
Package pdftex.def Info: ../pdf/parte01_conjuntos_operaciones.pdf , page4 used 
on input line 15.
(pdftex.def)             Requested size: 614.58406pt x 795.3441pt.
File: ../pdf/parte01_conjuntos_operaciones.pdf Graphic file (type pdf)
<use ../pdf/parte01_conjuntos_operaciones.pdf, page 4>
Package pdftex.def Info: ../pdf/parte01_conjuntos_operaciones.pdf , page4 used 
on input line 15.
(pdftex.def)             Requested size: 614.58406pt x 795.3441pt.
 [5

 <../pdf/parte01_conjuntos_operaciones.pdf>]
<../pdf/parte01_conjuntos_operaciones.pdf, id=173, page=5, 614.295pt x 794.97pt
>
File: ../pdf/parte01_conjuntos_operaciones.pdf Graphic file (type pdf)
<use ../pdf/parte01_conjuntos_operaciones.pdf, page 5>
Package pdftex.def Info: ../pdf/parte01_conjuntos_operaciones.pdf , page5 used 
on input line 15.
(pdftex.def)             Requested size: 614.58406pt x 795.3441pt.
File: ../pdf/parte01_conjuntos_operaciones.pdf Graphic file (type pdf)
<use ../pdf/parte01_conjuntos_operaciones.pdf, page 5>
Package pdftex.def Info: ../pdf/parte01_conjuntos_operaciones.pdf , page5 used 
on input line 15.
(pdftex.def)             Requested size: 614.58406pt x 795.3441pt.
File: ../pdf/parte01_conjuntos_operaciones.pdf Graphic file (type pdf)
<use ../pdf/parte01_conjuntos_operaciones.pdf, page 5>
Package pdftex.def Info: ../pdf/parte01_conjuntos_operaciones.pdf , page5 used 
on input line 15.
(pdftex.def)             Requested size: 614.58406pt x 795.3441pt.
 [6

 <../pdf/parte01_conjuntos_operaciones.pdf>]
<../pdf/parte01_conjuntos_operaciones.pdf, id=178, page=6, 614.295pt x 794.97pt
>
File: ../pdf/parte01_conjuntos_operaciones.pdf Graphic file (type pdf)
<use ../pdf/parte01_conjuntos_operaciones.pdf, page 6>
Package pdftex.def Info: ../pdf/parte01_conjuntos_operaciones.pdf , page6 used 
on input line 15.
(pdftex.def)             Requested size: 614.58406pt x 795.3441pt.
File: ../pdf/parte01_conjuntos_operaciones.pdf Graphic file (type pdf)
<use ../pdf/parte01_conjuntos_operaciones.pdf, page 6>
Package pdftex.def Info: ../pdf/parte01_conjuntos_operaciones.pdf , page6 used 
on input line 15.
(pdftex.def)             Requested size: 614.58406pt x 795.3441pt.
File: ../pdf/parte01_conjuntos_operaciones.pdf Graphic file (type pdf)
<use ../pdf/parte01_conjuntos_operaciones.pdf, page 6>
Package pdftex.def Info: ../pdf/parte01_conjuntos_operaciones.pdf , page6 used 
on input line 15.
(pdftex.def)             Requested size: 614.58406pt x 795.3441pt.
 [7

 <../pdf/parte01_conjuntos_operaciones.pdf>]
<../pdf/parte01_conjuntos_operaciones.pdf, id=184, page=7, 614.295pt x 794.97pt
>
File: ../pdf/parte01_conjuntos_operaciones.pdf Graphic file (type pdf)
<use ../pdf/parte01_conjuntos_operaciones.pdf, page 7>
Package pdftex.def Info: ../pdf/parte01_conjuntos_operaciones.pdf , page7 used 
on input line 15.
(pdftex.def)             Requested size: 614.58406pt x 795.3441pt.
File: ../pdf/parte01_conjuntos_operaciones.pdf Graphic file (type pdf)
<use ../pdf/parte01_conjuntos_operaciones.pdf, page 7>
Package pdftex.def Info: ../pdf/parte01_conjuntos_operaciones.pdf , page7 used 
on input line 15.
(pdftex.def)             Requested size: 614.58406pt x 795.3441pt.
File: ../pdf/parte01_conjuntos_operaciones.pdf Graphic file (type pdf)
<use ../pdf/parte01_conjuntos_operaciones.pdf, page 7>
Package pdftex.def Info: ../pdf/parte01_conjuntos_operaciones.pdf , page7 used 
on input line 15.
(pdftex.def)             Requested size: 614.58406pt x 795.3441pt.
 [8

 <../pdf/parte01_conjuntos_operaciones.pdf>]
<../pdf/parte01_conjuntos_operaciones.pdf, id=190, page=8, 614.295pt x 794.97pt
>
File: ../pdf/parte01_conjuntos_operaciones.pdf Graphic file (type pdf)
<use ../pdf/parte01_conjuntos_operaciones.pdf, page 8>
Package pdftex.def Info: ../pdf/parte01_conjuntos_operaciones.pdf , page8 used 
on input line 15.
(pdftex.def)             Requested size: 614.58406pt x 795.3441pt.
File: ../pdf/parte01_conjuntos_operaciones.pdf Graphic file (type pdf)
<use ../pdf/parte01_conjuntos_operaciones.pdf, page 8>
Package pdftex.def Info: ../pdf/parte01_conjuntos_operaciones.pdf , page8 used 
on input line 15.
(pdftex.def)             Requested size: 614.58406pt x 795.3441pt.
File: ../pdf/parte01_conjuntos_operaciones.pdf Graphic file (type pdf)
<use ../pdf/parte01_conjuntos_operaciones.pdf, page 8>
Package pdftex.def Info: ../pdf/parte01_conjuntos_operaciones.pdf , page8 used 
on input line 15.
(pdftex.def)             Requested size: 614.58406pt x 795.3441pt.
 [9

 <../pdf/parte01_conjuntos_operaciones.pdf>]
<../pdf/parte01_conjuntos_operaciones.pdf, id=195, page=9, 614.295pt x 794.97pt
>
File: ../pdf/parte01_conjuntos_operaciones.pdf Graphic file (type pdf)
<use ../pdf/parte01_conjuntos_operaciones.pdf, page 9>
Package pdftex.def Info: ../pdf/parte01_conjuntos_operaciones.pdf , page9 used 
on input line 15.
(pdftex.def)             Requested size: 614.58406pt x 795.3441pt.
File: ../pdf/parte01_conjuntos_operaciones.pdf Graphic file (type pdf)
<use ../pdf/parte01_conjuntos_operaciones.pdf, page 9>
Package pdftex.def Info: ../pdf/parte01_conjuntos_operaciones.pdf , page9 used 
on input line 15.
(pdftex.def)             Requested size: 614.58406pt x 795.3441pt.
File: ../pdf/parte01_conjuntos_operaciones.pdf Graphic file (type pdf)
<use ../pdf/parte01_conjuntos_operaciones.pdf, page 9>
Package pdftex.def Info: ../pdf/parte01_conjuntos_operaciones.pdf , page9 used 
on input line 15.
(pdftex.def)             Requested size: 614.58406pt x 795.3441pt.

[10

 <../pdf/parte01_conjuntos_operaciones.pdf>]
<../pdf/parte01_conjuntos_operaciones.pdf, id=206, page=10, 614.295pt x 794.97p
t>
File: ../pdf/parte01_conjuntos_operaciones.pdf Graphic file (type pdf)
<use ../pdf/parte01_conjuntos_operaciones.pdf, page 10>
Package pdftex.def Info: ../pdf/parte01_conjuntos_operaciones.pdf , page10 used
 on input line 15.
(pdftex.def)             Requested size: 614.58406pt x 795.3441pt.
File: ../pdf/parte01_conjuntos_operaciones.pdf Graphic file (type pdf)
<use ../pdf/parte01_conjuntos_operaciones.pdf, page 10>
Package pdftex.def Info: ../pdf/parte01_conjuntos_operaciones.pdf , page10 used
 on input line 15.
(pdftex.def)             Requested size: 614.58406pt x 795.3441pt.
File: ../pdf/parte01_conjuntos_operaciones.pdf Graphic file (type pdf)
<use ../pdf/parte01_conjuntos_operaciones.pdf, page 10>
Package pdftex.def Info: ../pdf/parte01_conjuntos_operaciones.pdf , page10 used
 on input line 15.
(pdftex.def)             Requested size: 614.58406pt x 795.3441pt.
 [11

 <../pdf/parte01_conjuntos_operaciones.pdf>]
<../pdf/parte01_conjuntos_operaciones.pdf, id=211, page=11, 614.295pt x 794.97p
t>
File: ../pdf/parte01_conjuntos_operaciones.pdf Graphic file (type pdf)
<use ../pdf/parte01_conjuntos_operaciones.pdf, page 11>
Package pdftex.def Info: ../pdf/parte01_conjuntos_operaciones.pdf , page11 used
 on input line 15.
(pdftex.def)             Requested size: 614.58406pt x 795.3441pt.
File: ../pdf/parte01_conjuntos_operaciones.pdf Graphic file (type pdf)
<use ../pdf/parte01_conjuntos_operaciones.pdf, page 11>
Package pdftex.def Info: ../pdf/parte01_conjuntos_operaciones.pdf , page11 used
 on input line 15.
(pdftex.def)             Requested size: 614.58406pt x 795.3441pt.
File: ../pdf/parte01_conjuntos_operaciones.pdf Graphic file (type pdf)
<use ../pdf/parte01_conjuntos_operaciones.pdf, page 11>
Package pdftex.def Info: ../pdf/parte01_conjuntos_operaciones.pdf , page11 used
 on input line 15.
(pdftex.def)             Requested size: 614.58406pt x 795.3441pt.
 [12

 <../pdf/parte01_conjuntos_operaciones.pdf>]
<../pdf/parte01_conjuntos_operaciones.pdf, id=222, page=12, 614.295pt x 794.97p
t>
File: ../pdf/parte01_conjuntos_operaciones.pdf Graphic file (type pdf)
<use ../pdf/parte01_conjuntos_operaciones.pdf, page 12>
Package pdftex.def Info: ../pdf/parte01_conjuntos_operaciones.pdf , page12 used
 on input line 15.
(pdftex.def)             Requested size: 614.58406pt x 795.3441pt.
File: ../pdf/parte01_conjuntos_operaciones.pdf Graphic file (type pdf)
<use ../pdf/parte01_conjuntos_operaciones.pdf, page 12>
Package pdftex.def Info: ../pdf/parte01_conjuntos_operaciones.pdf , page12 used
 on input line 15.
(pdftex.def)             Requested size: 614.58406pt x 795.3441pt.
File: ../pdf/parte01_conjuntos_operaciones.pdf Graphic file (type pdf)
<use ../pdf/parte01_conjuntos_operaciones.pdf, page 12>
Package pdftex.def Info: ../pdf/parte01_conjuntos_operaciones.pdf , page12 used
 on input line 15.
(pdftex.def)             Requested size: 614.58406pt x 795.3441pt.
 [13

 <../pdf/parte01_conjuntos_operaciones.pdf>]
<../pdf/parte01_conjuntos_operaciones.pdf, id=228, page=13, 614.295pt x 794.97p
t>
File: ../pdf/parte01_conjuntos_operaciones.pdf Graphic file (type pdf)
<use ../pdf/parte01_conjuntos_operaciones.pdf, page 13>
Package pdftex.def Info: ../pdf/parte01_conjuntos_operaciones.pdf , page13 used
 on input line 15.
(pdftex.def)             Requested size: 614.58406pt x 795.3441pt.
File: ../pdf/parte01_conjuntos_operaciones.pdf Graphic file (type pdf)
<use ../pdf/parte01_conjuntos_operaciones.pdf, page 13>
Package pdftex.def Info: ../pdf/parte01_conjuntos_operaciones.pdf , page13 used
 on input line 15.
(pdftex.def)             Requested size: 614.58406pt x 795.3441pt.
File: ../pdf/parte01_conjuntos_operaciones.pdf Graphic file (type pdf)
<use ../pdf/parte01_conjuntos_operaciones.pdf, page 13>
Package pdftex.def Info: ../pdf/parte01_conjuntos_operaciones.pdf , page13 used
 on input line 15.
(pdftex.def)             Requested size: 614.58406pt x 795.3441pt.
 [14

 <../pdf/parte01_conjuntos_operaciones.pdf>]
<../pdf/parte01_conjuntos_operaciones.pdf, id=233, page=14, 614.295pt x 794.97p
t>
File: ../pdf/parte01_conjuntos_operaciones.pdf Graphic file (type pdf)
<use ../pdf/parte01_conjuntos_operaciones.pdf, page 14>
Package pdftex.def Info: ../pdf/parte01_conjuntos_operaciones.pdf , page14 used
 on input line 15.
(pdftex.def)             Requested size: 614.58406pt x 795.3441pt.
File: ../pdf/parte01_conjuntos_operaciones.pdf Graphic file (type pdf)
<use ../pdf/parte01_conjuntos_operaciones.pdf, page 14>
Package pdftex.def Info: ../pdf/parte01_conjuntos_operaciones.pdf , page14 used
 on input line 15.
(pdftex.def)             Requested size: 614.58406pt x 795.3441pt.
File: ../pdf/parte01_conjuntos_operaciones.pdf Graphic file (type pdf)
<use ../pdf/parte01_conjuntos_operaciones.pdf, page 14>
Package pdftex.def Info: ../pdf/parte01_conjuntos_operaciones.pdf , page14 used
 on input line 15.
(pdftex.def)             Requested size: 614.58406pt x 795.3441pt.
 [15

 <../pdf/parte01_conjuntos_operaciones.pdf>]
<../pdf/parte01_conjuntos_operaciones.pdf, id=238, page=15, 614.295pt x 794.97p
t>
File: ../pdf/parte01_conjuntos_operaciones.pdf Graphic file (type pdf)
<use ../pdf/parte01_conjuntos_operaciones.pdf, page 15>
Package pdftex.def Info: ../pdf/parte01_conjuntos_operaciones.pdf , page15 used
 on input line 15.
(pdftex.def)             Requested size: 614.58406pt x 795.3441pt.
File: ../pdf/parte01_conjuntos_operaciones.pdf Graphic file (type pdf)
<use ../pdf/parte01_conjuntos_operaciones.pdf, page 15>
Package pdftex.def Info: ../pdf/parte01_conjuntos_operaciones.pdf , page15 used
 on input line 15.
(pdftex.def)             Requested size: 614.58406pt x 795.3441pt.
File: ../pdf/parte01_conjuntos_operaciones.pdf Graphic file (type pdf)
<use ../pdf/parte01_conjuntos_operaciones.pdf, page 15>
Package pdftex.def Info: ../pdf/parte01_conjuntos_operaciones.pdf , page15 used
 on input line 15.
(pdftex.def)             Requested size: 614.58406pt x 795.3441pt.
 [16

 <../pdf/parte01_conjuntos_operaciones.pdf>]
<../pdf/parte01_conjuntos_operaciones.pdf, id=243, page=16, 614.295pt x 794.97p
t>
File: ../pdf/parte01_conjuntos_operaciones.pdf Graphic file (type pdf)
<use ../pdf/parte01_conjuntos_operaciones.pdf, page 16>
Package pdftex.def Info: ../pdf/parte01_conjuntos_operaciones.pdf , page16 used
 on input line 15.
(pdftex.def)             Requested size: 614.58406pt x 795.3441pt.
File: ../pdf/parte01_conjuntos_operaciones.pdf Graphic file (type pdf)
<use ../pdf/parte01_conjuntos_operaciones.pdf, page 16>
Package pdftex.def Info: ../pdf/parte01_conjuntos_operaciones.pdf , page16 used
 on input line 15.
(pdftex.def)             Requested size: 614.58406pt x 795.3441pt.
File: ../pdf/parte01_conjuntos_operaciones.pdf Graphic file (type pdf)
<use ../pdf/parte01_conjuntos_operaciones.pdf, page 16>
Package pdftex.def Info: ../pdf/parte01_conjuntos_operaciones.pdf , page16 used
 on input line 15.
(pdftex.def)             Requested size: 614.58406pt x 795.3441pt.
 [17

 <../pdf/parte01_conjuntos_operaciones.pdf>]
<../pdf/parte01_conjuntos_operaciones.pdf, id=248, page=17, 614.295pt x 794.97p
t>
File: ../pdf/parte01_conjuntos_operaciones.pdf Graphic file (type pdf)
<use ../pdf/parte01_conjuntos_operaciones.pdf, page 17>
Package pdftex.def Info: ../pdf/parte01_conjuntos_operaciones.pdf , page17 used
 on input line 15.
(pdftex.def)             Requested size: 614.58406pt x 795.3441pt.
File: ../pdf/parte01_conjuntos_operaciones.pdf Graphic file (type pdf)
<use ../pdf/parte01_conjuntos_operaciones.pdf, page 17>
Package pdftex.def Info: ../pdf/parte01_conjuntos_operaciones.pdf , page17 used
 on input line 15.
(pdftex.def)             Requested size: 614.58406pt x 795.3441pt.
File: ../pdf/parte01_conjuntos_operaciones.pdf Graphic file (type pdf)
<use ../pdf/parte01_conjuntos_operaciones.pdf, page 17>
Package pdftex.def Info: ../pdf/parte01_conjuntos_operaciones.pdf , page17 used
 on input line 15.
(pdftex.def)             Requested size: 614.58406pt x 795.3441pt.
 [18

 <../pdf/parte01_conjuntos_operaciones.pdf>]
<../pdf/parte01_conjuntos_operaciones.pdf, id=253, page=18, 614.295pt x 794.97p
t>
File: ../pdf/parte01_conjuntos_operaciones.pdf Graphic file (type pdf)
<use ../pdf/parte01_conjuntos_operaciones.pdf, page 18>
Package pdftex.def Info: ../pdf/parte01_conjuntos_operaciones.pdf , page18 used
 on input line 15.
(pdftex.def)             Requested size: 614.58406pt x 795.3441pt.
File: ../pdf/parte01_conjuntos_operaciones.pdf Graphic file (type pdf)
<use ../pdf/parte01_conjuntos_operaciones.pdf, page 18>
Package pdftex.def Info: ../pdf/parte01_conjuntos_operaciones.pdf , page18 used
 on input line 15.
(pdftex.def)             Requested size: 614.58406pt x 795.3441pt.
File: ../pdf/parte01_conjuntos_operaciones.pdf Graphic file (type pdf)
<use ../pdf/parte01_conjuntos_operaciones.pdf, page 18>
Package pdftex.def Info: ../pdf/parte01_conjuntos_operaciones.pdf , page18 used
 on input line 15.
(pdftex.def)             Requested size: 614.58406pt x 795.3441pt.
 [19

 <../pdf/parte01_conjuntos_operaciones.pdf>]
<../pdf/parte01_conjuntos_operaciones.pdf, id=259, page=19, 614.295pt x 794.97p
t>
File: ../pdf/parte01_conjuntos_operaciones.pdf Graphic file (type pdf)
<use ../pdf/parte01_conjuntos_operaciones.pdf, page 19>
Package pdftex.def Info: ../pdf/parte01_conjuntos_operaciones.pdf , page19 used
 on input line 15.
(pdftex.def)             Requested size: 614.58406pt x 795.3441pt.
File: ../pdf/parte01_conjuntos_operaciones.pdf Graphic file (type pdf)
<use ../pdf/parte01_conjuntos_operaciones.pdf, page 19>
Package pdftex.def Info: ../pdf/parte01_conjuntos_operaciones.pdf , page19 used
 on input line 15.
(pdftex.def)             Requested size: 614.58406pt x 795.3441pt.
File: ../pdf/parte01_conjuntos_operaciones.pdf Graphic file (type pdf)
<use ../pdf/parte01_conjuntos_operaciones.pdf, page 19>
Package pdftex.def Info: ../pdf/parte01_conjuntos_operaciones.pdf , page19 used
 on input line 15.
(pdftex.def)             Requested size: 614.58406pt x 795.3441pt.
 [20

 <../pdf/parte01_conjuntos_operaciones.pdf>]
<../pdf/parte01_conjuntos_operaciones.pdf, id=264, page=20, 614.295pt x 794.97p
t>
File: ../pdf/parte01_conjuntos_operaciones.pdf Graphic file (type pdf)
<use ../pdf/parte01_conjuntos_operaciones.pdf, page 20>
Package pdftex.def Info: ../pdf/parte01_conjuntos_operaciones.pdf , page20 used
 on input line 15.
(pdftex.def)             Requested size: 614.58406pt x 795.3441pt.
File: ../pdf/parte01_conjuntos_operaciones.pdf Graphic file (type pdf)
<use ../pdf/parte01_conjuntos_operaciones.pdf, page 20>
Package pdftex.def Info: ../pdf/parte01_conjuntos_operaciones.pdf , page20 used
 on input line 15.
(pdftex.def)             Requested size: 614.58406pt x 795.3441pt.
File: ../pdf/parte01_conjuntos_operaciones.pdf Graphic file (type pdf)
<use ../pdf/parte01_conjuntos_operaciones.pdf, page 20>
Package pdftex.def Info: ../pdf/parte01_conjuntos_operaciones.pdf , page20 used
 on input line 15.
(pdftex.def)             Requested size: 614.58406pt x 795.3441pt.
 [21

 <../pdf/parte01_conjuntos_operaciones.pdf>]
<../pdf/parte01_conjuntos_operaciones.pdf, id=269, page=21, 614.295pt x 794.97p
t>
File: ../pdf/parte01_conjuntos_operaciones.pdf Graphic file (type pdf)
<use ../pdf/parte01_conjuntos_operaciones.pdf, page 21>
Package pdftex.def Info: ../pdf/parte01_conjuntos_operaciones.pdf , page21 used
 on input line 15.
(pdftex.def)             Requested size: 614.58406pt x 795.3441pt.
File: ../pdf/parte01_conjuntos_operaciones.pdf Graphic file (type pdf)
<use ../pdf/parte01_conjuntos_operaciones.pdf, page 21>
Package pdftex.def Info: ../pdf/parte01_conjuntos_operaciones.pdf , page21 used
 on input line 15.
(pdftex.def)             Requested size: 614.58406pt x 795.3441pt.
File: ../pdf/parte01_conjuntos_operaciones.pdf Graphic file (type pdf)
<use ../pdf/parte01_conjuntos_operaciones.pdf, page 21>
Package pdftex.def Info: ../pdf/parte01_conjuntos_operaciones.pdf , page21 used
 on input line 15.
(pdftex.def)             Requested size: 614.58406pt x 795.3441pt.
 [22

 <../pdf/parte01_conjuntos_operaciones.pdf>]
<../pdf/parte01_conjuntos_operaciones.pdf, id=274, page=22, 614.295pt x 794.97p
t>
File: ../pdf/parte01_conjuntos_operaciones.pdf Graphic file (type pdf)
<use ../pdf/parte01_conjuntos_operaciones.pdf, page 22>
Package pdftex.def Info: ../pdf/parte01_conjuntos_operaciones.pdf , page22 used
 on input line 15.
(pdftex.def)             Requested size: 614.58406pt x 795.3441pt.
File: ../pdf/parte01_conjuntos_operaciones.pdf Graphic file (type pdf)
<use ../pdf/parte01_conjuntos_operaciones.pdf, page 22>
Package pdftex.def Info: ../pdf/parte01_conjuntos_operaciones.pdf , page22 used
 on input line 15.
(pdftex.def)             Requested size: 614.58406pt x 795.3441pt.
File: ../pdf/parte01_conjuntos_operaciones.pdf Graphic file (type pdf)
<use ../pdf/parte01_conjuntos_operaciones.pdf, page 22>
Package pdftex.def Info: ../pdf/parte01_conjuntos_operaciones.pdf , page22 used
 on input line 15.
(pdftex.def)             Requested size: 614.58406pt x 795.3441pt.
 [23

 <../pdf/parte01_conjuntos_operaciones.pdf>]
<../pdf/parte02_venn_propiedades.pdf, id=279, 614.295pt x 794.97pt>
File: ../pdf/parte02_venn_propiedades.pdf Graphic file (type pdf)
<use ../pdf/parte02_venn_propiedades.pdf>
Package pdftex.def Info: ../pdf/parte02_venn_propiedades.pdf  used on input lin
e 16.
(pdftex.def)             Requested size: 614.29349pt x 794.96806pt.
<../pdf/parte02_venn_propiedades.pdf, id=281, page=1, 614.295pt x 794.97pt>
File: ../pdf/parte02_venn_propiedades.pdf Graphic file (type pdf)
<use ../pdf/parte02_venn_propiedades.pdf, page 1>
Package pdftex.def Info: ../pdf/parte02_venn_propiedades.pdf , page1 used on in
put line 16.
(pdftex.def)             Requested size: 614.29349pt x 794.96806pt.
File: ../pdf/parte02_venn_propiedades.pdf Graphic file (type pdf)
<use ../pdf/parte02_venn_propiedades.pdf, page 1>
Package pdftex.def Info: ../pdf/parte02_venn_propiedades.pdf , page1 used on in
put line 16.
(pdftex.def)             Requested size: 614.58406pt x 795.3441pt.
File: ../pdf/parte02_venn_propiedades.pdf Graphic file (type pdf)
<use ../pdf/parte02_venn_propiedades.pdf, page 1>
Package pdftex.def Info: ../pdf/parte02_venn_propiedades.pdf , page1 used on in
put line 16.
(pdftex.def)             Requested size: 614.58406pt x 795.3441pt.
File: ../pdf/parte02_venn_propiedades.pdf Graphic file (type pdf)
<use ../pdf/parte02_venn_propiedades.pdf, page 1>
Package pdftex.def Info: ../pdf/parte02_venn_propiedades.pdf , page1 used on in
put line 16.
(pdftex.def)             Requested size: 614.58406pt x 795.3441pt.
File: ../pdf/parte02_venn_propiedades.pdf Graphic file (type pdf)
<use ../pdf/parte02_venn_propiedades.pdf, page 1>
Package pdftex.def Info: ../pdf/parte02_venn_propiedades.pdf , page1 used on in
put line 16.
(pdftex.def)             Requested size: 614.58406pt x 795.3441pt.
 [24

 <../pdf/parte02_venn_propiedades.pdf>]
<../pdf/parte02_venn_propiedades.pdf, id=321, page=2, 614.295pt x 794.97pt>
File: ../pdf/parte02_venn_propiedades.pdf Graphic file (type pdf)
<use ../pdf/parte02_venn_propiedades.pdf, page 2>
Package pdftex.def Info: ../pdf/parte02_venn_propiedades.pdf , page2 used on in
put line 16.
(pdftex.def)             Requested size: 614.58406pt x 795.3441pt.
File: ../pdf/parte02_venn_propiedades.pdf Graphic file (type pdf)
<use ../pdf/parte02_venn_propiedades.pdf, page 2>
Package pdftex.def Info: ../pdf/parte02_venn_propiedades.pdf , page2 used on in
put line 16.
(pdftex.def)             Requested size: 614.58406pt x 795.3441pt.
File: ../pdf/parte02_venn_propiedades.pdf Graphic file (type pdf)
<use ../pdf/parte02_venn_propiedades.pdf, page 2>
Package pdftex.def Info: ../pdf/parte02_venn_propiedades.pdf , page2 used on in
put line 16.
(pdftex.def)             Requested size: 614.58406pt x 795.3441pt.
 [25

 <../pdf/parte02_venn_propiedades.pdf>]
<../pdf/parte02_venn_propiedades.pdf, id=331, page=3, 614.295pt x 794.97pt>
File: ../pdf/parte02_venn_propiedades.pdf Graphic file (type pdf)
<use ../pdf/parte02_venn_propiedades.pdf, page 3>
Package pdftex.def Info: ../pdf/parte02_venn_propiedades.pdf , page3 used on in
put line 16.
(pdftex.def)             Requested size: 614.58406pt x 795.3441pt.
File: ../pdf/parte02_venn_propiedades.pdf Graphic file (type pdf)
<use ../pdf/parte02_venn_propiedades.pdf, page 3>
Package pdftex.def Info: ../pdf/parte02_venn_propiedades.pdf , page3 used on in
put line 16.
(pdftex.def)             Requested size: 614.58406pt x 795.3441pt.
File: ../pdf/parte02_venn_propiedades.pdf Graphic file (type pdf)
<use ../pdf/parte02_venn_propiedades.pdf, page 3>
Package pdftex.def Info: ../pdf/parte02_venn_propiedades.pdf , page3 used on in
put line 16.
(pdftex.def)             Requested size: 614.58406pt x 795.3441pt.
 [26

 <../pdf/parte02_venn_propiedades.pdf>]
<../pdf/parte02_venn_propiedades.pdf, id=344, page=4, 614.295pt x 794.97pt>
File: ../pdf/parte02_venn_propiedades.pdf Graphic file (type pdf)
<use ../pdf/parte02_venn_propiedades.pdf, page 4>
Package pdftex.def Info: ../pdf/parte02_venn_propiedades.pdf , page4 used on in
put line 16.
(pdftex.def)             Requested size: 614.58406pt x 795.3441pt.
File: ../pdf/parte02_venn_propiedades.pdf Graphic file (type pdf)
<use ../pdf/parte02_venn_propiedades.pdf, page 4>
Package pdftex.def Info: ../pdf/parte02_venn_propiedades.pdf , page4 used on in
put line 16.
(pdftex.def)             Requested size: 614.58406pt x 795.3441pt.
File: ../pdf/parte02_venn_propiedades.pdf Graphic file (type pdf)
<use ../pdf/parte02_venn_propiedades.pdf, page 4>
Package pdftex.def Info: ../pdf/parte02_venn_propiedades.pdf , page4 used on in
put line 16.
(pdftex.def)             Requested size: 614.58406pt x 795.3441pt.
 [27

 <../pdf/parte02_venn_propiedades.pdf>]
<../pdf/parte02_venn_propiedades.pdf, id=360, page=5, 614.295pt x 794.97pt>
File: ../pdf/parte02_venn_propiedades.pdf Graphic file (type pdf)
<use ../pdf/parte02_venn_propiedades.pdf, page 5>
Package pdftex.def Info: ../pdf/parte02_venn_propiedades.pdf , page5 used on in
put line 16.
(pdftex.def)             Requested size: 614.58406pt x 795.3441pt.
File: ../pdf/parte02_venn_propiedades.pdf Graphic file (type pdf)
<use ../pdf/parte02_venn_propiedades.pdf, page 5>
Package pdftex.def Info: ../pdf/parte02_venn_propiedades.pdf , page5 used on in
put line 16.
(pdftex.def)             Requested size: 614.58406pt x 795.3441pt.
File: ../pdf/parte02_venn_propiedades.pdf Graphic file (type pdf)
<use ../pdf/parte02_venn_propiedades.pdf, page 5>
Package pdftex.def Info: ../pdf/parte02_venn_propiedades.pdf , page5 used on in
put line 16.
(pdftex.def)             Requested size: 614.58406pt x 795.3441pt.
 [28

 <../pdf/parte02_venn_propiedades.pdf>]
<../pdf/parte02_venn_propiedades.pdf, id=365, page=6, 614.295pt x 794.97pt>
File: ../pdf/parte02_venn_propiedades.pdf Graphic file (type pdf)
<use ../pdf/parte02_venn_propiedades.pdf, page 6>
Package pdftex.def Info: ../pdf/parte02_venn_propiedades.pdf , page6 used on in
put line 16.
(pdftex.def)             Requested size: 614.58406pt x 795.3441pt.
File: ../pdf/parte02_venn_propiedades.pdf Graphic file (type pdf)
<use ../pdf/parte02_venn_propiedades.pdf, page 6>
Package pdftex.def Info: ../pdf/parte02_venn_propiedades.pdf , page6 used on in
put line 16.
(pdftex.def)             Requested size: 614.58406pt x 795.3441pt.
File: ../pdf/parte02_venn_propiedades.pdf Graphic file (type pdf)
<use ../pdf/parte02_venn_propiedades.pdf, page 6>
Package pdftex.def Info: ../pdf/parte02_venn_propiedades.pdf , page6 used on in
put line 16.
(pdftex.def)             Requested size: 614.58406pt x 795.3441pt.
 [29

 <../pdf/parte02_venn_propiedades.pdf>]
<../pdf/parte02_venn_propiedades.pdf, id=376, page=7, 614.295pt x 794.97pt>
File: ../pdf/parte02_venn_propiedades.pdf Graphic file (type pdf)
<use ../pdf/parte02_venn_propiedades.pdf, page 7>
Package pdftex.def Info: ../pdf/parte02_venn_propiedades.pdf , page7 used on in
put line 16.
(pdftex.def)             Requested size: 614.58406pt x 795.3441pt.
File: ../pdf/parte02_venn_propiedades.pdf Graphic file (type pdf)
<use ../pdf/parte02_venn_propiedades.pdf, page 7>
Package pdftex.def Info: ../pdf/parte02_venn_propiedades.pdf , page7 used on in
put line 16.
(pdftex.def)             Requested size: 614.58406pt x 795.3441pt.
File: ../pdf/parte02_venn_propiedades.pdf Graphic file (type pdf)
<use ../pdf/parte02_venn_propiedades.pdf, page 7>
Package pdftex.def Info: ../pdf/parte02_venn_propiedades.pdf , page7 used on in
put line 16.
(pdftex.def)             Requested size: 614.58406pt x 795.3441pt.
 [30

 <../pdf/parte02_venn_propiedades.pdf>]
<../pdf/parte02_venn_propiedades.pdf, id=385, page=8, 614.295pt x 794.97pt>
File: ../pdf/parte02_venn_propiedades.pdf Graphic file (type pdf)
<use ../pdf/parte02_venn_propiedades.pdf, page 8>
Package pdftex.def Info: ../pdf/parte02_venn_propiedades.pdf , page8 used on in
put line 16.
(pdftex.def)             Requested size: 614.58406pt x 795.3441pt.
File: ../pdf/parte02_venn_propiedades.pdf Graphic file (type pdf)
<use ../pdf/parte02_venn_propiedades.pdf, page 8>
Package pdftex.def Info: ../pdf/parte02_venn_propiedades.pdf , page8 used on in
put line 16.
(pdftex.def)             Requested size: 614.58406pt x 795.3441pt.
File: ../pdf/parte02_venn_propiedades.pdf Graphic file (type pdf)
<use ../pdf/parte02_venn_propiedades.pdf, page 8>
Package pdftex.def Info: ../pdf/parte02_venn_propiedades.pdf , page8 used on in
put line 16.
(pdftex.def)             Requested size: 614.58406pt x 795.3441pt.
 [31

 <../pdf/parte02_venn_propiedades.pdf>]
<../pdf/parte02_venn_propiedades.pdf, id=391, page=9, 614.295pt x 794.97pt>
File: ../pdf/parte02_venn_propiedades.pdf Graphic file (type pdf)
<use ../pdf/parte02_venn_propiedades.pdf, page 9>
Package pdftex.def Info: ../pdf/parte02_venn_propiedades.pdf , page9 used on in
put line 16.
(pdftex.def)             Requested size: 614.58406pt x 795.3441pt.
File: ../pdf/parte02_venn_propiedades.pdf Graphic file (type pdf)
<use ../pdf/parte02_venn_propiedades.pdf, page 9>
Package pdftex.def Info: ../pdf/parte02_venn_propiedades.pdf , page9 used on in
put line 16.
(pdftex.def)             Requested size: 614.58406pt x 795.3441pt.
File: ../pdf/parte02_venn_propiedades.pdf Graphic file (type pdf)
<use ../pdf/parte02_venn_propiedades.pdf, page 9>
Package pdftex.def Info: ../pdf/parte02_venn_propiedades.pdf , page9 used on in
put line 16.
(pdftex.def)             Requested size: 614.58406pt x 795.3441pt.
 [32

 <../pdf/parte02_venn_propiedades.pdf>]
<../pdf/parte02_venn_propiedades.pdf, id=396, page=10, 614.295pt x 794.97pt>
File: ../pdf/parte02_venn_propiedades.pdf Graphic file (type pdf)
<use ../pdf/parte02_venn_propiedades.pdf, page 10>
Package pdftex.def Info: ../pdf/parte02_venn_propiedades.pdf , page10 used on i
nput line 16.
(pdftex.def)             Requested size: 614.58406pt x 795.3441pt.
File: ../pdf/parte02_venn_propiedades.pdf Graphic file (type pdf)
<use ../pdf/parte02_venn_propiedades.pdf, page 10>
Package pdftex.def Info: ../pdf/parte02_venn_propiedades.pdf , page10 used on i
nput line 16.
(pdftex.def)             Requested size: 614.58406pt x 795.3441pt.
File: ../pdf/parte02_venn_propiedades.pdf Graphic file (type pdf)
<use ../pdf/parte02_venn_propiedades.pdf, page 10>
Package pdftex.def Info: ../pdf/parte02_venn_propiedades.pdf , page10 used on i
nput line 16.
(pdftex.def)             Requested size: 614.58406pt x 795.3441pt.
 [33

 <../pdf/parte02_venn_propiedades.pdf>]
<../pdf/parte02_venn_propiedades.pdf, id=401, page=11, 614.295pt x 794.97pt>
File: ../pdf/parte02_venn_propiedades.pdf Graphic file (type pdf)
<use ../pdf/parte02_venn_propiedades.pdf, page 11>
Package pdftex.def Info: ../pdf/parte02_venn_propiedades.pdf , page11 used on i
nput line 16.
(pdftex.def)             Requested size: 614.58406pt x 795.3441pt.
File: ../pdf/parte02_venn_propiedades.pdf Graphic file (type pdf)
<use ../pdf/parte02_venn_propiedades.pdf, page 11>
Package pdftex.def Info: ../pdf/parte02_venn_propiedades.pdf , page11 used on i
nput line 16.
(pdftex.def)             Requested size: 614.58406pt x 795.3441pt.
File: ../pdf/parte02_venn_propiedades.pdf Graphic file (type pdf)
<use ../pdf/parte02_venn_propiedades.pdf, page 11>
Package pdftex.def Info: ../pdf/parte02_venn_propiedades.pdf , page11 used on i
nput line 16.
(pdftex.def)             Requested size: 614.58406pt x 795.3441pt.

[34

 <../pdf/parte02_venn_propiedades.pdf>]
<../pdf/parte02_venn_propiedades.pdf, id=406, page=12, 614.295pt x 794.97pt>
File: ../pdf/parte02_venn_propiedades.pdf Graphic file (type pdf)
<use ../pdf/parte02_venn_propiedades.pdf, page 12>
Package pdftex.def Info: ../pdf/parte02_venn_propiedades.pdf , page12 used on i
nput line 16.
(pdftex.def)             Requested size: 614.58406pt x 795.3441pt.
File: ../pdf/parte02_venn_propiedades.pdf Graphic file (type pdf)
<use ../pdf/parte02_venn_propiedades.pdf, page 12>
Package pdftex.def Info: ../pdf/parte02_venn_propiedades.pdf , page12 used on i
nput line 16.
(pdftex.def)             Requested size: 614.58406pt x 795.3441pt.
File: ../pdf/parte02_venn_propiedades.pdf Graphic file (type pdf)
<use ../pdf/parte02_venn_propiedades.pdf, page 12>
Package pdftex.def Info: ../pdf/parte02_venn_propiedades.pdf , page12 used on i
nput line 16.
(pdftex.def)             Requested size: 614.58406pt x 795.3441pt.
 [35

 <../pdf/parte02_venn_propiedades.pdf>]
<../pdf/parte02_venn_propiedades.pdf, id=411, page=13, 614.295pt x 794.97pt>
File: ../pdf/parte02_venn_propiedades.pdf Graphic file (type pdf)
<use ../pdf/parte02_venn_propiedades.pdf, page 13>
Package pdftex.def Info: ../pdf/parte02_venn_propiedades.pdf , page13 used on i
nput line 16.
(pdftex.def)             Requested size: 614.58406pt x 795.3441pt.
File: ../pdf/parte02_venn_propiedades.pdf Graphic file (type pdf)
<use ../pdf/parte02_venn_propiedades.pdf, page 13>
Package pdftex.def Info: ../pdf/parte02_venn_propiedades.pdf , page13 used on i
nput line 16.
(pdftex.def)             Requested size: 614.58406pt x 795.3441pt.
File: ../pdf/parte02_venn_propiedades.pdf Graphic file (type pdf)
<use ../pdf/parte02_venn_propiedades.pdf, page 13>
Package pdftex.def Info: ../pdf/parte02_venn_propiedades.pdf , page13 used on i
nput line 16.
(pdftex.def)             Requested size: 614.58406pt x 795.3441pt.
 [36

 <../pdf/parte02_venn_propiedades.pdf>]
<../pdf/parte02_venn_propiedades.pdf, id=416, page=14, 614.295pt x 794.97pt>
File: ../pdf/parte02_venn_propiedades.pdf Graphic file (type pdf)
<use ../pdf/parte02_venn_propiedades.pdf, page 14>
Package pdftex.def Info: ../pdf/parte02_venn_propiedades.pdf , page14 used on i
nput line 16.
(pdftex.def)             Requested size: 614.58406pt x 795.3441pt.
File: ../pdf/parte02_venn_propiedades.pdf Graphic file (type pdf)
<use ../pdf/parte02_venn_propiedades.pdf, page 14>
Package pdftex.def Info: ../pdf/parte02_venn_propiedades.pdf , page14 used on i
nput line 16.
(pdftex.def)             Requested size: 614.58406pt x 795.3441pt.
File: ../pdf/parte02_venn_propiedades.pdf Graphic file (type pdf)
<use ../pdf/parte02_venn_propiedades.pdf, page 14>
Package pdftex.def Info: ../pdf/parte02_venn_propiedades.pdf , page14 used on i
nput line 16.
(pdftex.def)             Requested size: 614.58406pt x 795.3441pt.
 [37

 <../pdf/parte02_venn_propiedades.pdf>]
<../pdf/parte02_venn_propiedades.pdf, id=422, page=15, 614.295pt x 794.97pt>
File: ../pdf/parte02_venn_propiedades.pdf Graphic file (type pdf)
<use ../pdf/parte02_venn_propiedades.pdf, page 15>
Package pdftex.def Info: ../pdf/parte02_venn_propiedades.pdf , page15 used on i
nput line 16.
(pdftex.def)             Requested size: 614.58406pt x 795.3441pt.
File: ../pdf/parte02_venn_propiedades.pdf Graphic file (type pdf)
<use ../pdf/parte02_venn_propiedades.pdf, page 15>
Package pdftex.def Info: ../pdf/parte02_venn_propiedades.pdf , page15 used on i
nput line 16.
(pdftex.def)             Requested size: 614.58406pt x 795.3441pt.
File: ../pdf/parte02_venn_propiedades.pdf Graphic file (type pdf)
<use ../pdf/parte02_venn_propiedades.pdf, page 15>
Package pdftex.def Info: ../pdf/parte02_venn_propiedades.pdf , page15 used on i
nput line 16.
(pdftex.def)             Requested size: 614.58406pt x 795.3441pt.
 [38

 <../pdf/parte02_venn_propiedades.pdf>]
<../pdf/parte02_venn_propiedades.pdf, id=427, page=16, 614.295pt x 794.97pt>
File: ../pdf/parte02_venn_propiedades.pdf Graphic file (type pdf)
<use ../pdf/parte02_venn_propiedades.pdf, page 16>
Package pdftex.def Info: ../pdf/parte02_venn_propiedades.pdf , page16 used on i
nput line 16.
(pdftex.def)             Requested size: 614.58406pt x 795.3441pt.
File: ../pdf/parte02_venn_propiedades.pdf Graphic file (type pdf)
<use ../pdf/parte02_venn_propiedades.pdf, page 16>
Package pdftex.def Info: ../pdf/parte02_venn_propiedades.pdf , page16 used on i
nput line 16.
(pdftex.def)             Requested size: 614.58406pt x 795.3441pt.
File: ../pdf/parte02_venn_propiedades.pdf Graphic file (type pdf)
<use ../pdf/parte02_venn_propiedades.pdf, page 16>
Package pdftex.def Info: ../pdf/parte02_venn_propiedades.pdf , page16 used on i
nput line 16.
(pdftex.def)             Requested size: 614.58406pt x 795.3441pt.
 [39

 <../pdf/parte02_venn_propiedades.pdf>]
<../pdf/parte02_venn_propiedades.pdf, id=436, page=17, 614.295pt x 794.97pt>
File: ../pdf/parte02_venn_propiedades.pdf Graphic file (type pdf)
<use ../pdf/parte02_venn_propiedades.pdf, page 17>
Package pdftex.def Info: ../pdf/parte02_venn_propiedades.pdf , page17 used on i
nput line 16.
(pdftex.def)             Requested size: 614.58406pt x 795.3441pt.
File: ../pdf/parte02_venn_propiedades.pdf Graphic file (type pdf)
<use ../pdf/parte02_venn_propiedades.pdf, page 17>
Package pdftex.def Info: ../pdf/parte02_venn_propiedades.pdf , page17 used on i
nput line 16.
(pdftex.def)             Requested size: 614.58406pt x 795.3441pt.
File: ../pdf/parte02_venn_propiedades.pdf Graphic file (type pdf)
<use ../pdf/parte02_venn_propiedades.pdf, page 17>
Package pdftex.def Info: ../pdf/parte02_venn_propiedades.pdf , page17 used on i
nput line 16.
(pdftex.def)             Requested size: 614.58406pt x 795.3441pt.
 [40

 <../pdf/parte02_venn_propiedades.pdf>]
<../pdf/parte02_venn_propiedades.pdf, id=441, page=18, 614.295pt x 794.97pt>
File: ../pdf/parte02_venn_propiedades.pdf Graphic file (type pdf)
<use ../pdf/parte02_venn_propiedades.pdf, page 18>
Package pdftex.def Info: ../pdf/parte02_venn_propiedades.pdf , page18 used on i
nput line 16.
(pdftex.def)             Requested size: 614.58406pt x 795.3441pt.
File: ../pdf/parte02_venn_propiedades.pdf Graphic file (type pdf)
<use ../pdf/parte02_venn_propiedades.pdf, page 18>
Package pdftex.def Info: ../pdf/parte02_venn_propiedades.pdf , page18 used on i
nput line 16.
(pdftex.def)             Requested size: 614.58406pt x 795.3441pt.
File: ../pdf/parte02_venn_propiedades.pdf Graphic file (type pdf)
<use ../pdf/parte02_venn_propiedades.pdf, page 18>
Package pdftex.def Info: ../pdf/parte02_venn_propiedades.pdf , page18 used on i
nput line 16.
(pdftex.def)             Requested size: 614.58406pt x 795.3441pt.
 [41

 <../pdf/parte02_venn_propiedades.pdf>]
<../pdf/parte02_venn_propiedades.pdf, id=446, page=19, 614.295pt x 794.97pt>
File: ../pdf/parte02_venn_propiedades.pdf Graphic file (type pdf)
<use ../pdf/parte02_venn_propiedades.pdf, page 19>
Package pdftex.def Info: ../pdf/parte02_venn_propiedades.pdf , page19 used on i
nput line 16.
(pdftex.def)             Requested size: 614.58406pt x 795.3441pt.
File: ../pdf/parte02_venn_propiedades.pdf Graphic file (type pdf)
<use ../pdf/parte02_venn_propiedades.pdf, page 19>
Package pdftex.def Info: ../pdf/parte02_venn_propiedades.pdf , page19 used on i
nput line 16.
(pdftex.def)             Requested size: 614.58406pt x 795.3441pt.
File: ../pdf/parte02_venn_propiedades.pdf Graphic file (type pdf)
<use ../pdf/parte02_venn_propiedades.pdf, page 19>
Package pdftex.def Info: ../pdf/parte02_venn_propiedades.pdf , page19 used on i
nput line 16.
(pdftex.def)             Requested size: 614.58406pt x 795.3441pt.
 [42

 <../pdf/parte02_venn_propiedades.pdf>]
<../pdf/parte02_venn_propiedades.pdf, id=451, page=20, 614.295pt x 794.97pt>
File: ../pdf/parte02_venn_propiedades.pdf Graphic file (type pdf)
<use ../pdf/parte02_venn_propiedades.pdf, page 20>
Package pdftex.def Info: ../pdf/parte02_venn_propiedades.pdf , page20 used on i
nput line 16.
(pdftex.def)             Requested size: 614.58406pt x 795.3441pt.
File: ../pdf/parte02_venn_propiedades.pdf Graphic file (type pdf)
<use ../pdf/parte02_venn_propiedades.pdf, page 20>
Package pdftex.def Info: ../pdf/parte02_venn_propiedades.pdf , page20 used on i
nput line 16.
(pdftex.def)             Requested size: 614.58406pt x 795.3441pt.
File: ../pdf/parte02_venn_propiedades.pdf Graphic file (type pdf)
<use ../pdf/parte02_venn_propiedades.pdf, page 20>
Package pdftex.def Info: ../pdf/parte02_venn_propiedades.pdf , page20 used on i
nput line 16.
(pdftex.def)             Requested size: 614.58406pt x 795.3441pt.
 [43

 <../pdf/parte02_venn_propiedades.pdf>]
<../pdf/parte02_venn_propiedades.pdf, id=457, page=21, 614.295pt x 794.97pt>
File: ../pdf/parte02_venn_propiedades.pdf Graphic file (type pdf)
<use ../pdf/parte02_venn_propiedades.pdf, page 21>
Package pdftex.def Info: ../pdf/parte02_venn_propiedades.pdf , page21 used on i
nput line 16.
(pdftex.def)             Requested size: 614.58406pt x 795.3441pt.
File: ../pdf/parte02_venn_propiedades.pdf Graphic file (type pdf)
<use ../pdf/parte02_venn_propiedades.pdf, page 21>
Package pdftex.def Info: ../pdf/parte02_venn_propiedades.pdf , page21 used on i
nput line 16.
(pdftex.def)             Requested size: 614.58406pt x 795.3441pt.
File: ../pdf/parte02_venn_propiedades.pdf Graphic file (type pdf)
<use ../pdf/parte02_venn_propiedades.pdf, page 21>
Package pdftex.def Info: ../pdf/parte02_venn_propiedades.pdf , page21 used on i
nput line 16.
(pdftex.def)             Requested size: 614.58406pt x 795.3441pt.
 [44

 <../pdf/parte02_venn_propiedades.pdf>]
<../pdf/parte02_venn_propiedades.pdf, id=462, page=22, 614.295pt x 794.97pt>
File: ../pdf/parte02_venn_propiedades.pdf Graphic file (type pdf)
<use ../pdf/parte02_venn_propiedades.pdf, page 22>
Package pdftex.def Info: ../pdf/parte02_venn_propiedades.pdf , page22 used on i
nput line 16.
(pdftex.def)             Requested size: 614.58406pt x 795.3441pt.
File: ../pdf/parte02_venn_propiedades.pdf Graphic file (type pdf)
<use ../pdf/parte02_venn_propiedades.pdf, page 22>
Package pdftex.def Info: ../pdf/parte02_venn_propiedades.pdf , page22 used on i
nput line 16.
(pdftex.def)             Requested size: 614.58406pt x 795.3441pt.
File: ../pdf/parte02_venn_propiedades.pdf Graphic file (type pdf)
<use ../pdf/parte02_venn_propiedades.pdf, page 22>
Package pdftex.def Info: ../pdf/parte02_venn_propiedades.pdf , page22 used on i
nput line 16.
(pdftex.def)             Requested size: 614.58406pt x 795.3441pt.

[45

 <../pdf/parte02_venn_propiedades.pdf>]
<../pdf/parte02_venn_propiedades.pdf, id=467, page=23, 614.295pt x 794.97pt>
File: ../pdf/parte02_venn_propiedades.pdf Graphic file (type pdf)
<use ../pdf/parte02_venn_propiedades.pdf, page 23>
Package pdftex.def Info: ../pdf/parte02_venn_propiedades.pdf , page23 used on i
nput line 16.
(pdftex.def)             Requested size: 614.58406pt x 795.3441pt.
File: ../pdf/parte02_venn_propiedades.pdf Graphic file (type pdf)
<use ../pdf/parte02_venn_propiedades.pdf, page 23>
Package pdftex.def Info: ../pdf/parte02_venn_propiedades.pdf , page23 used on i
nput line 16.
(pdftex.def)             Requested size: 614.58406pt x 795.3441pt.
File: ../pdf/parte02_venn_propiedades.pdf Graphic file (type pdf)
<use ../pdf/parte02_venn_propiedades.pdf, page 23>
Package pdftex.def Info: ../pdf/parte02_venn_propiedades.pdf , page23 used on i
nput line 16.
(pdftex.def)             Requested size: 614.58406pt x 795.3441pt.
 [46

 <../pdf/parte02_venn_propiedades.pdf>]
<../pdf/parte02_venn_propiedades.pdf, id=472, page=24, 614.295pt x 794.97pt>
File: ../pdf/parte02_venn_propiedades.pdf Graphic file (type pdf)
<use ../pdf/parte02_venn_propiedades.pdf, page 24>
Package pdftex.def Info: ../pdf/parte02_venn_propiedades.pdf , page24 used on i
nput line 16.
(pdftex.def)             Requested size: 614.58406pt x 795.3441pt.
File: ../pdf/parte02_venn_propiedades.pdf Graphic file (type pdf)
<use ../pdf/parte02_venn_propiedades.pdf, page 24>
Package pdftex.def Info: ../pdf/parte02_venn_propiedades.pdf , page24 used on i
nput line 16.
(pdftex.def)             Requested size: 614.58406pt x 795.3441pt.
File: ../pdf/parte02_venn_propiedades.pdf Graphic file (type pdf)
<use ../pdf/parte02_venn_propiedades.pdf, page 24>
Package pdftex.def Info: ../pdf/parte02_venn_propiedades.pdf , page24 used on i
nput line 16.
(pdftex.def)             Requested size: 614.58406pt x 795.3441pt.
 [47

 <../pdf/parte02_venn_propiedades.pdf>]
<../pdf/parte02_venn_propiedades.pdf, id=477, page=25, 614.295pt x 794.97pt>
File: ../pdf/parte02_venn_propiedades.pdf Graphic file (type pdf)
<use ../pdf/parte02_venn_propiedades.pdf, page 25>
Package pdftex.def Info: ../pdf/parte02_venn_propiedades.pdf , page25 used on i
nput line 16.
(pdftex.def)             Requested size: 614.58406pt x 795.3441pt.
File: ../pdf/parte02_venn_propiedades.pdf Graphic file (type pdf)
<use ../pdf/parte02_venn_propiedades.pdf, page 25>
Package pdftex.def Info: ../pdf/parte02_venn_propiedades.pdf , page25 used on i
nput line 16.
(pdftex.def)             Requested size: 614.58406pt x 795.3441pt.
File: ../pdf/parte02_venn_propiedades.pdf Graphic file (type pdf)
<use ../pdf/parte02_venn_propiedades.pdf, page 25>
Package pdftex.def Info: ../pdf/parte02_venn_propiedades.pdf , page25 used on i
nput line 16.
(pdftex.def)             Requested size: 614.58406pt x 795.3441pt.
 [48

 <../pdf/parte02_venn_propiedades.pdf>]
<../pdf/parte02_venn_propiedades.pdf, id=482, page=26, 614.295pt x 794.97pt>
File: ../pdf/parte02_venn_propiedades.pdf Graphic file (type pdf)
<use ../pdf/parte02_venn_propiedades.pdf, page 26>
Package pdftex.def Info: ../pdf/parte02_venn_propiedades.pdf , page26 used on i
nput line 16.
(pdftex.def)             Requested size: 614.58406pt x 795.3441pt.
File: ../pdf/parte02_venn_propiedades.pdf Graphic file (type pdf)
<use ../pdf/parte02_venn_propiedades.pdf, page 26>
Package pdftex.def Info: ../pdf/parte02_venn_propiedades.pdf , page26 used on i
nput line 16.
(pdftex.def)             Requested size: 614.58406pt x 795.3441pt.
File: ../pdf/parte02_venn_propiedades.pdf Graphic file (type pdf)
<use ../pdf/parte02_venn_propiedades.pdf, page 26>
Package pdftex.def Info: ../pdf/parte02_venn_propiedades.pdf , page26 used on i
nput line 16.
(pdftex.def)             Requested size: 614.58406pt x 795.3441pt.
 [49

 <../pdf/parte02_venn_propiedades.pdf>]
<../pdf/parte02_venn_propiedades.pdf, id=488, page=27, 614.295pt x 794.97pt>
File: ../pdf/parte02_venn_propiedades.pdf Graphic file (type pdf)
<use ../pdf/parte02_venn_propiedades.pdf, page 27>
Package pdftex.def Info: ../pdf/parte02_venn_propiedades.pdf , page27 used on i
nput line 16.
(pdftex.def)             Requested size: 614.58406pt x 795.3441pt.
File: ../pdf/parte02_venn_propiedades.pdf Graphic file (type pdf)
<use ../pdf/parte02_venn_propiedades.pdf, page 27>
Package pdftex.def Info: ../pdf/parte02_venn_propiedades.pdf , page27 used on i
nput line 16.
(pdftex.def)             Requested size: 614.58406pt x 795.3441pt.
File: ../pdf/parte02_venn_propiedades.pdf Graphic file (type pdf)
<use ../pdf/parte02_venn_propiedades.pdf, page 27>
Package pdftex.def Info: ../pdf/parte02_venn_propiedades.pdf , page27 used on i
nput line 16.
(pdftex.def)             Requested size: 614.58406pt x 795.3441pt.
 [50

 <../pdf/parte02_venn_propiedades.pdf>]
<../pdf/parte02_venn_propiedades.pdf, id=493, page=28, 614.295pt x 794.97pt>
File: ../pdf/parte02_venn_propiedades.pdf Graphic file (type pdf)
<use ../pdf/parte02_venn_propiedades.pdf, page 28>
Package pdftex.def Info: ../pdf/parte02_venn_propiedades.pdf , page28 used on i
nput line 16.
(pdftex.def)             Requested size: 614.58406pt x 795.3441pt.
File: ../pdf/parte02_venn_propiedades.pdf Graphic file (type pdf)
<use ../pdf/parte02_venn_propiedades.pdf, page 28>
Package pdftex.def Info: ../pdf/parte02_venn_propiedades.pdf , page28 used on i
nput line 16.
(pdftex.def)             Requested size: 614.58406pt x 795.3441pt.
File: ../pdf/parte02_venn_propiedades.pdf Graphic file (type pdf)
<use ../pdf/parte02_venn_propiedades.pdf, page 28>
Package pdftex.def Info: ../pdf/parte02_venn_propiedades.pdf , page28 used on i
nput line 16.
(pdftex.def)             Requested size: 614.58406pt x 795.3441pt.
 [51

 <../pdf/parte02_venn_propiedades.pdf>]
<../pdf/parte02_venn_propiedades.pdf, id=498, page=29, 614.295pt x 794.97pt>
File: ../pdf/parte02_venn_propiedades.pdf Graphic file (type pdf)
<use ../pdf/parte02_venn_propiedades.pdf, page 29>
Package pdftex.def Info: ../pdf/parte02_venn_propiedades.pdf , page29 used on i
nput line 16.
(pdftex.def)             Requested size: 614.58406pt x 795.3441pt.
File: ../pdf/parte02_venn_propiedades.pdf Graphic file (type pdf)
<use ../pdf/parte02_venn_propiedades.pdf, page 29>
Package pdftex.def Info: ../pdf/parte02_venn_propiedades.pdf , page29 used on i
nput line 16.
(pdftex.def)             Requested size: 614.58406pt x 795.3441pt.
File: ../pdf/parte02_venn_propiedades.pdf Graphic file (type pdf)
<use ../pdf/parte02_venn_propiedades.pdf, page 29>
Package pdftex.def Info: ../pdf/parte02_venn_propiedades.pdf , page29 used on i
nput line 16.
(pdftex.def)             Requested size: 614.58406pt x 795.3441pt.
 [52

 <../pdf/parte02_venn_propiedades.pdf>]
<../pdf/parte02_venn_propiedades.pdf, id=503, page=30, 614.295pt x 794.97pt>
File: ../pdf/parte02_venn_propiedades.pdf Graphic file (type pdf)
<use ../pdf/parte02_venn_propiedades.pdf, page 30>
Package pdftex.def Info: ../pdf/parte02_venn_propiedades.pdf , page30 used on i
nput line 16.
(pdftex.def)             Requested size: 614.58406pt x 795.3441pt.
File: ../pdf/parte02_venn_propiedades.pdf Graphic file (type pdf)
<use ../pdf/parte02_venn_propiedades.pdf, page 30>
Package pdftex.def Info: ../pdf/parte02_venn_propiedades.pdf , page30 used on i
nput line 16.
(pdftex.def)             Requested size: 614.58406pt x 795.3441pt.
File: ../pdf/parte02_venn_propiedades.pdf Graphic file (type pdf)
<use ../pdf/parte02_venn_propiedades.pdf, page 30>
Package pdftex.def Info: ../pdf/parte02_venn_propiedades.pdf , page30 used on i
nput line 16.
(pdftex.def)             Requested size: 614.58406pt x 795.3441pt.
 [53

 <../pdf/parte02_venn_propiedades.pdf>]
<../pdf/parte02_venn_propiedades.pdf, id=508, page=31, 614.295pt x 794.97pt>
File: ../pdf/parte02_venn_propiedades.pdf Graphic file (type pdf)
<use ../pdf/parte02_venn_propiedades.pdf, page 31>
Package pdftex.def Info: ../pdf/parte02_venn_propiedades.pdf , page31 used on i
nput line 16.
(pdftex.def)             Requested size: 614.58406pt x 795.3441pt.
File: ../pdf/parte02_venn_propiedades.pdf Graphic file (type pdf)
<use ../pdf/parte02_venn_propiedades.pdf, page 31>
Package pdftex.def Info: ../pdf/parte02_venn_propiedades.pdf , page31 used on i
nput line 16.
(pdftex.def)             Requested size: 614.58406pt x 795.3441pt.
File: ../pdf/parte02_venn_propiedades.pdf Graphic file (type pdf)
<use ../pdf/parte02_venn_propiedades.pdf, page 31>
Package pdftex.def Info: ../pdf/parte02_venn_propiedades.pdf , page31 used on i
nput line 16.
(pdftex.def)             Requested size: 614.58406pt x 795.3441pt.
 [54

 <../pdf/parte02_venn_propiedades.pdf>]
<../pdf/parte02_venn_propiedades.pdf, id=513, page=32, 614.295pt x 794.97pt>
File: ../pdf/parte02_venn_propiedades.pdf Graphic file (type pdf)
<use ../pdf/parte02_venn_propiedades.pdf, page 32>
Package pdftex.def Info: ../pdf/parte02_venn_propiedades.pdf , page32 used on i
nput line 16.
(pdftex.def)             Requested size: 614.58406pt x 795.3441pt.
File: ../pdf/parte02_venn_propiedades.pdf Graphic file (type pdf)
<use ../pdf/parte02_venn_propiedades.pdf, page 32>
Package pdftex.def Info: ../pdf/parte02_venn_propiedades.pdf , page32 used on i
nput line 16.
(pdftex.def)             Requested size: 614.58406pt x 795.3441pt.
File: ../pdf/parte02_venn_propiedades.pdf Graphic file (type pdf)
<use ../pdf/parte02_venn_propiedades.pdf, page 32>
Package pdftex.def Info: ../pdf/parte02_venn_propiedades.pdf , page32 used on i
nput line 16.
(pdftex.def)             Requested size: 614.58406pt x 795.3441pt.
 [55

 <../pdf/parte02_venn_propiedades.pdf>]
<../pdf/parte02_venn_propiedades.pdf, id=519, page=33, 614.295pt x 794.97pt>
File: ../pdf/parte02_venn_propiedades.pdf Graphic file (type pdf)
<use ../pdf/parte02_venn_propiedades.pdf, page 33>
Package pdftex.def Info: ../pdf/parte02_venn_propiedades.pdf , page33 used on i
nput line 16.
(pdftex.def)             Requested size: 614.58406pt x 795.3441pt.
File: ../pdf/parte02_venn_propiedades.pdf Graphic file (type pdf)
<use ../pdf/parte02_venn_propiedades.pdf, page 33>
Package pdftex.def Info: ../pdf/parte02_venn_propiedades.pdf , page33 used on i
nput line 16.
(pdftex.def)             Requested size: 614.58406pt x 795.3441pt.
File: ../pdf/parte02_venn_propiedades.pdf Graphic file (type pdf)
<use ../pdf/parte02_venn_propiedades.pdf, page 33>
Package pdftex.def Info: ../pdf/parte02_venn_propiedades.pdf , page33 used on i
nput line 16.
(pdftex.def)             Requested size: 614.58406pt x 795.3441pt.

[56

 <../pdf/parte02_venn_propiedades.pdf>]
<../pdf/parte02_venn_propiedades.pdf, id=525, page=34, 614.295pt x 794.97pt>
File: ../pdf/parte02_venn_propiedades.pdf Graphic file (type pdf)
<use ../pdf/parte02_venn_propiedades.pdf, page 34>
Package pdftex.def Info: ../pdf/parte02_venn_propiedades.pdf , page34 used on i
nput line 16.
(pdftex.def)             Requested size: 614.58406pt x 795.3441pt.
File: ../pdf/parte02_venn_propiedades.pdf Graphic file (type pdf)
<use ../pdf/parte02_venn_propiedades.pdf, page 34>
Package pdftex.def Info: ../pdf/parte02_venn_propiedades.pdf , page34 used on i
nput line 16.
(pdftex.def)             Requested size: 614.58406pt x 795.3441pt.
File: ../pdf/parte02_venn_propiedades.pdf Graphic file (type pdf)
<use ../pdf/parte02_venn_propiedades.pdf, page 34>
Package pdftex.def Info: ../pdf/parte02_venn_propiedades.pdf , page34 used on i
nput line 16.
(pdftex.def)             Requested size: 614.58406pt x 795.3441pt.
 [57

 <../pdf/parte02_venn_propiedades.pdf>]
<../pdf/parte02_venn_propiedades.pdf, id=530, page=35, 614.295pt x 794.97pt>
File: ../pdf/parte02_venn_propiedades.pdf Graphic file (type pdf)
<use ../pdf/parte02_venn_propiedades.pdf, page 35>
Package pdftex.def Info: ../pdf/parte02_venn_propiedades.pdf , page35 used on i
nput line 16.
(pdftex.def)             Requested size: 614.58406pt x 795.3441pt.
File: ../pdf/parte02_venn_propiedades.pdf Graphic file (type pdf)
<use ../pdf/parte02_venn_propiedades.pdf, page 35>
Package pdftex.def Info: ../pdf/parte02_venn_propiedades.pdf , page35 used on i
nput line 16.
(pdftex.def)             Requested size: 614.58406pt x 795.3441pt.
File: ../pdf/parte02_venn_propiedades.pdf Graphic file (type pdf)
<use ../pdf/parte02_venn_propiedades.pdf, page 35>
Package pdftex.def Info: ../pdf/parte02_venn_propiedades.pdf , page35 used on i
nput line 16.
(pdftex.def)             Requested size: 614.58406pt x 795.3441pt.
 [58

 <../pdf/parte02_venn_propiedades.pdf>]
<../pdf/parte02_venn_propiedades.pdf, id=535, page=36, 614.295pt x 794.97pt>
File: ../pdf/parte02_venn_propiedades.pdf Graphic file (type pdf)
<use ../pdf/parte02_venn_propiedades.pdf, page 36>
Package pdftex.def Info: ../pdf/parte02_venn_propiedades.pdf , page36 used on i
nput line 16.
(pdftex.def)             Requested size: 614.58406pt x 795.3441pt.
File: ../pdf/parte02_venn_propiedades.pdf Graphic file (type pdf)
<use ../pdf/parte02_venn_propiedades.pdf, page 36>
Package pdftex.def Info: ../pdf/parte02_venn_propiedades.pdf , page36 used on i
nput line 16.
(pdftex.def)             Requested size: 614.58406pt x 795.3441pt.
File: ../pdf/parte02_venn_propiedades.pdf Graphic file (type pdf)
<use ../pdf/parte02_venn_propiedades.pdf, page 36>
Package pdftex.def Info: ../pdf/parte02_venn_propiedades.pdf , page36 used on i
nput line 16.
(pdftex.def)             Requested size: 614.58406pt x 795.3441pt.
 [59

 <../pdf/parte02_venn_propiedades.pdf>]
<../pdf/parte02_venn_propiedades.pdf, id=540, page=37, 614.295pt x 794.97pt>
File: ../pdf/parte02_venn_propiedades.pdf Graphic file (type pdf)
<use ../pdf/parte02_venn_propiedades.pdf, page 37>
Package pdftex.def Info: ../pdf/parte02_venn_propiedades.pdf , page37 used on i
nput line 16.
(pdftex.def)             Requested size: 614.58406pt x 795.3441pt.
File: ../pdf/parte02_venn_propiedades.pdf Graphic file (type pdf)
<use ../pdf/parte02_venn_propiedades.pdf, page 37>
Package pdftex.def Info: ../pdf/parte02_venn_propiedades.pdf , page37 used on i
nput line 16.
(pdftex.def)             Requested size: 614.58406pt x 795.3441pt.
File: ../pdf/parte02_venn_propiedades.pdf Graphic file (type pdf)
<use ../pdf/parte02_venn_propiedades.pdf, page 37>
Package pdftex.def Info: ../pdf/parte02_venn_propiedades.pdf , page37 used on i
nput line 16.
(pdftex.def)             Requested size: 614.58406pt x 795.3441pt.
 [60

 <../pdf/parte02_venn_propiedades.pdf>]
<../pdf/parte02_venn_propiedades.pdf, id=545, page=38, 614.295pt x 794.97pt>
File: ../pdf/parte02_venn_propiedades.pdf Graphic file (type pdf)
<use ../pdf/parte02_venn_propiedades.pdf, page 38>
Package pdftex.def Info: ../pdf/parte02_venn_propiedades.pdf , page38 used on i
nput line 16.
(pdftex.def)             Requested size: 614.58406pt x 795.3441pt.
File: ../pdf/parte02_venn_propiedades.pdf Graphic file (type pdf)
<use ../pdf/parte02_venn_propiedades.pdf, page 38>
Package pdftex.def Info: ../pdf/parte02_venn_propiedades.pdf , page38 used on i
nput line 16.
(pdftex.def)             Requested size: 614.58406pt x 795.3441pt.
File: ../pdf/parte02_venn_propiedades.pdf Graphic file (type pdf)
<use ../pdf/parte02_venn_propiedades.pdf, page 38>
Package pdftex.def Info: ../pdf/parte02_venn_propiedades.pdf , page38 used on i
nput line 16.
(pdftex.def)             Requested size: 614.58406pt x 795.3441pt.
 [61

 <../pdf/parte02_venn_propiedades.pdf>]
<../pdf/parte02_venn_propiedades.pdf, id=551, page=39, 614.295pt x 794.97pt>
File: ../pdf/parte02_venn_propiedades.pdf Graphic file (type pdf)
<use ../pdf/parte02_venn_propiedades.pdf, page 39>
Package pdftex.def Info: ../pdf/parte02_venn_propiedades.pdf , page39 used on i
nput line 16.
(pdftex.def)             Requested size: 614.58406pt x 795.3441pt.
File: ../pdf/parte02_venn_propiedades.pdf Graphic file (type pdf)
<use ../pdf/parte02_venn_propiedades.pdf, page 39>
Package pdftex.def Info: ../pdf/parte02_venn_propiedades.pdf , page39 used on i
nput line 16.
(pdftex.def)             Requested size: 614.58406pt x 795.3441pt.
File: ../pdf/parte02_venn_propiedades.pdf Graphic file (type pdf)
<use ../pdf/parte02_venn_propiedades.pdf, page 39>
Package pdftex.def Info: ../pdf/parte02_venn_propiedades.pdf , page39 used on i
nput line 16.
(pdftex.def)             Requested size: 614.58406pt x 795.3441pt.
 [62

 <../pdf/parte02_venn_propiedades.pdf>]
<../pdf/parte02_venn_propiedades.pdf, id=556, page=40, 614.295pt x 794.97pt>
File: ../pdf/parte02_venn_propiedades.pdf Graphic file (type pdf)
<use ../pdf/parte02_venn_propiedades.pdf, page 40>
Package pdftex.def Info: ../pdf/parte02_venn_propiedades.pdf , page40 used on i
nput line 16.
(pdftex.def)             Requested size: 614.58406pt x 795.3441pt.
File: ../pdf/parte02_venn_propiedades.pdf Graphic file (type pdf)
<use ../pdf/parte02_venn_propiedades.pdf, page 40>
Package pdftex.def Info: ../pdf/parte02_venn_propiedades.pdf , page40 used on i
nput line 16.
(pdftex.def)             Requested size: 614.58406pt x 795.3441pt.
File: ../pdf/parte02_venn_propiedades.pdf Graphic file (type pdf)
<use ../pdf/parte02_venn_propiedades.pdf, page 40>
Package pdftex.def Info: ../pdf/parte02_venn_propiedades.pdf , page40 used on i
nput line 16.
(pdftex.def)             Requested size: 614.58406pt x 795.3441pt.
 [63

 <../pdf/parte02_venn_propiedades.pdf>]
<../pdf/parte02_venn_propiedades.pdf, id=561, page=41, 614.295pt x 794.97pt>
File: ../pdf/parte02_venn_propiedades.pdf Graphic file (type pdf)
<use ../pdf/parte02_venn_propiedades.pdf, page 41>
Package pdftex.def Info: ../pdf/parte02_venn_propiedades.pdf , page41 used on i
nput line 16.
(pdftex.def)             Requested size: 614.58406pt x 795.3441pt.
File: ../pdf/parte02_venn_propiedades.pdf Graphic file (type pdf)
<use ../pdf/parte02_venn_propiedades.pdf, page 41>
Package pdftex.def Info: ../pdf/parte02_venn_propiedades.pdf , page41 used on i
nput line 16.
(pdftex.def)             Requested size: 614.58406pt x 795.3441pt.
File: ../pdf/parte02_venn_propiedades.pdf Graphic file (type pdf)
<use ../pdf/parte02_venn_propiedades.pdf, page 41>
Package pdftex.def Info: ../pdf/parte02_venn_propiedades.pdf , page41 used on i
nput line 16.
(pdftex.def)             Requested size: 614.58406pt x 795.3441pt.
 [64

 <../pdf/parte02_venn_propiedades.pdf>]
<../pdf/parte02_venn_propiedades.pdf, id=566, page=42, 614.295pt x 794.97pt>
File: ../pdf/parte02_venn_propiedades.pdf Graphic file (type pdf)
<use ../pdf/parte02_venn_propiedades.pdf, page 42>
Package pdftex.def Info: ../pdf/parte02_venn_propiedades.pdf , page42 used on i
nput line 16.
(pdftex.def)             Requested size: 614.58406pt x 795.3441pt.
File: ../pdf/parte02_venn_propiedades.pdf Graphic file (type pdf)
<use ../pdf/parte02_venn_propiedades.pdf, page 42>
Package pdftex.def Info: ../pdf/parte02_venn_propiedades.pdf , page42 used on i
nput line 16.
(pdftex.def)             Requested size: 614.58406pt x 795.3441pt.
File: ../pdf/parte02_venn_propiedades.pdf Graphic file (type pdf)
<use ../pdf/parte02_venn_propiedades.pdf, page 42>
Package pdftex.def Info: ../pdf/parte02_venn_propiedades.pdf , page42 used on i
nput line 16.
(pdftex.def)             Requested size: 614.58406pt x 795.3441pt.
 [65

 <../pdf/parte02_venn_propiedades.pdf>]
<../pdf/parte02_venn_propiedades.pdf, id=571, page=43, 614.295pt x 794.97pt>
File: ../pdf/parte02_venn_propiedades.pdf Graphic file (type pdf)
<use ../pdf/parte02_venn_propiedades.pdf, page 43>
Package pdftex.def Info: ../pdf/parte02_venn_propiedades.pdf , page43 used on i
nput line 16.
(pdftex.def)             Requested size: 614.58406pt x 795.3441pt.
File: ../pdf/parte02_venn_propiedades.pdf Graphic file (type pdf)
<use ../pdf/parte02_venn_propiedades.pdf, page 43>
Package pdftex.def Info: ../pdf/parte02_venn_propiedades.pdf , page43 used on i
nput line 16.
(pdftex.def)             Requested size: 614.58406pt x 795.3441pt.
File: ../pdf/parte02_venn_propiedades.pdf Graphic file (type pdf)
<use ../pdf/parte02_venn_propiedades.pdf, page 43>
Package pdftex.def Info: ../pdf/parte02_venn_propiedades.pdf , page43 used on i
nput line 16.
(pdftex.def)             Requested size: 614.58406pt x 795.3441pt.
 [66

 <../pdf/parte02_venn_propiedades.pdf>]
<../pdf/parte03_cardinalidades.pdf, id=576, 614.295pt x 794.97pt>
File: ../pdf/parte03_cardinalidades.pdf Graphic file (type pdf)
<use ../pdf/parte03_cardinalidades.pdf>
Package pdftex.def Info: ../pdf/parte03_cardinalidades.pdf  used on input line 
17.
(pdftex.def)             Requested size: 614.29349pt x 794.96806pt.
<../pdf/parte03_cardinalidades.pdf, id=578, page=1, 614.295pt x 794.97pt>
File: ../pdf/parte03_cardinalidades.pdf Graphic file (type pdf)
<use ../pdf/parte03_cardinalidades.pdf, page 1>
Package pdftex.def Info: ../pdf/parte03_cardinalidades.pdf , page1 used on inpu
t line 17.
(pdftex.def)             Requested size: 614.29349pt x 794.96806pt.
File: ../pdf/parte03_cardinalidades.pdf Graphic file (type pdf)
<use ../pdf/parte03_cardinalidades.pdf, page 1>
Package pdftex.def Info: ../pdf/parte03_cardinalidades.pdf , page1 used on inpu
t line 17.
(pdftex.def)             Requested size: 614.58406pt x 795.3441pt.
File: ../pdf/parte03_cardinalidades.pdf Graphic file (type pdf)
<use ../pdf/parte03_cardinalidades.pdf, page 1>
Package pdftex.def Info: ../pdf/parte03_cardinalidades.pdf , page1 used on inpu
t line 17.
(pdftex.def)             Requested size: 614.58406pt x 795.3441pt.
File: ../pdf/parte03_cardinalidades.pdf Graphic file (type pdf)
<use ../pdf/parte03_cardinalidades.pdf, page 1>
Package pdftex.def Info: ../pdf/parte03_cardinalidades.pdf , page1 used on inpu
t line 17.
(pdftex.def)             Requested size: 614.58406pt x 795.3441pt.
File: ../pdf/parte03_cardinalidades.pdf Graphic file (type pdf)
<use ../pdf/parte03_cardinalidades.pdf, page 1>
Package pdftex.def Info: ../pdf/parte03_cardinalidades.pdf , page1 used on inpu
t line 17.
(pdftex.def)             Requested size: 614.58406pt x 795.3441pt.

[67

 <../pdf/parte03_cardinalidades.pdf>]
<../pdf/parte03_cardinalidades.pdf, id=621, page=2, 614.295pt x 794.97pt>
File: ../pdf/parte03_cardinalidades.pdf Graphic file (type pdf)
<use ../pdf/parte03_cardinalidades.pdf, page 2>
Package pdftex.def Info: ../pdf/parte03_cardinalidades.pdf , page2 used on inpu
t line 17.
(pdftex.def)             Requested size: 614.58406pt x 795.3441pt.
File: ../pdf/parte03_cardinalidades.pdf Graphic file (type pdf)
<use ../pdf/parte03_cardinalidades.pdf, page 2>
Package pdftex.def Info: ../pdf/parte03_cardinalidades.pdf , page2 used on inpu
t line 17.
(pdftex.def)             Requested size: 614.58406pt x 795.3441pt.
File: ../pdf/parte03_cardinalidades.pdf Graphic file (type pdf)
<use ../pdf/parte03_cardinalidades.pdf, page 2>
Package pdftex.def Info: ../pdf/parte03_cardinalidades.pdf , page2 used on inpu
t line 17.
(pdftex.def)             Requested size: 614.58406pt x 795.3441pt.
 [68

 <../pdf/parte03_cardinalidades.pdf>]
<../pdf/parte03_cardinalidades.pdf, id=638, page=3, 614.295pt x 794.97pt>
File: ../pdf/parte03_cardinalidades.pdf Graphic file (type pdf)
<use ../pdf/parte03_cardinalidades.pdf, page 3>
Package pdftex.def Info: ../pdf/parte03_cardinalidades.pdf , page3 used on inpu
t line 17.
(pdftex.def)             Requested size: 614.58406pt x 795.3441pt.
File: ../pdf/parte03_cardinalidades.pdf Graphic file (type pdf)
<use ../pdf/parte03_cardinalidades.pdf, page 3>
Package pdftex.def Info: ../pdf/parte03_cardinalidades.pdf , page3 used on inpu
t line 17.
(pdftex.def)             Requested size: 614.58406pt x 795.3441pt.
File: ../pdf/parte03_cardinalidades.pdf Graphic file (type pdf)
<use ../pdf/parte03_cardinalidades.pdf, page 3>
Package pdftex.def Info: ../pdf/parte03_cardinalidades.pdf , page3 used on inpu
t line 17.
(pdftex.def)             Requested size: 614.58406pt x 795.3441pt.
 [69

 <../pdf/parte03_cardinalidades.pdf>]
<../pdf/parte03_cardinalidades.pdf, id=643, page=4, 614.295pt x 794.97pt>
File: ../pdf/parte03_cardinalidades.pdf Graphic file (type pdf)
<use ../pdf/parte03_cardinalidades.pdf, page 4>
Package pdftex.def Info: ../pdf/parte03_cardinalidades.pdf , page4 used on inpu
t line 17.
(pdftex.def)             Requested size: 614.58406pt x 795.3441pt.
File: ../pdf/parte03_cardinalidades.pdf Graphic file (type pdf)
<use ../pdf/parte03_cardinalidades.pdf, page 4>
Package pdftex.def Info: ../pdf/parte03_cardinalidades.pdf , page4 used on inpu
t line 17.
(pdftex.def)             Requested size: 614.58406pt x 795.3441pt.
File: ../pdf/parte03_cardinalidades.pdf Graphic file (type pdf)
<use ../pdf/parte03_cardinalidades.pdf, page 4>
Package pdftex.def Info: ../pdf/parte03_cardinalidades.pdf , page4 used on inpu
t line 17.
(pdftex.def)             Requested size: 614.58406pt x 795.3441pt.
 [70

 <../pdf/parte03_cardinalidades.pdf>]
<../pdf/parte03_cardinalidades.pdf, id=648, page=5, 614.295pt x 794.97pt>
File: ../pdf/parte03_cardinalidades.pdf Graphic file (type pdf)
<use ../pdf/parte03_cardinalidades.pdf, page 5>
Package pdftex.def Info: ../pdf/parte03_cardinalidades.pdf , page5 used on inpu
t line 17.
(pdftex.def)             Requested size: 614.58406pt x 795.3441pt.
File: ../pdf/parte03_cardinalidades.pdf Graphic file (type pdf)
<use ../pdf/parte03_cardinalidades.pdf, page 5>
Package pdftex.def Info: ../pdf/parte03_cardinalidades.pdf , page5 used on inpu
t line 17.
(pdftex.def)             Requested size: 614.58406pt x 795.3441pt.
File: ../pdf/parte03_cardinalidades.pdf Graphic file (type pdf)
<use ../pdf/parte03_cardinalidades.pdf, page 5>
Package pdftex.def Info: ../pdf/parte03_cardinalidades.pdf , page5 used on inpu
t line 17.
(pdftex.def)             Requested size: 614.58406pt x 795.3441pt.
 [71

 <../pdf/parte03_cardinalidades.pdf>]
<../pdf/parte03_cardinalidades.pdf, id=653, page=6, 614.295pt x 794.97pt>
File: ../pdf/parte03_cardinalidades.pdf Graphic file (type pdf)
<use ../pdf/parte03_cardinalidades.pdf, page 6>
Package pdftex.def Info: ../pdf/parte03_cardinalidades.pdf , page6 used on inpu
t line 17.
(pdftex.def)             Requested size: 614.58406pt x 795.3441pt.
File: ../pdf/parte03_cardinalidades.pdf Graphic file (type pdf)
<use ../pdf/parte03_cardinalidades.pdf, page 6>
Package pdftex.def Info: ../pdf/parte03_cardinalidades.pdf , page6 used on inpu
t line 17.
(pdftex.def)             Requested size: 614.58406pt x 795.3441pt.
File: ../pdf/parte03_cardinalidades.pdf Graphic file (type pdf)
<use ../pdf/parte03_cardinalidades.pdf, page 6>
Package pdftex.def Info: ../pdf/parte03_cardinalidades.pdf , page6 used on inpu
t line 17.
(pdftex.def)             Requested size: 614.58406pt x 795.3441pt.
 [72

 <../pdf/parte03_cardinalidades.pdf>]
<../pdf/parte03_cardinalidades.pdf, id=662, page=7, 614.295pt x 794.97pt>
File: ../pdf/parte03_cardinalidades.pdf Graphic file (type pdf)
<use ../pdf/parte03_cardinalidades.pdf, page 7>
Package pdftex.def Info: ../pdf/parte03_cardinalidades.pdf , page7 used on inpu
t line 17.
(pdftex.def)             Requested size: 614.58406pt x 795.3441pt.
File: ../pdf/parte03_cardinalidades.pdf Graphic file (type pdf)
<use ../pdf/parte03_cardinalidades.pdf, page 7>
Package pdftex.def Info: ../pdf/parte03_cardinalidades.pdf , page7 used on inpu
t line 17.
(pdftex.def)             Requested size: 614.58406pt x 795.3441pt.
File: ../pdf/parte03_cardinalidades.pdf Graphic file (type pdf)
<use ../pdf/parte03_cardinalidades.pdf, page 7>
Package pdftex.def Info: ../pdf/parte03_cardinalidades.pdf , page7 used on inpu
t line 17.
(pdftex.def)             Requested size: 614.58406pt x 795.3441pt.
 [73

 <../pdf/parte03_cardinalidades.pdf>]
<../pdf/parte03_cardinalidades.pdf, id=668, page=8, 614.295pt x 794.97pt>
File: ../pdf/parte03_cardinalidades.pdf Graphic file (type pdf)
<use ../pdf/parte03_cardinalidades.pdf, page 8>
Package pdftex.def Info: ../pdf/parte03_cardinalidades.pdf , page8 used on inpu
t line 17.
(pdftex.def)             Requested size: 614.58406pt x 795.3441pt.
File: ../pdf/parte03_cardinalidades.pdf Graphic file (type pdf)
<use ../pdf/parte03_cardinalidades.pdf, page 8>
Package pdftex.def Info: ../pdf/parte03_cardinalidades.pdf , page8 used on inpu
t line 17.
(pdftex.def)             Requested size: 614.58406pt x 795.3441pt.
File: ../pdf/parte03_cardinalidades.pdf Graphic file (type pdf)
<use ../pdf/parte03_cardinalidades.pdf, page 8>
Package pdftex.def Info: ../pdf/parte03_cardinalidades.pdf , page8 used on inpu
t line 17.
(pdftex.def)             Requested size: 614.58406pt x 795.3441pt.
 [74

 <../pdf/parte03_cardinalidades.pdf>]
<../pdf/parte03_cardinalidades.pdf, id=673, page=9, 614.295pt x 794.97pt>
File: ../pdf/parte03_cardinalidades.pdf Graphic file (type pdf)
<use ../pdf/parte03_cardinalidades.pdf, page 9>
Package pdftex.def Info: ../pdf/parte03_cardinalidades.pdf , page9 used on inpu
t line 17.
(pdftex.def)             Requested size: 614.58406pt x 795.3441pt.
File: ../pdf/parte03_cardinalidades.pdf Graphic file (type pdf)
<use ../pdf/parte03_cardinalidades.pdf, page 9>
Package pdftex.def Info: ../pdf/parte03_cardinalidades.pdf , page9 used on inpu
t line 17.
(pdftex.def)             Requested size: 614.58406pt x 795.3441pt.
File: ../pdf/parte03_cardinalidades.pdf Graphic file (type pdf)
<use ../pdf/parte03_cardinalidades.pdf, page 9>
Package pdftex.def Info: ../pdf/parte03_cardinalidades.pdf , page9 used on inpu
t line 17.
(pdftex.def)             Requested size: 614.58406pt x 795.3441pt.
 [75

 <../pdf/parte03_cardinalidades.pdf>]
<../pdf/parte03_cardinalidades.pdf, id=678, page=10, 614.295pt x 794.97pt>
File: ../pdf/parte03_cardinalidades.pdf Graphic file (type pdf)
<use ../pdf/parte03_cardinalidades.pdf, page 10>
Package pdftex.def Info: ../pdf/parte03_cardinalidades.pdf , page10 used on inp
ut line 17.
(pdftex.def)             Requested size: 614.58406pt x 795.3441pt.
File: ../pdf/parte03_cardinalidades.pdf Graphic file (type pdf)
<use ../pdf/parte03_cardinalidades.pdf, page 10>
Package pdftex.def Info: ../pdf/parte03_cardinalidades.pdf , page10 used on inp
ut line 17.
(pdftex.def)             Requested size: 614.58406pt x 795.3441pt.
File: ../pdf/parte03_cardinalidades.pdf Graphic file (type pdf)
<use ../pdf/parte03_cardinalidades.pdf, page 10>
Package pdftex.def Info: ../pdf/parte03_cardinalidades.pdf , page10 used on inp
ut line 17.
(pdftex.def)             Requested size: 614.58406pt x 795.3441pt.
 [76

 <../pdf/parte03_cardinalidades.pdf>]
<../pdf/parte03_cardinalidades.pdf, id=684, page=11, 614.295pt x 794.97pt>
File: ../pdf/parte03_cardinalidades.pdf Graphic file (type pdf)
<use ../pdf/parte03_cardinalidades.pdf, page 11>
Package pdftex.def Info: ../pdf/parte03_cardinalidades.pdf , page11 used on inp
ut line 17.
(pdftex.def)             Requested size: 614.58406pt x 795.3441pt.
File: ../pdf/parte03_cardinalidades.pdf Graphic file (type pdf)
<use ../pdf/parte03_cardinalidades.pdf, page 11>
Package pdftex.def Info: ../pdf/parte03_cardinalidades.pdf , page11 used on inp
ut line 17.
(pdftex.def)             Requested size: 614.58406pt x 795.3441pt.
File: ../pdf/parte03_cardinalidades.pdf Graphic file (type pdf)
<use ../pdf/parte03_cardinalidades.pdf, page 11>
Package pdftex.def Info: ../pdf/parte03_cardinalidades.pdf , page11 used on inp
ut line 17.
(pdftex.def)             Requested size: 614.58406pt x 795.3441pt.
 [77

 <../pdf/parte03_cardinalidades.pdf>]
<../pdf/parte03_cardinalidades.pdf, id=689, page=12, 614.295pt x 794.97pt>
File: ../pdf/parte03_cardinalidades.pdf Graphic file (type pdf)
<use ../pdf/parte03_cardinalidades.pdf, page 12>
Package pdftex.def Info: ../pdf/parte03_cardinalidades.pdf , page12 used on inp
ut line 17.
(pdftex.def)             Requested size: 614.58406pt x 795.3441pt.
File: ../pdf/parte03_cardinalidades.pdf Graphic file (type pdf)
<use ../pdf/parte03_cardinalidades.pdf, page 12>
Package pdftex.def Info: ../pdf/parte03_cardinalidades.pdf , page12 used on inp
ut line 17.
(pdftex.def)             Requested size: 614.58406pt x 795.3441pt.
File: ../pdf/parte03_cardinalidades.pdf Graphic file (type pdf)
<use ../pdf/parte03_cardinalidades.pdf, page 12>
Package pdftex.def Info: ../pdf/parte03_cardinalidades.pdf , page12 used on inp
ut line 17.
(pdftex.def)             Requested size: 614.58406pt x 795.3441pt.
 [78

 <../pdf/parte03_cardinalidades.pdf>]
<../pdf/parte03_cardinalidades.pdf, id=694, page=13, 614.295pt x 794.97pt>
File: ../pdf/parte03_cardinalidades.pdf Graphic file (type pdf)
<use ../pdf/parte03_cardinalidades.pdf, page 13>
Package pdftex.def Info: ../pdf/parte03_cardinalidades.pdf , page13 used on inp
ut line 17.
(pdftex.def)             Requested size: 614.58406pt x 795.3441pt.
File: ../pdf/parte03_cardinalidades.pdf Graphic file (type pdf)
<use ../pdf/parte03_cardinalidades.pdf, page 13>
Package pdftex.def Info: ../pdf/parte03_cardinalidades.pdf , page13 used on inp
ut line 17.
(pdftex.def)             Requested size: 614.58406pt x 795.3441pt.
File: ../pdf/parte03_cardinalidades.pdf Graphic file (type pdf)
<use ../pdf/parte03_cardinalidades.pdf, page 13>
Package pdftex.def Info: ../pdf/parte03_cardinalidades.pdf , page13 used on inp
ut line 17.
(pdftex.def)             Requested size: 614.58406pt x 795.3441pt.
 [79

 <../pdf/parte03_cardinalidades.pdf>]
<../pdf/parte03_cardinalidades.pdf, id=700, page=14, 614.295pt x 794.97pt>
File: ../pdf/parte03_cardinalidades.pdf Graphic file (type pdf)
<use ../pdf/parte03_cardinalidades.pdf, page 14>
Package pdftex.def Info: ../pdf/parte03_cardinalidades.pdf , page14 used on inp
ut line 17.
(pdftex.def)             Requested size: 614.58406pt x 795.3441pt.
File: ../pdf/parte03_cardinalidades.pdf Graphic file (type pdf)
<use ../pdf/parte03_cardinalidades.pdf, page 14>
Package pdftex.def Info: ../pdf/parte03_cardinalidades.pdf , page14 used on inp
ut line 17.
(pdftex.def)             Requested size: 614.58406pt x 795.3441pt.
File: ../pdf/parte03_cardinalidades.pdf Graphic file (type pdf)
<use ../pdf/parte03_cardinalidades.pdf, page 14>
Package pdftex.def Info: ../pdf/parte03_cardinalidades.pdf , page14 used on inp
ut line 17.
(pdftex.def)             Requested size: 614.58406pt x 795.3441pt.
 [80

 <../pdf/parte03_cardinalidades.pdf>]
<../pdf/parte03_cardinalidades.pdf, id=705, page=15, 614.295pt x 794.97pt>
File: ../pdf/parte03_cardinalidades.pdf Graphic file (type pdf)
<use ../pdf/parte03_cardinalidades.pdf, page 15>
Package pdftex.def Info: ../pdf/parte03_cardinalidades.pdf , page15 used on inp
ut line 17.
(pdftex.def)             Requested size: 614.58406pt x 795.3441pt.
File: ../pdf/parte03_cardinalidades.pdf Graphic file (type pdf)
<use ../pdf/parte03_cardinalidades.pdf, page 15>
Package pdftex.def Info: ../pdf/parte03_cardinalidades.pdf , page15 used on inp
ut line 17.
(pdftex.def)             Requested size: 614.58406pt x 795.3441pt.
File: ../pdf/parte03_cardinalidades.pdf Graphic file (type pdf)
<use ../pdf/parte03_cardinalidades.pdf, page 15>
Package pdftex.def Info: ../pdf/parte03_cardinalidades.pdf , page15 used on inp
ut line 17.
(pdftex.def)             Requested size: 614.58406pt x 795.3441pt.
 [81

 <../pdf/parte03_cardinalidades.pdf>]
<../pdf/parte04_inclusion_exclusion.pdf, id=710, 614.295pt x 794.97pt>
File: ../pdf/parte04_inclusion_exclusion.pdf Graphic file (type pdf)
<use ../pdf/parte04_inclusion_exclusion.pdf>
Package pdftex.def Info: ../pdf/parte04_inclusion_exclusion.pdf  used on input 
line 18.
(pdftex.def)             Requested size: 614.29349pt x 794.96806pt.
<../pdf/parte04_inclusion_exclusion.pdf, id=712, page=1, 614.295pt x 794.97pt>
File: ../pdf/parte04_inclusion_exclusion.pdf Graphic file (type pdf)
<use ../pdf/parte04_inclusion_exclusion.pdf, page 1>
Package pdftex.def Info: ../pdf/parte04_inclusion_exclusion.pdf , page1 used on
 input line 18.
(pdftex.def)             Requested size: 614.29349pt x 794.96806pt.
File: ../pdf/parte04_inclusion_exclusion.pdf Graphic file (type pdf)
<use ../pdf/parte04_inclusion_exclusion.pdf, page 1>
Package pdftex.def Info: ../pdf/parte04_inclusion_exclusion.pdf , page1 used on
 input line 18.
(pdftex.def)             Requested size: 614.58406pt x 795.3441pt.
File: ../pdf/parte04_inclusion_exclusion.pdf Graphic file (type pdf)
<use ../pdf/parte04_inclusion_exclusion.pdf, page 1>
Package pdftex.def Info: ../pdf/parte04_inclusion_exclusion.pdf , page1 used on
 input line 18.
(pdftex.def)             Requested size: 614.58406pt x 795.3441pt.
File: ../pdf/parte04_inclusion_exclusion.pdf Graphic file (type pdf)
<use ../pdf/parte04_inclusion_exclusion.pdf, page 1>
Package pdftex.def Info: ../pdf/parte04_inclusion_exclusion.pdf , page1 used on
 input line 18.
(pdftex.def)             Requested size: 614.58406pt x 795.3441pt.
File: ../pdf/parte04_inclusion_exclusion.pdf Graphic file (type pdf)
<use ../pdf/parte04_inclusion_exclusion.pdf, page 1>
Package pdftex.def Info: ../pdf/parte04_inclusion_exclusion.pdf , page1 used on
 input line 18.
(pdftex.def)             Requested size: 614.58406pt x 795.3441pt.
 [82

 <../pdf/parte04_inclusion_exclusion.pdf>]
<../pdf/parte04_inclusion_exclusion.pdf, id=750, page=2, 614.295pt x 794.97pt>
File: ../pdf/parte04_inclusion_exclusion.pdf Graphic file (type pdf)
<use ../pdf/parte04_inclusion_exclusion.pdf, page 2>
Package pdftex.def Info: ../pdf/parte04_inclusion_exclusion.pdf , page2 used on
 input line 18.
(pdftex.def)             Requested size: 614.58406pt x 795.3441pt.
File: ../pdf/parte04_inclusion_exclusion.pdf Graphic file (type pdf)
<use ../pdf/parte04_inclusion_exclusion.pdf, page 2>
Package pdftex.def Info: ../pdf/parte04_inclusion_exclusion.pdf , page2 used on
 input line 18.
(pdftex.def)             Requested size: 614.58406pt x 795.3441pt.
File: ../pdf/parte04_inclusion_exclusion.pdf Graphic file (type pdf)
<use ../pdf/parte04_inclusion_exclusion.pdf, page 2>
Package pdftex.def Info: ../pdf/parte04_inclusion_exclusion.pdf , page2 used on
 input line 18.
(pdftex.def)             Requested size: 614.58406pt x 795.3441pt.
 [83

 <../pdf/parte04_inclusion_exclusion.pdf>]
<../pdf/parte04_inclusion_exclusion.pdf, id=763, page=3, 614.295pt x 794.97pt>
File: ../pdf/parte04_inclusion_exclusion.pdf Graphic file (type pdf)
<use ../pdf/parte04_inclusion_exclusion.pdf, page 3>
Package pdftex.def Info: ../pdf/parte04_inclusion_exclusion.pdf , page3 used on
 input line 18.
(pdftex.def)             Requested size: 614.58406pt x 795.3441pt.
File: ../pdf/parte04_inclusion_exclusion.pdf Graphic file (type pdf)
<use ../pdf/parte04_inclusion_exclusion.pdf, page 3>
Package pdftex.def Info: ../pdf/parte04_inclusion_exclusion.pdf , page3 used on
 input line 18.
(pdftex.def)             Requested size: 614.58406pt x 795.3441pt.
File: ../pdf/parte04_inclusion_exclusion.pdf Graphic file (type pdf)
<use ../pdf/parte04_inclusion_exclusion.pdf, page 3>
Package pdftex.def Info: ../pdf/parte04_inclusion_exclusion.pdf , page3 used on
 input line 18.
(pdftex.def)             Requested size: 614.58406pt x 795.3441pt.

[84

 <../pdf/parte04_inclusion_exclusion.pdf>]
<../pdf/parte04_inclusion_exclusion.pdf, id=768, page=4, 614.295pt x 794.97pt>
File: ../pdf/parte04_inclusion_exclusion.pdf Graphic file (type pdf)
<use ../pdf/parte04_inclusion_exclusion.pdf, page 4>
Package pdftex.def Info: ../pdf/parte04_inclusion_exclusion.pdf , page4 used on
 input line 18.
(pdftex.def)             Requested size: 614.58406pt x 795.3441pt.
File: ../pdf/parte04_inclusion_exclusion.pdf Graphic file (type pdf)
<use ../pdf/parte04_inclusion_exclusion.pdf, page 4>
Package pdftex.def Info: ../pdf/parte04_inclusion_exclusion.pdf , page4 used on
 input line 18.
(pdftex.def)             Requested size: 614.58406pt x 795.3441pt.
File: ../pdf/parte04_inclusion_exclusion.pdf Graphic file (type pdf)
<use ../pdf/parte04_inclusion_exclusion.pdf, page 4>
Package pdftex.def Info: ../pdf/parte04_inclusion_exclusion.pdf , page4 used on
 input line 18.
(pdftex.def)             Requested size: 614.58406pt x 795.3441pt.
 [85

 <../pdf/parte04_inclusion_exclusion.pdf>]
<../pdf/parte04_inclusion_exclusion.pdf, id=778, page=5, 614.295pt x 794.97pt>
File: ../pdf/parte04_inclusion_exclusion.pdf Graphic file (type pdf)
<use ../pdf/parte04_inclusion_exclusion.pdf, page 5>
Package pdftex.def Info: ../pdf/parte04_inclusion_exclusion.pdf , page5 used on
 input line 18.
(pdftex.def)             Requested size: 614.58406pt x 795.3441pt.
File: ../pdf/parte04_inclusion_exclusion.pdf Graphic file (type pdf)
<use ../pdf/parte04_inclusion_exclusion.pdf, page 5>
Package pdftex.def Info: ../pdf/parte04_inclusion_exclusion.pdf , page5 used on
 input line 18.
(pdftex.def)             Requested size: 614.58406pt x 795.3441pt.
File: ../pdf/parte04_inclusion_exclusion.pdf Graphic file (type pdf)
<use ../pdf/parte04_inclusion_exclusion.pdf, page 5>
Package pdftex.def Info: ../pdf/parte04_inclusion_exclusion.pdf , page5 used on
 input line 18.
(pdftex.def)             Requested size: 614.58406pt x 795.3441pt.
 [86

 <../pdf/parte04_inclusion_exclusion.pdf>]
<../pdf/parte04_inclusion_exclusion.pdf, id=783, page=6, 614.295pt x 794.97pt>
File: ../pdf/parte04_inclusion_exclusion.pdf Graphic file (type pdf)
<use ../pdf/parte04_inclusion_exclusion.pdf, page 6>
Package pdftex.def Info: ../pdf/parte04_inclusion_exclusion.pdf , page6 used on
 input line 18.
(pdftex.def)             Requested size: 614.58406pt x 795.3441pt.
File: ../pdf/parte04_inclusion_exclusion.pdf Graphic file (type pdf)
<use ../pdf/parte04_inclusion_exclusion.pdf, page 6>
Package pdftex.def Info: ../pdf/parte04_inclusion_exclusion.pdf , page6 used on
 input line 18.
(pdftex.def)             Requested size: 614.58406pt x 795.3441pt.
File: ../pdf/parte04_inclusion_exclusion.pdf Graphic file (type pdf)
<use ../pdf/parte04_inclusion_exclusion.pdf, page 6>
Package pdftex.def Info: ../pdf/parte04_inclusion_exclusion.pdf , page6 used on
 input line 18.
(pdftex.def)             Requested size: 614.58406pt x 795.3441pt.
 [87

 <../pdf/parte04_inclusion_exclusion.pdf>]
<../pdf/parte04_inclusion_exclusion.pdf, id=788, page=7, 614.295pt x 794.97pt>
File: ../pdf/parte04_inclusion_exclusion.pdf Graphic file (type pdf)
<use ../pdf/parte04_inclusion_exclusion.pdf, page 7>
Package pdftex.def Info: ../pdf/parte04_inclusion_exclusion.pdf , page7 used on
 input line 18.
(pdftex.def)             Requested size: 614.58406pt x 795.3441pt.
File: ../pdf/parte04_inclusion_exclusion.pdf Graphic file (type pdf)
<use ../pdf/parte04_inclusion_exclusion.pdf, page 7>
Package pdftex.def Info: ../pdf/parte04_inclusion_exclusion.pdf , page7 used on
 input line 18.
(pdftex.def)             Requested size: 614.58406pt x 795.3441pt.
File: ../pdf/parte04_inclusion_exclusion.pdf Graphic file (type pdf)
<use ../pdf/parte04_inclusion_exclusion.pdf, page 7>
Package pdftex.def Info: ../pdf/parte04_inclusion_exclusion.pdf , page7 used on
 input line 18.
(pdftex.def)             Requested size: 614.58406pt x 795.3441pt.
 [88

 <../pdf/parte04_inclusion_exclusion.pdf>]
<../pdf/parte04_inclusion_exclusion.pdf, id=793, page=8, 614.295pt x 794.97pt>
File: ../pdf/parte04_inclusion_exclusion.pdf Graphic file (type pdf)
<use ../pdf/parte04_inclusion_exclusion.pdf, page 8>
Package pdftex.def Info: ../pdf/parte04_inclusion_exclusion.pdf , page8 used on
 input line 18.
(pdftex.def)             Requested size: 614.58406pt x 795.3441pt.
File: ../pdf/parte04_inclusion_exclusion.pdf Graphic file (type pdf)
<use ../pdf/parte04_inclusion_exclusion.pdf, page 8>
Package pdftex.def Info: ../pdf/parte04_inclusion_exclusion.pdf , page8 used on
 input line 18.
(pdftex.def)             Requested size: 614.58406pt x 795.3441pt.
File: ../pdf/parte04_inclusion_exclusion.pdf Graphic file (type pdf)
<use ../pdf/parte04_inclusion_exclusion.pdf, page 8>
Package pdftex.def Info: ../pdf/parte04_inclusion_exclusion.pdf , page8 used on
 input line 18.
(pdftex.def)             Requested size: 614.58406pt x 795.3441pt.

[89

 <../pdf/parte04_inclusion_exclusion.pdf>]
<../pdf/parte04_inclusion_exclusion.pdf, id=798, page=9, 614.295pt x 794.97pt>
File: ../pdf/parte04_inclusion_exclusion.pdf Graphic file (type pdf)
<use ../pdf/parte04_inclusion_exclusion.pdf, page 9>
Package pdftex.def Info: ../pdf/parte04_inclusion_exclusion.pdf , page9 used on
 input line 18.
(pdftex.def)             Requested size: 614.58406pt x 795.3441pt.
File: ../pdf/parte04_inclusion_exclusion.pdf Graphic file (type pdf)
<use ../pdf/parte04_inclusion_exclusion.pdf, page 9>
Package pdftex.def Info: ../pdf/parte04_inclusion_exclusion.pdf , page9 used on
 input line 18.
(pdftex.def)             Requested size: 614.58406pt x 795.3441pt.
File: ../pdf/parte04_inclusion_exclusion.pdf Graphic file (type pdf)
<use ../pdf/parte04_inclusion_exclusion.pdf, page 9>
Package pdftex.def Info: ../pdf/parte04_inclusion_exclusion.pdf , page9 used on
 input line 18.
(pdftex.def)             Requested size: 614.58406pt x 795.3441pt.
 [90

 <../pdf/parte04_inclusion_exclusion.pdf>]
<../pdf/parte04_inclusion_exclusion.pdf, id=803, page=10, 614.295pt x 794.97pt>

File: ../pdf/parte04_inclusion_exclusion.pdf Graphic file (type pdf)
<use ../pdf/parte04_inclusion_exclusion.pdf, page 10>
Package pdftex.def Info: ../pdf/parte04_inclusion_exclusion.pdf , page10 used o
n input line 18.
(pdftex.def)             Requested size: 614.58406pt x 795.3441pt.
File: ../pdf/parte04_inclusion_exclusion.pdf Graphic file (type pdf)
<use ../pdf/parte04_inclusion_exclusion.pdf, page 10>
Package pdftex.def Info: ../pdf/parte04_inclusion_exclusion.pdf , page10 used o
n input line 18.
(pdftex.def)             Requested size: 614.58406pt x 795.3441pt.
File: ../pdf/parte04_inclusion_exclusion.pdf Graphic file (type pdf)
<use ../pdf/parte04_inclusion_exclusion.pdf, page 10>
Package pdftex.def Info: ../pdf/parte04_inclusion_exclusion.pdf , page10 used o
n input line 18.
(pdftex.def)             Requested size: 614.58406pt x 795.3441pt.
 [91

 <../pdf/parte04_inclusion_exclusion.pdf>]
<../pdf/parte04_inclusion_exclusion.pdf, id=809, page=11, 614.295pt x 794.97pt>

File: ../pdf/parte04_inclusion_exclusion.pdf Graphic file (type pdf)
<use ../pdf/parte04_inclusion_exclusion.pdf, page 11>
Package pdftex.def Info: ../pdf/parte04_inclusion_exclusion.pdf , page11 used o
n input line 18.
(pdftex.def)             Requested size: 614.58406pt x 795.3441pt.
File: ../pdf/parte04_inclusion_exclusion.pdf Graphic file (type pdf)
<use ../pdf/parte04_inclusion_exclusion.pdf, page 11>
Package pdftex.def Info: ../pdf/parte04_inclusion_exclusion.pdf , page11 used o
n input line 18.
(pdftex.def)             Requested size: 614.58406pt x 795.3441pt.
File: ../pdf/parte04_inclusion_exclusion.pdf Graphic file (type pdf)
<use ../pdf/parte04_inclusion_exclusion.pdf, page 11>
Package pdftex.def Info: ../pdf/parte04_inclusion_exclusion.pdf , page11 used o
n input line 18.
(pdftex.def)             Requested size: 614.58406pt x 795.3441pt.
 [92

 <../pdf/parte04_inclusion_exclusion.pdf>]
<../pdf/parte04_inclusion_exclusion.pdf, id=814, page=12, 614.295pt x 794.97pt>

File: ../pdf/parte04_inclusion_exclusion.pdf Graphic file (type pdf)
<use ../pdf/parte04_inclusion_exclusion.pdf, page 12>
Package pdftex.def Info: ../pdf/parte04_inclusion_exclusion.pdf , page12 used o
n input line 18.
(pdftex.def)             Requested size: 614.58406pt x 795.3441pt.
File: ../pdf/parte04_inclusion_exclusion.pdf Graphic file (type pdf)
<use ../pdf/parte04_inclusion_exclusion.pdf, page 12>
Package pdftex.def Info: ../pdf/parte04_inclusion_exclusion.pdf , page12 used o
n input line 18.
(pdftex.def)             Requested size: 614.58406pt x 795.3441pt.
File: ../pdf/parte04_inclusion_exclusion.pdf Graphic file (type pdf)
<use ../pdf/parte04_inclusion_exclusion.pdf, page 12>
Package pdftex.def Info: ../pdf/parte04_inclusion_exclusion.pdf , page12 used o
n input line 18.
(pdftex.def)             Requested size: 614.58406pt x 795.3441pt.
 [93

 <../pdf/parte04_inclusion_exclusion.pdf>]
<../pdf/parte04_inclusion_exclusion.pdf, id=819, page=13, 614.295pt x 794.97pt>

File: ../pdf/parte04_inclusion_exclusion.pdf Graphic file (type pdf)
<use ../pdf/parte04_inclusion_exclusion.pdf, page 13>
Package pdftex.def Info: ../pdf/parte04_inclusion_exclusion.pdf , page13 used o
n input line 18.
(pdftex.def)             Requested size: 614.58406pt x 795.3441pt.
File: ../pdf/parte04_inclusion_exclusion.pdf Graphic file (type pdf)
<use ../pdf/parte04_inclusion_exclusion.pdf, page 13>
Package pdftex.def Info: ../pdf/parte04_inclusion_exclusion.pdf , page13 used o
n input line 18.
(pdftex.def)             Requested size: 614.58406pt x 795.3441pt.
File: ../pdf/parte04_inclusion_exclusion.pdf Graphic file (type pdf)
<use ../pdf/parte04_inclusion_exclusion.pdf, page 13>
Package pdftex.def Info: ../pdf/parte04_inclusion_exclusion.pdf , page13 used o
n input line 18.
(pdftex.def)             Requested size: 614.58406pt x 795.3441pt.

[94

 <../pdf/parte04_inclusion_exclusion.pdf>]
<../pdf/parte04_inclusion_exclusion.pdf, id=824, page=14, 614.295pt x 794.97pt>

File: ../pdf/parte04_inclusion_exclusion.pdf Graphic file (type pdf)
<use ../pdf/parte04_inclusion_exclusion.pdf, page 14>
Package pdftex.def Info: ../pdf/parte04_inclusion_exclusion.pdf , page14 used o
n input line 18.
(pdftex.def)             Requested size: 614.58406pt x 795.3441pt.
File: ../pdf/parte04_inclusion_exclusion.pdf Graphic file (type pdf)
<use ../pdf/parte04_inclusion_exclusion.pdf, page 14>
Package pdftex.def Info: ../pdf/parte04_inclusion_exclusion.pdf , page14 used o
n input line 18.
(pdftex.def)             Requested size: 614.58406pt x 795.3441pt.
File: ../pdf/parte04_inclusion_exclusion.pdf Graphic file (type pdf)
<use ../pdf/parte04_inclusion_exclusion.pdf, page 14>
Package pdftex.def Info: ../pdf/parte04_inclusion_exclusion.pdf , page14 used o
n input line 18.
(pdftex.def)             Requested size: 614.58406pt x 795.3441pt.
 [95

 <../pdf/parte04_inclusion_exclusion.pdf>]
<../pdf/parte04_inclusion_exclusion.pdf, id=829, page=15, 614.295pt x 794.97pt>

File: ../pdf/parte04_inclusion_exclusion.pdf Graphic file (type pdf)
<use ../pdf/parte04_inclusion_exclusion.pdf, page 15>
Package pdftex.def Info: ../pdf/parte04_inclusion_exclusion.pdf , page15 used o
n input line 18.
(pdftex.def)             Requested size: 614.58406pt x 795.3441pt.
File: ../pdf/parte04_inclusion_exclusion.pdf Graphic file (type pdf)
<use ../pdf/parte04_inclusion_exclusion.pdf, page 15>
Package pdftex.def Info: ../pdf/parte04_inclusion_exclusion.pdf , page15 used o
n input line 18.
(pdftex.def)             Requested size: 614.58406pt x 795.3441pt.
File: ../pdf/parte04_inclusion_exclusion.pdf Graphic file (type pdf)
<use ../pdf/parte04_inclusion_exclusion.pdf, page 15>
Package pdftex.def Info: ../pdf/parte04_inclusion_exclusion.pdf , page15 used o
n input line 18.
(pdftex.def)             Requested size: 614.58406pt x 795.3441pt.
 [96

 <../pdf/parte04_inclusion_exclusion.pdf>]
<../pdf/parte04_inclusion_exclusion.pdf, id=834, page=16, 614.295pt x 794.97pt>

File: ../pdf/parte04_inclusion_exclusion.pdf Graphic file (type pdf)
<use ../pdf/parte04_inclusion_exclusion.pdf, page 16>
Package pdftex.def Info: ../pdf/parte04_inclusion_exclusion.pdf , page16 used o
n input line 18.
(pdftex.def)             Requested size: 614.58406pt x 795.3441pt.
File: ../pdf/parte04_inclusion_exclusion.pdf Graphic file (type pdf)
<use ../pdf/parte04_inclusion_exclusion.pdf, page 16>
Package pdftex.def Info: ../pdf/parte04_inclusion_exclusion.pdf , page16 used o
n input line 18.
(pdftex.def)             Requested size: 614.58406pt x 795.3441pt.
File: ../pdf/parte04_inclusion_exclusion.pdf Graphic file (type pdf)
<use ../pdf/parte04_inclusion_exclusion.pdf, page 16>
Package pdftex.def Info: ../pdf/parte04_inclusion_exclusion.pdf , page16 used o
n input line 18.
(pdftex.def)             Requested size: 614.58406pt x 795.3441pt.
 [97

 <../pdf/parte04_inclusion_exclusion.pdf>]
<../pdf/parte04_inclusion_exclusion.pdf, id=840, page=17, 614.295pt x 794.97pt>

File: ../pdf/parte04_inclusion_exclusion.pdf Graphic file (type pdf)
<use ../pdf/parte04_inclusion_exclusion.pdf, page 17>
Package pdftex.def Info: ../pdf/parte04_inclusion_exclusion.pdf , page17 used o
n input line 18.
(pdftex.def)             Requested size: 614.58406pt x 795.3441pt.
File: ../pdf/parte04_inclusion_exclusion.pdf Graphic file (type pdf)
<use ../pdf/parte04_inclusion_exclusion.pdf, page 17>
Package pdftex.def Info: ../pdf/parte04_inclusion_exclusion.pdf , page17 used o
n input line 18.
(pdftex.def)             Requested size: 614.58406pt x 795.3441pt.
File: ../pdf/parte04_inclusion_exclusion.pdf Graphic file (type pdf)
<use ../pdf/parte04_inclusion_exclusion.pdf, page 17>
Package pdftex.def Info: ../pdf/parte04_inclusion_exclusion.pdf , page17 used o
n input line 18.
(pdftex.def)             Requested size: 614.58406pt x 795.3441pt.
 [98

 <../pdf/parte04_inclusion_exclusion.pdf>]
<../pdf/parte04_inclusion_exclusion.pdf, id=846, page=18, 614.295pt x 794.97pt>

File: ../pdf/parte04_inclusion_exclusion.pdf Graphic file (type pdf)
<use ../pdf/parte04_inclusion_exclusion.pdf, page 18>
Package pdftex.def Info: ../pdf/parte04_inclusion_exclusion.pdf , page18 used o
n input line 18.
(pdftex.def)             Requested size: 614.58406pt x 795.3441pt.
File: ../pdf/parte04_inclusion_exclusion.pdf Graphic file (type pdf)
<use ../pdf/parte04_inclusion_exclusion.pdf, page 18>
Package pdftex.def Info: ../pdf/parte04_inclusion_exclusion.pdf , page18 used o
n input line 18.
(pdftex.def)             Requested size: 614.58406pt x 795.3441pt.
File: ../pdf/parte04_inclusion_exclusion.pdf Graphic file (type pdf)
<use ../pdf/parte04_inclusion_exclusion.pdf, page 18>
Package pdftex.def Info: ../pdf/parte04_inclusion_exclusion.pdf , page18 used o
n input line 18.
(pdftex.def)             Requested size: 614.58406pt x 795.3441pt.

[99

 <../pdf/parte04_inclusion_exclusion.pdf>]
<../pdf/parte04_inclusion_exclusion.pdf, id=851, page=19, 614.295pt x 794.97pt>

File: ../pdf/parte04_inclusion_exclusion.pdf Graphic file (type pdf)
<use ../pdf/parte04_inclusion_exclusion.pdf, page 19>
Package pdftex.def Info: ../pdf/parte04_inclusion_exclusion.pdf , page19 used o
n input line 18.
(pdftex.def)             Requested size: 614.58406pt x 795.3441pt.
File: ../pdf/parte04_inclusion_exclusion.pdf Graphic file (type pdf)
<use ../pdf/parte04_inclusion_exclusion.pdf, page 19>
Package pdftex.def Info: ../pdf/parte04_inclusion_exclusion.pdf , page19 used o
n input line 18.
(pdftex.def)             Requested size: 614.58406pt x 795.3441pt.
File: ../pdf/parte04_inclusion_exclusion.pdf Graphic file (type pdf)
<use ../pdf/parte04_inclusion_exclusion.pdf, page 19>
Package pdftex.def Info: ../pdf/parte04_inclusion_exclusion.pdf , page19 used o
n input line 18.
(pdftex.def)             Requested size: 614.58406pt x 795.3441pt.
 [100

 <../pdf/parte04_inclusion_exclusion.pdf>]
<../pdf/parte04_inclusion_exclusion.pdf, id=856, page=20, 614.295pt x 794.97pt>

File: ../pdf/parte04_inclusion_exclusion.pdf Graphic file (type pdf)
<use ../pdf/parte04_inclusion_exclusion.pdf, page 20>
Package pdftex.def Info: ../pdf/parte04_inclusion_exclusion.pdf , page20 used o
n input line 18.
(pdftex.def)             Requested size: 614.58406pt x 795.3441pt.
File: ../pdf/parte04_inclusion_exclusion.pdf Graphic file (type pdf)
<use ../pdf/parte04_inclusion_exclusion.pdf, page 20>
Package pdftex.def Info: ../pdf/parte04_inclusion_exclusion.pdf , page20 used o
n input line 18.
(pdftex.def)             Requested size: 614.58406pt x 795.3441pt.
File: ../pdf/parte04_inclusion_exclusion.pdf Graphic file (type pdf)
<use ../pdf/parte04_inclusion_exclusion.pdf, page 20>
Package pdftex.def Info: ../pdf/parte04_inclusion_exclusion.pdf , page20 used o
n input line 18.
(pdftex.def)             Requested size: 614.58406pt x 795.3441pt.
 [101

 <../pdf/parte04_inclusion_exclusion.pdf>]
<../pdf/parte04_inclusion_exclusion.pdf, id=861, page=21, 614.295pt x 794.97pt>

File: ../pdf/parte04_inclusion_exclusion.pdf Graphic file (type pdf)
<use ../pdf/parte04_inclusion_exclusion.pdf, page 21>
Package pdftex.def Info: ../pdf/parte04_inclusion_exclusion.pdf , page21 used o
n input line 18.
(pdftex.def)             Requested size: 614.58406pt x 795.3441pt.
File: ../pdf/parte04_inclusion_exclusion.pdf Graphic file (type pdf)
<use ../pdf/parte04_inclusion_exclusion.pdf, page 21>
Package pdftex.def Info: ../pdf/parte04_inclusion_exclusion.pdf , page21 used o
n input line 18.
(pdftex.def)             Requested size: 614.58406pt x 795.3441pt.
File: ../pdf/parte04_inclusion_exclusion.pdf Graphic file (type pdf)
<use ../pdf/parte04_inclusion_exclusion.pdf, page 21>
Package pdftex.def Info: ../pdf/parte04_inclusion_exclusion.pdf , page21 used o
n input line 18.
(pdftex.def)             Requested size: 614.58406pt x 795.3441pt.
 [102

 <../pdf/parte04_inclusion_exclusion.pdf>]
<../pdf/parte04_inclusion_exclusion.pdf, id=866, page=22, 614.295pt x 794.97pt>

File: ../pdf/parte04_inclusion_exclusion.pdf Graphic file (type pdf)
<use ../pdf/parte04_inclusion_exclusion.pdf, page 22>
Package pdftex.def Info: ../pdf/parte04_inclusion_exclusion.pdf , page22 used o
n input line 18.
(pdftex.def)             Requested size: 614.58406pt x 795.3441pt.
File: ../pdf/parte04_inclusion_exclusion.pdf Graphic file (type pdf)
<use ../pdf/parte04_inclusion_exclusion.pdf, page 22>
Package pdftex.def Info: ../pdf/parte04_inclusion_exclusion.pdf , page22 used o
n input line 18.
(pdftex.def)             Requested size: 614.58406pt x 795.3441pt.
File: ../pdf/parte04_inclusion_exclusion.pdf Graphic file (type pdf)
<use ../pdf/parte04_inclusion_exclusion.pdf, page 22>
Package pdftex.def Info: ../pdf/parte04_inclusion_exclusion.pdf , page22 used o
n input line 18.
(pdftex.def)             Requested size: 614.58406pt x 795.3441pt.
 [103

 <../pdf/parte04_inclusion_exclusion.pdf>]
<../pdf/parte04_inclusion_exclusion.pdf, id=872, page=23, 614.295pt x 794.97pt>

File: ../pdf/parte04_inclusion_exclusion.pdf Graphic file (type pdf)
<use ../pdf/parte04_inclusion_exclusion.pdf, page 23>
Package pdftex.def Info: ../pdf/parte04_inclusion_exclusion.pdf , page23 used o
n input line 18.
(pdftex.def)             Requested size: 614.58406pt x 795.3441pt.
File: ../pdf/parte04_inclusion_exclusion.pdf Graphic file (type pdf)
<use ../pdf/parte04_inclusion_exclusion.pdf, page 23>
Package pdftex.def Info: ../pdf/parte04_inclusion_exclusion.pdf , page23 used o
n input line 18.
(pdftex.def)             Requested size: 614.58406pt x 795.3441pt.
File: ../pdf/parte04_inclusion_exclusion.pdf Graphic file (type pdf)
<use ../pdf/parte04_inclusion_exclusion.pdf, page 23>
Package pdftex.def Info: ../pdf/parte04_inclusion_exclusion.pdf , page23 used o
n input line 18.
(pdftex.def)             Requested size: 614.58406pt x 795.3441pt.

[104

 <../pdf/parte04_inclusion_exclusion.pdf>]
<../pdf/parte04_inclusion_exclusion.pdf, id=877, page=24, 614.295pt x 794.97pt>

File: ../pdf/parte04_inclusion_exclusion.pdf Graphic file (type pdf)
<use ../pdf/parte04_inclusion_exclusion.pdf, page 24>
Package pdftex.def Info: ../pdf/parte04_inclusion_exclusion.pdf , page24 used o
n input line 18.
(pdftex.def)             Requested size: 614.58406pt x 795.3441pt.
File: ../pdf/parte04_inclusion_exclusion.pdf Graphic file (type pdf)
<use ../pdf/parte04_inclusion_exclusion.pdf, page 24>
Package pdftex.def Info: ../pdf/parte04_inclusion_exclusion.pdf , page24 used o
n input line 18.
(pdftex.def)             Requested size: 614.58406pt x 795.3441pt.
File: ../pdf/parte04_inclusion_exclusion.pdf Graphic file (type pdf)
<use ../pdf/parte04_inclusion_exclusion.pdf, page 24>
Package pdftex.def Info: ../pdf/parte04_inclusion_exclusion.pdf , page24 used o
n input line 18.
(pdftex.def)             Requested size: 614.58406pt x 795.3441pt.
 [105

 <../pdf/parte04_inclusion_exclusion.pdf>]
<../pdf/parte04_inclusion_exclusion.pdf, id=882, page=25, 614.295pt x 794.97pt>

File: ../pdf/parte04_inclusion_exclusion.pdf Graphic file (type pdf)
<use ../pdf/parte04_inclusion_exclusion.pdf, page 25>
Package pdftex.def Info: ../pdf/parte04_inclusion_exclusion.pdf , page25 used o
n input line 18.
(pdftex.def)             Requested size: 614.58406pt x 795.3441pt.
File: ../pdf/parte04_inclusion_exclusion.pdf Graphic file (type pdf)
<use ../pdf/parte04_inclusion_exclusion.pdf, page 25>
Package pdftex.def Info: ../pdf/parte04_inclusion_exclusion.pdf , page25 used o
n input line 18.
(pdftex.def)             Requested size: 614.58406pt x 795.3441pt.
File: ../pdf/parte04_inclusion_exclusion.pdf Graphic file (type pdf)
<use ../pdf/parte04_inclusion_exclusion.pdf, page 25>
Package pdftex.def Info: ../pdf/parte04_inclusion_exclusion.pdf , page25 used o
n input line 18.
(pdftex.def)             Requested size: 614.58406pt x 795.3441pt.
 [106

 <../pdf/parte04_inclusion_exclusion.pdf>]
<../pdf/parte04_inclusion_exclusion.pdf, id=887, page=26, 614.295pt x 794.97pt>

File: ../pdf/parte04_inclusion_exclusion.pdf Graphic file (type pdf)
<use ../pdf/parte04_inclusion_exclusion.pdf, page 26>
Package pdftex.def Info: ../pdf/parte04_inclusion_exclusion.pdf , page26 used o
n input line 18.
(pdftex.def)             Requested size: 614.58406pt x 795.3441pt.
File: ../pdf/parte04_inclusion_exclusion.pdf Graphic file (type pdf)
<use ../pdf/parte04_inclusion_exclusion.pdf, page 26>
Package pdftex.def Info: ../pdf/parte04_inclusion_exclusion.pdf , page26 used o
n input line 18.
(pdftex.def)             Requested size: 614.58406pt x 795.3441pt.
File: ../pdf/parte04_inclusion_exclusion.pdf Graphic file (type pdf)
<use ../pdf/parte04_inclusion_exclusion.pdf, page 26>
Package pdftex.def Info: ../pdf/parte04_inclusion_exclusion.pdf , page26 used o
n input line 18.
(pdftex.def)             Requested size: 614.58406pt x 795.3441pt.
 [107

 <../pdf/parte04_inclusion_exclusion.pdf>]
<../pdf/parte04_inclusion_exclusion.pdf, id=892, page=27, 614.295pt x 794.97pt>

File: ../pdf/parte04_inclusion_exclusion.pdf Graphic file (type pdf)
<use ../pdf/parte04_inclusion_exclusion.pdf, page 27>
Package pdftex.def Info: ../pdf/parte04_inclusion_exclusion.pdf , page27 used o
n input line 18.
(pdftex.def)             Requested size: 614.58406pt x 795.3441pt.
File: ../pdf/parte04_inclusion_exclusion.pdf Graphic file (type pdf)
<use ../pdf/parte04_inclusion_exclusion.pdf, page 27>
Package pdftex.def Info: ../pdf/parte04_inclusion_exclusion.pdf , page27 used o
n input line 18.
(pdftex.def)             Requested size: 614.58406pt x 795.3441pt.
File: ../pdf/parte04_inclusion_exclusion.pdf Graphic file (type pdf)
<use ../pdf/parte04_inclusion_exclusion.pdf, page 27>
Package pdftex.def Info: ../pdf/parte04_inclusion_exclusion.pdf , page27 used o
n input line 18.
(pdftex.def)             Requested size: 614.58406pt x 795.3441pt.
 [108

 <../pdf/parte04_inclusion_exclusion.pdf>]
<../pdf/parte04_inclusion_exclusion.pdf, id=897, page=28, 614.295pt x 794.97pt>

File: ../pdf/parte04_inclusion_exclusion.pdf Graphic file (type pdf)
<use ../pdf/parte04_inclusion_exclusion.pdf, page 28>
Package pdftex.def Info: ../pdf/parte04_inclusion_exclusion.pdf , page28 used o
n input line 18.
(pdftex.def)             Requested size: 614.58406pt x 795.3441pt.
File: ../pdf/parte04_inclusion_exclusion.pdf Graphic file (type pdf)
<use ../pdf/parte04_inclusion_exclusion.pdf, page 28>
Package pdftex.def Info: ../pdf/parte04_inclusion_exclusion.pdf , page28 used o
n input line 18.
(pdftex.def)             Requested size: 614.58406pt x 795.3441pt.
File: ../pdf/parte04_inclusion_exclusion.pdf Graphic file (type pdf)
<use ../pdf/parte04_inclusion_exclusion.pdf, page 28>
Package pdftex.def Info: ../pdf/parte04_inclusion_exclusion.pdf , page28 used o
n input line 18.
(pdftex.def)             Requested size: 614.58406pt x 795.3441pt.

[109

 <../pdf/parte04_inclusion_exclusion.pdf>]
<../pdf/parte04_inclusion_exclusion.pdf, id=903, page=29, 614.295pt x 794.97pt>

File: ../pdf/parte04_inclusion_exclusion.pdf Graphic file (type pdf)
<use ../pdf/parte04_inclusion_exclusion.pdf, page 29>
Package pdftex.def Info: ../pdf/parte04_inclusion_exclusion.pdf , page29 used o
n input line 18.
(pdftex.def)             Requested size: 614.58406pt x 795.3441pt.
File: ../pdf/parte04_inclusion_exclusion.pdf Graphic file (type pdf)
<use ../pdf/parte04_inclusion_exclusion.pdf, page 29>
Package pdftex.def Info: ../pdf/parte04_inclusion_exclusion.pdf , page29 used o
n input line 18.
(pdftex.def)             Requested size: 614.58406pt x 795.3441pt.
File: ../pdf/parte04_inclusion_exclusion.pdf Graphic file (type pdf)
<use ../pdf/parte04_inclusion_exclusion.pdf, page 29>
Package pdftex.def Info: ../pdf/parte04_inclusion_exclusion.pdf , page29 used o
n input line 18.
(pdftex.def)             Requested size: 614.58406pt x 795.3441pt.
 [110

 <../pdf/parte04_inclusion_exclusion.pdf>]
<../pdf/parte04_inclusion_exclusion.pdf, id=908, page=30, 614.295pt x 794.97pt>

File: ../pdf/parte04_inclusion_exclusion.pdf Graphic file (type pdf)
<use ../pdf/parte04_inclusion_exclusion.pdf, page 30>
Package pdftex.def Info: ../pdf/parte04_inclusion_exclusion.pdf , page30 used o
n input line 18.
(pdftex.def)             Requested size: 614.58406pt x 795.3441pt.
File: ../pdf/parte04_inclusion_exclusion.pdf Graphic file (type pdf)
<use ../pdf/parte04_inclusion_exclusion.pdf, page 30>
Package pdftex.def Info: ../pdf/parte04_inclusion_exclusion.pdf , page30 used o
n input line 18.
(pdftex.def)             Requested size: 614.58406pt x 795.3441pt.
File: ../pdf/parte04_inclusion_exclusion.pdf Graphic file (type pdf)
<use ../pdf/parte04_inclusion_exclusion.pdf, page 30>
Package pdftex.def Info: ../pdf/parte04_inclusion_exclusion.pdf , page30 used o
n input line 18.
(pdftex.def)             Requested size: 614.58406pt x 795.3441pt.
 [111

 <../pdf/parte04_inclusion_exclusion.pdf>]
<../pdf/parte04_inclusion_exclusion.pdf, id=913, page=31, 614.295pt x 794.97pt>

File: ../pdf/parte04_inclusion_exclusion.pdf Graphic file (type pdf)
<use ../pdf/parte04_inclusion_exclusion.pdf, page 31>
Package pdftex.def Info: ../pdf/parte04_inclusion_exclusion.pdf , page31 used o
n input line 18.
(pdftex.def)             Requested size: 614.58406pt x 795.3441pt.
File: ../pdf/parte04_inclusion_exclusion.pdf Graphic file (type pdf)
<use ../pdf/parte04_inclusion_exclusion.pdf, page 31>
Package pdftex.def Info: ../pdf/parte04_inclusion_exclusion.pdf , page31 used o
n input line 18.
(pdftex.def)             Requested size: 614.58406pt x 795.3441pt.
File: ../pdf/parte04_inclusion_exclusion.pdf Graphic file (type pdf)
<use ../pdf/parte04_inclusion_exclusion.pdf, page 31>
Package pdftex.def Info: ../pdf/parte04_inclusion_exclusion.pdf , page31 used o
n input line 18.
(pdftex.def)             Requested size: 614.58406pt x 795.3441pt.
 [112

 <../pdf/parte04_inclusion_exclusion.pdf>]
<../pdf/parte04_inclusion_exclusion.pdf, id=918, page=32, 614.295pt x 794.97pt>

File: ../pdf/parte04_inclusion_exclusion.pdf Graphic file (type pdf)
<use ../pdf/parte04_inclusion_exclusion.pdf, page 32>
Package pdftex.def Info: ../pdf/parte04_inclusion_exclusion.pdf , page32 used o
n input line 18.
(pdftex.def)             Requested size: 614.58406pt x 795.3441pt.
File: ../pdf/parte04_inclusion_exclusion.pdf Graphic file (type pdf)
<use ../pdf/parte04_inclusion_exclusion.pdf, page 32>
Package pdftex.def Info: ../pdf/parte04_inclusion_exclusion.pdf , page32 used o
n input line 18.
(pdftex.def)             Requested size: 614.58406pt x 795.3441pt.
File: ../pdf/parte04_inclusion_exclusion.pdf Graphic file (type pdf)
<use ../pdf/parte04_inclusion_exclusion.pdf, page 32>
Package pdftex.def Info: ../pdf/parte04_inclusion_exclusion.pdf , page32 used o
n input line 18.
(pdftex.def)             Requested size: 614.58406pt x 795.3441pt.
 [113

 <../pdf/parte04_inclusion_exclusion.pdf>]
<../pdf/parte04_inclusion_exclusion.pdf, id=923, page=33, 614.295pt x 794.97pt>

File: ../pdf/parte04_inclusion_exclusion.pdf Graphic file (type pdf)
<use ../pdf/parte04_inclusion_exclusion.pdf, page 33>
Package pdftex.def Info: ../pdf/parte04_inclusion_exclusion.pdf , page33 used o
n input line 18.
(pdftex.def)             Requested size: 614.58406pt x 795.3441pt.
File: ../pdf/parte04_inclusion_exclusion.pdf Graphic file (type pdf)
<use ../pdf/parte04_inclusion_exclusion.pdf, page 33>
Package pdftex.def Info: ../pdf/parte04_inclusion_exclusion.pdf , page33 used o
n input line 18.
(pdftex.def)             Requested size: 614.58406pt x 795.3441pt.
File: ../pdf/parte04_inclusion_exclusion.pdf Graphic file (type pdf)
<use ../pdf/parte04_inclusion_exclusion.pdf, page 33>
Package pdftex.def Info: ../pdf/parte04_inclusion_exclusion.pdf , page33 used o
n input line 18.
(pdftex.def)             Requested size: 614.58406pt x 795.3441pt.

[114

 <../pdf/parte04_inclusion_exclusion.pdf>]
<../pdf/parte04_inclusion_exclusion.pdf, id=928, page=34, 614.295pt x 794.97pt>

File: ../pdf/parte04_inclusion_exclusion.pdf Graphic file (type pdf)
<use ../pdf/parte04_inclusion_exclusion.pdf, page 34>
Package pdftex.def Info: ../pdf/parte04_inclusion_exclusion.pdf , page34 used o
n input line 18.
(pdftex.def)             Requested size: 614.58406pt x 795.3441pt.
File: ../pdf/parte04_inclusion_exclusion.pdf Graphic file (type pdf)
<use ../pdf/parte04_inclusion_exclusion.pdf, page 34>
Package pdftex.def Info: ../pdf/parte04_inclusion_exclusion.pdf , page34 used o
n input line 18.
(pdftex.def)             Requested size: 614.58406pt x 795.3441pt.
File: ../pdf/parte04_inclusion_exclusion.pdf Graphic file (type pdf)
<use ../pdf/parte04_inclusion_exclusion.pdf, page 34>
Package pdftex.def Info: ../pdf/parte04_inclusion_exclusion.pdf , page34 used o
n input line 18.
(pdftex.def)             Requested size: 614.58406pt x 795.3441pt.
 [115

 <../pdf/parte04_inclusion_exclusion.pdf>]
<../pdf/parte05_palomar.pdf, id=934, 614.295pt x 794.97pt>
File: ../pdf/parte05_palomar.pdf Graphic file (type pdf)
<use ../pdf/parte05_palomar.pdf>
Package pdftex.def Info: ../pdf/parte05_palomar.pdf  used on input line 19.
(pdftex.def)             Requested size: 614.29349pt x 794.96806pt.
<../pdf/parte05_palomar.pdf, id=936, page=1, 614.295pt x 794.97pt>
File: ../pdf/parte05_palomar.pdf Graphic file (type pdf)
<use ../pdf/parte05_palomar.pdf, page 1>
Package pdftex.def Info: ../pdf/parte05_palomar.pdf , page1 used on input line 
19.
(pdftex.def)             Requested size: 614.29349pt x 794.96806pt.
File: ../pdf/parte05_palomar.pdf Graphic file (type pdf)
<use ../pdf/parte05_palomar.pdf, page 1>
Package pdftex.def Info: ../pdf/parte05_palomar.pdf , page1 used on input line 
19.
(pdftex.def)             Requested size: 614.58406pt x 795.3441pt.
File: ../pdf/parte05_palomar.pdf Graphic file (type pdf)
<use ../pdf/parte05_palomar.pdf, page 1>
Package pdftex.def Info: ../pdf/parte05_palomar.pdf , page1 used on input line 
19.
(pdftex.def)             Requested size: 614.58406pt x 795.3441pt.
File: ../pdf/parte05_palomar.pdf Graphic file (type pdf)
<use ../pdf/parte05_palomar.pdf, page 1>
Package pdftex.def Info: ../pdf/parte05_palomar.pdf , page1 used on input line 
19.
(pdftex.def)             Requested size: 614.58406pt x 795.3441pt.
File: ../pdf/parte05_palomar.pdf Graphic file (type pdf)
<use ../pdf/parte05_palomar.pdf, page 1>
Package pdftex.def Info: ../pdf/parte05_palomar.pdf , page1 used on input line 
19.
(pdftex.def)             Requested size: 614.58406pt x 795.3441pt.
 [116

 <../pdf/parte05_palomar.pdf>]
<../pdf/parte05_palomar.pdf, id=982, page=2, 614.295pt x 794.97pt>
File: ../pdf/parte05_palomar.pdf Graphic file (type pdf)
<use ../pdf/parte05_palomar.pdf, page 2>
Package pdftex.def Info: ../pdf/parte05_palomar.pdf , page2 used on input line 
19.
(pdftex.def)             Requested size: 614.58406pt x 795.3441pt.
File: ../pdf/parte05_palomar.pdf Graphic file (type pdf)
<use ../pdf/parte05_palomar.pdf, page 2>
Package pdftex.def Info: ../pdf/parte05_palomar.pdf , page2 used on input line 
19.
(pdftex.def)             Requested size: 614.58406pt x 795.3441pt.
File: ../pdf/parte05_palomar.pdf Graphic file (type pdf)
<use ../pdf/parte05_palomar.pdf, page 2>
Package pdftex.def Info: ../pdf/parte05_palomar.pdf , page2 used on input line 
19.
(pdftex.def)             Requested size: 614.58406pt x 795.3441pt.
 [117

 <../pdf/parte05_palomar.pdf>]
<../pdf/parte05_palomar.pdf, id=995, page=3, 614.295pt x 794.97pt>
File: ../pdf/parte05_palomar.pdf Graphic file (type pdf)
<use ../pdf/parte05_palomar.pdf, page 3>
Package pdftex.def Info: ../pdf/parte05_palomar.pdf , page3 used on input line 
19.
(pdftex.def)             Requested size: 614.58406pt x 795.3441pt.
File: ../pdf/parte05_palomar.pdf Graphic file (type pdf)
<use ../pdf/parte05_palomar.pdf, page 3>
Package pdftex.def Info: ../pdf/parte05_palomar.pdf , page3 used on input line 
19.
(pdftex.def)             Requested size: 614.58406pt x 795.3441pt.
File: ../pdf/parte05_palomar.pdf Graphic file (type pdf)
<use ../pdf/parte05_palomar.pdf, page 3>
Package pdftex.def Info: ../pdf/parte05_palomar.pdf , page3 used on input line 
19.
(pdftex.def)             Requested size: 614.58406pt x 795.3441pt.
 [118

 <../pdf/parte05_palomar.pdf>]
<../pdf/parte05_palomar.pdf, id=1001, page=4, 614.295pt x 794.97pt>
File: ../pdf/parte05_palomar.pdf Graphic file (type pdf)
<use ../pdf/parte05_palomar.pdf, page 4>
Package pdftex.def Info: ../pdf/parte05_palomar.pdf , page4 used on input line 
19.
(pdftex.def)             Requested size: 614.58406pt x 795.3441pt.
File: ../pdf/parte05_palomar.pdf Graphic file (type pdf)
<use ../pdf/parte05_palomar.pdf, page 4>
Package pdftex.def Info: ../pdf/parte05_palomar.pdf , page4 used on input line 
19.
(pdftex.def)             Requested size: 614.58406pt x 795.3441pt.
File: ../pdf/parte05_palomar.pdf Graphic file (type pdf)
<use ../pdf/parte05_palomar.pdf, page 4>
Package pdftex.def Info: ../pdf/parte05_palomar.pdf , page4 used on input line 
19.
(pdftex.def)             Requested size: 614.58406pt x 795.3441pt.
 [119

 <../pdf/parte05_palomar.pdf>]
<../pdf/parte05_palomar.pdf, id=1006, page=5, 614.295pt x 794.97pt>
File: ../pdf/parte05_palomar.pdf Graphic file (type pdf)
<use ../pdf/parte05_palomar.pdf, page 5>
Package pdftex.def Info: ../pdf/parte05_palomar.pdf , page5 used on input line 
19.
(pdftex.def)             Requested size: 614.58406pt x 795.3441pt.
File: ../pdf/parte05_palomar.pdf Graphic file (type pdf)
<use ../pdf/parte05_palomar.pdf, page 5>
Package pdftex.def Info: ../pdf/parte05_palomar.pdf , page5 used on input line 
19.
(pdftex.def)             Requested size: 614.58406pt x 795.3441pt.
File: ../pdf/parte05_palomar.pdf Graphic file (type pdf)
<use ../pdf/parte05_palomar.pdf, page 5>
Package pdftex.def Info: ../pdf/parte05_palomar.pdf , page5 used on input line 
19.
(pdftex.def)             Requested size: 614.58406pt x 795.3441pt.

[120

 <../pdf/parte05_palomar.pdf>]
<../pdf/parte05_palomar.pdf, id=1021, page=6, 614.295pt x 794.97pt>
File: ../pdf/parte05_palomar.pdf Graphic file (type pdf)
<use ../pdf/parte05_palomar.pdf, page 6>
Package pdftex.def Info: ../pdf/parte05_palomar.pdf , page6 used on input line 
19.
(pdftex.def)             Requested size: 614.58406pt x 795.3441pt.
File: ../pdf/parte05_palomar.pdf Graphic file (type pdf)
<use ../pdf/parte05_palomar.pdf, page 6>
Package pdftex.def Info: ../pdf/parte05_palomar.pdf , page6 used on input line 
19.
(pdftex.def)             Requested size: 614.58406pt x 795.3441pt.
File: ../pdf/parte05_palomar.pdf Graphic file (type pdf)
<use ../pdf/parte05_palomar.pdf, page 6>
Package pdftex.def Info: ../pdf/parte05_palomar.pdf , page6 used on input line 
19.
(pdftex.def)             Requested size: 614.58406pt x 795.3441pt.
 [121

 <../pdf/parte05_palomar.pdf>]
<../pdf/parte05_palomar.pdf, id=1027, page=7, 614.295pt x 794.97pt>
File: ../pdf/parte05_palomar.pdf Graphic file (type pdf)
<use ../pdf/parte05_palomar.pdf, page 7>
Package pdftex.def Info: ../pdf/parte05_palomar.pdf , page7 used on input line 
19.
(pdftex.def)             Requested size: 614.58406pt x 795.3441pt.
File: ../pdf/parte05_palomar.pdf Graphic file (type pdf)
<use ../pdf/parte05_palomar.pdf, page 7>
Package pdftex.def Info: ../pdf/parte05_palomar.pdf , page7 used on input line 
19.
(pdftex.def)             Requested size: 614.58406pt x 795.3441pt.
File: ../pdf/parte05_palomar.pdf Graphic file (type pdf)
<use ../pdf/parte05_palomar.pdf, page 7>
Package pdftex.def Info: ../pdf/parte05_palomar.pdf , page7 used on input line 
19.
(pdftex.def)             Requested size: 614.58406pt x 795.3441pt.
 [122

 <../pdf/parte05_palomar.pdf>]
<../pdf/parte05_palomar.pdf, id=1032, page=8, 614.295pt x 794.97pt>
File: ../pdf/parte05_palomar.pdf Graphic file (type pdf)
<use ../pdf/parte05_palomar.pdf, page 8>
Package pdftex.def Info: ../pdf/parte05_palomar.pdf , page8 used on input line 
19.
(pdftex.def)             Requested size: 614.58406pt x 795.3441pt.
File: ../pdf/parte05_palomar.pdf Graphic file (type pdf)
<use ../pdf/parte05_palomar.pdf, page 8>
Package pdftex.def Info: ../pdf/parte05_palomar.pdf , page8 used on input line 
19.
(pdftex.def)             Requested size: 614.58406pt x 795.3441pt.
File: ../pdf/parte05_palomar.pdf Graphic file (type pdf)
<use ../pdf/parte05_palomar.pdf, page 8>
Package pdftex.def Info: ../pdf/parte05_palomar.pdf , page8 used on input line 
19.
(pdftex.def)             Requested size: 614.58406pt x 795.3441pt.
 [123

 <../pdf/parte05_palomar.pdf>]
<../pdf/parte05_palomar.pdf, id=1037, page=9, 614.295pt x 794.97pt>
File: ../pdf/parte05_palomar.pdf Graphic file (type pdf)
<use ../pdf/parte05_palomar.pdf, page 9>
Package pdftex.def Info: ../pdf/parte05_palomar.pdf , page9 used on input line 
19.
(pdftex.def)             Requested size: 614.58406pt x 795.3441pt.
File: ../pdf/parte05_palomar.pdf Graphic file (type pdf)
<use ../pdf/parte05_palomar.pdf, page 9>
Package pdftex.def Info: ../pdf/parte05_palomar.pdf , page9 used on input line 
19.
(pdftex.def)             Requested size: 614.58406pt x 795.3441pt.
File: ../pdf/parte05_palomar.pdf Graphic file (type pdf)
<use ../pdf/parte05_palomar.pdf, page 9>
Package pdftex.def Info: ../pdf/parte05_palomar.pdf , page9 used on input line 
19.
(pdftex.def)             Requested size: 614.58406pt x 795.3441pt.
 [124

 <../pdf/parte05_palomar.pdf>]
<../pdf/parte05_palomar.pdf, id=1042, page=10, 614.295pt x 794.97pt>
File: ../pdf/parte05_palomar.pdf Graphic file (type pdf)
<use ../pdf/parte05_palomar.pdf, page 10>
Package pdftex.def Info: ../pdf/parte05_palomar.pdf , page10 used on input line
 19.
(pdftex.def)             Requested size: 614.58406pt x 795.3441pt.
File: ../pdf/parte05_palomar.pdf Graphic file (type pdf)
<use ../pdf/parte05_palomar.pdf, page 10>
Package pdftex.def Info: ../pdf/parte05_palomar.pdf , page10 used on input line
 19.
(pdftex.def)             Requested size: 614.58406pt x 795.3441pt.
File: ../pdf/parte05_palomar.pdf Graphic file (type pdf)
<use ../pdf/parte05_palomar.pdf, page 10>
Package pdftex.def Info: ../pdf/parte05_palomar.pdf , page10 used on input line
 19.
(pdftex.def)             Requested size: 614.58406pt x 795.3441pt.
 [125

 <../pdf/parte05_palomar.pdf>]
<../pdf/parte05_palomar.pdf, id=1047, page=11, 614.295pt x 794.97pt>
File: ../pdf/parte05_palomar.pdf Graphic file (type pdf)
<use ../pdf/parte05_palomar.pdf, page 11>
Package pdftex.def Info: ../pdf/parte05_palomar.pdf , page11 used on input line
 19.
(pdftex.def)             Requested size: 614.58406pt x 795.3441pt.
File: ../pdf/parte05_palomar.pdf Graphic file (type pdf)
<use ../pdf/parte05_palomar.pdf, page 11>
Package pdftex.def Info: ../pdf/parte05_palomar.pdf , page11 used on input line
 19.
(pdftex.def)             Requested size: 614.58406pt x 795.3441pt.
File: ../pdf/parte05_palomar.pdf Graphic file (type pdf)
<use ../pdf/parte05_palomar.pdf, page 11>
Package pdftex.def Info: ../pdf/parte05_palomar.pdf , page11 used on input line
 19.
(pdftex.def)             Requested size: 614.58406pt x 795.3441pt.
 [126

 <../pdf/parte05_palomar.pdf>]
<../pdf/parte05_palomar.pdf, id=1052, page=12, 614.295pt x 794.97pt>
File: ../pdf/parte05_palomar.pdf Graphic file (type pdf)
<use ../pdf/parte05_palomar.pdf, page 12>
Package pdftex.def Info: ../pdf/parte05_palomar.pdf , page12 used on input line
 19.
(pdftex.def)             Requested size: 614.58406pt x 795.3441pt.
File: ../pdf/parte05_palomar.pdf Graphic file (type pdf)
<use ../pdf/parte05_palomar.pdf, page 12>
Package pdftex.def Info: ../pdf/parte05_palomar.pdf , page12 used on input line
 19.
(pdftex.def)             Requested size: 614.58406pt x 795.3441pt.
File: ../pdf/parte05_palomar.pdf Graphic file (type pdf)
<use ../pdf/parte05_palomar.pdf, page 12>
Package pdftex.def Info: ../pdf/parte05_palomar.pdf , page12 used on input line
 19.
(pdftex.def)             Requested size: 614.58406pt x 795.3441pt.
 [127

 <../pdf/parte05_palomar.pdf>]
<../pdf/parte06_permutaciones_combinaciones.pdf, id=1058, 614.295pt x 794.97pt>

File: ../pdf/parte06_permutaciones_combinaciones.pdf Graphic file (type pdf)
<use ../pdf/parte06_permutaciones_combinaciones.pdf>
Package pdftex.def Info: ../pdf/parte06_permutaciones_combinaciones.pdf  used o
n input line 20.
(pdftex.def)             Requested size: 614.29349pt x 794.96806pt.
<../pdf/parte06_permutaciones_combinaciones.pdf, id=1060, page=1, 614.295pt x 7
94.97pt>
File: ../pdf/parte06_permutaciones_combinaciones.pdf Graphic file (type pdf)
<use ../pdf/parte06_permutaciones_combinaciones.pdf, page 1>
Package pdftex.def Info: ../pdf/parte06_permutaciones_combinaciones.pdf , page1
 used on input line 20.
(pdftex.def)             Requested size: 614.29349pt x 794.96806pt.
File: ../pdf/parte06_permutaciones_combinaciones.pdf Graphic file (type pdf)
<use ../pdf/parte06_permutaciones_combinaciones.pdf, page 1>
Package pdftex.def Info: ../pdf/parte06_permutaciones_combinaciones.pdf , page1
 used on input line 20.
(pdftex.def)             Requested size: 614.58406pt x 795.3441pt.
File: ../pdf/parte06_permutaciones_combinaciones.pdf Graphic file (type pdf)
<use ../pdf/parte06_permutaciones_combinaciones.pdf, page 1>
Package pdftex.def Info: ../pdf/parte06_permutaciones_combinaciones.pdf , page1
 used on input line 20.
(pdftex.def)             Requested size: 614.58406pt x 795.3441pt.
File: ../pdf/parte06_permutaciones_combinaciones.pdf Graphic file (type pdf)
<use ../pdf/parte06_permutaciones_combinaciones.pdf, page 1>
Package pdftex.def Info: ../pdf/parte06_permutaciones_combinaciones.pdf , page1
 used on input line 20.
(pdftex.def)             Requested size: 614.58406pt x 795.3441pt.
File: ../pdf/parte06_permutaciones_combinaciones.pdf Graphic file (type pdf)
<use ../pdf/parte06_permutaciones_combinaciones.pdf, page 1>
Package pdftex.def Info: ../pdf/parte06_permutaciones_combinaciones.pdf , page1
 used on input line 20.
(pdftex.def)             Requested size: 614.58406pt x 795.3441pt.
 [128

 <../pdf/parte06_permutaciones_combinaciones.pdf>]
<../pdf/parte06_permutaciones_combinaciones.pdf, id=1102, page=2, 614.295pt x 7
94.97pt>
File: ../pdf/parte06_permutaciones_combinaciones.pdf Graphic file (type pdf)
<use ../pdf/parte06_permutaciones_combinaciones.pdf, page 2>
Package pdftex.def Info: ../pdf/parte06_permutaciones_combinaciones.pdf , page2
 used on input line 20.
(pdftex.def)             Requested size: 614.58406pt x 795.3441pt.
File: ../pdf/parte06_permutaciones_combinaciones.pdf Graphic file (type pdf)
<use ../pdf/parte06_permutaciones_combinaciones.pdf, page 2>
Package pdftex.def Info: ../pdf/parte06_permutaciones_combinaciones.pdf , page2
 used on input line 20.
(pdftex.def)             Requested size: 614.58406pt x 795.3441pt.
File: ../pdf/parte06_permutaciones_combinaciones.pdf Graphic file (type pdf)
<use ../pdf/parte06_permutaciones_combinaciones.pdf, page 2>
Package pdftex.def Info: ../pdf/parte06_permutaciones_combinaciones.pdf , page2
 used on input line 20.
(pdftex.def)             Requested size: 614.58406pt x 795.3441pt.
 [129

 <../pdf/parte06_permutaciones_combinaciones.pdf>]
<../pdf/parte06_permutaciones_combinaciones.pdf, id=1107, page=3, 614.295pt x 7
94.97pt>
File: ../pdf/parte06_permutaciones_combinaciones.pdf Graphic file (type pdf)
<use ../pdf/parte06_permutaciones_combinaciones.pdf, page 3>
Package pdftex.def Info: ../pdf/parte06_permutaciones_combinaciones.pdf , page3
 used on input line 20.
(pdftex.def)             Requested size: 614.58406pt x 795.3441pt.
File: ../pdf/parte06_permutaciones_combinaciones.pdf Graphic file (type pdf)
<use ../pdf/parte06_permutaciones_combinaciones.pdf, page 3>
Package pdftex.def Info: ../pdf/parte06_permutaciones_combinaciones.pdf , page3
 used on input line 20.
(pdftex.def)             Requested size: 614.58406pt x 795.3441pt.
File: ../pdf/parte06_permutaciones_combinaciones.pdf Graphic file (type pdf)
<use ../pdf/parte06_permutaciones_combinaciones.pdf, page 3>
Package pdftex.def Info: ../pdf/parte06_permutaciones_combinaciones.pdf , page3
 used on input line 20.
(pdftex.def)             Requested size: 614.58406pt x 795.3441pt.

[130

 <../pdf/parte06_permutaciones_combinaciones.pdf>]
<../pdf/parte06_permutaciones_combinaciones.pdf, id=1116, page=4, 614.295pt x 7
94.97pt>
File: ../pdf/parte06_permutaciones_combinaciones.pdf Graphic file (type pdf)
<use ../pdf/parte06_permutaciones_combinaciones.pdf, page 4>
Package pdftex.def Info: ../pdf/parte06_permutaciones_combinaciones.pdf , page4
 used on input line 20.
(pdftex.def)             Requested size: 614.58406pt x 795.3441pt.
File: ../pdf/parte06_permutaciones_combinaciones.pdf Graphic file (type pdf)
<use ../pdf/parte06_permutaciones_combinaciones.pdf, page 4>
Package pdftex.def Info: ../pdf/parte06_permutaciones_combinaciones.pdf , page4
 used on input line 20.
(pdftex.def)             Requested size: 614.58406pt x 795.3441pt.
File: ../pdf/parte06_permutaciones_combinaciones.pdf Graphic file (type pdf)
<use ../pdf/parte06_permutaciones_combinaciones.pdf, page 4>
Package pdftex.def Info: ../pdf/parte06_permutaciones_combinaciones.pdf , page4
 used on input line 20.
(pdftex.def)             Requested size: 614.58406pt x 795.3441pt.
 [131

 <../pdf/parte06_permutaciones_combinaciones.pdf>]
<../pdf/parte06_permutaciones_combinaciones.pdf, id=1125, page=5, 614.295pt x 7
94.97pt>
File: ../pdf/parte06_permutaciones_combinaciones.pdf Graphic file (type pdf)
<use ../pdf/parte06_permutaciones_combinaciones.pdf, page 5>
Package pdftex.def Info: ../pdf/parte06_permutaciones_combinaciones.pdf , page5
 used on input line 20.
(pdftex.def)             Requested size: 614.58406pt x 795.3441pt.
File: ../pdf/parte06_permutaciones_combinaciones.pdf Graphic file (type pdf)
<use ../pdf/parte06_permutaciones_combinaciones.pdf, page 5>
Package pdftex.def Info: ../pdf/parte06_permutaciones_combinaciones.pdf , page5
 used on input line 20.
(pdftex.def)             Requested size: 614.58406pt x 795.3441pt.
File: ../pdf/parte06_permutaciones_combinaciones.pdf Graphic file (type pdf)
<use ../pdf/parte06_permutaciones_combinaciones.pdf, page 5>
Package pdftex.def Info: ../pdf/parte06_permutaciones_combinaciones.pdf , page5
 used on input line 20.
(pdftex.def)             Requested size: 614.58406pt x 795.3441pt.
 [132

 <../pdf/parte06_permutaciones_combinaciones.pdf>]
<../pdf/parte06_permutaciones_combinaciones.pdf, id=1138, page=6, 614.295pt x 7
94.97pt>
File: ../pdf/parte06_permutaciones_combinaciones.pdf Graphic file (type pdf)
<use ../pdf/parte06_permutaciones_combinaciones.pdf, page 6>
Package pdftex.def Info: ../pdf/parte06_permutaciones_combinaciones.pdf , page6
 used on input line 20.
(pdftex.def)             Requested size: 614.58406pt x 795.3441pt.
File: ../pdf/parte06_permutaciones_combinaciones.pdf Graphic file (type pdf)
<use ../pdf/parte06_permutaciones_combinaciones.pdf, page 6>
Package pdftex.def Info: ../pdf/parte06_permutaciones_combinaciones.pdf , page6
 used on input line 20.
(pdftex.def)             Requested size: 614.58406pt x 795.3441pt.
File: ../pdf/parte06_permutaciones_combinaciones.pdf Graphic file (type pdf)
<use ../pdf/parte06_permutaciones_combinaciones.pdf, page 6>
Package pdftex.def Info: ../pdf/parte06_permutaciones_combinaciones.pdf , page6
 used on input line 20.
(pdftex.def)             Requested size: 614.58406pt x 795.3441pt.
 [133

 <../pdf/parte06_permutaciones_combinaciones.pdf>]
<../pdf/parte06_permutaciones_combinaciones.pdf, id=1144, page=7, 614.295pt x 7
94.97pt>
File: ../pdf/parte06_permutaciones_combinaciones.pdf Graphic file (type pdf)
<use ../pdf/parte06_permutaciones_combinaciones.pdf, page 7>
Package pdftex.def Info: ../pdf/parte06_permutaciones_combinaciones.pdf , page7
 used on input line 20.
(pdftex.def)             Requested size: 614.58406pt x 795.3441pt.
File: ../pdf/parte06_permutaciones_combinaciones.pdf Graphic file (type pdf)
<use ../pdf/parte06_permutaciones_combinaciones.pdf, page 7>
Package pdftex.def Info: ../pdf/parte06_permutaciones_combinaciones.pdf , page7
 used on input line 20.
(pdftex.def)             Requested size: 614.58406pt x 795.3441pt.
File: ../pdf/parte06_permutaciones_combinaciones.pdf Graphic file (type pdf)
<use ../pdf/parte06_permutaciones_combinaciones.pdf, page 7>
Package pdftex.def Info: ../pdf/parte06_permutaciones_combinaciones.pdf , page7
 used on input line 20.
(pdftex.def)             Requested size: 614.58406pt x 795.3441pt.
 [134

 <../pdf/parte06_permutaciones_combinaciones.pdf>]
<../pdf/parte06_permutaciones_combinaciones.pdf, id=1149, page=8, 614.295pt x 7
94.97pt>
File: ../pdf/parte06_permutaciones_combinaciones.pdf Graphic file (type pdf)
<use ../pdf/parte06_permutaciones_combinaciones.pdf, page 8>
Package pdftex.def Info: ../pdf/parte06_permutaciones_combinaciones.pdf , page8
 used on input line 20.
(pdftex.def)             Requested size: 614.58406pt x 795.3441pt.
File: ../pdf/parte06_permutaciones_combinaciones.pdf Graphic file (type pdf)
<use ../pdf/parte06_permutaciones_combinaciones.pdf, page 8>
Package pdftex.def Info: ../pdf/parte06_permutaciones_combinaciones.pdf , page8
 used on input line 20.
(pdftex.def)             Requested size: 614.58406pt x 795.3441pt.
File: ../pdf/parte06_permutaciones_combinaciones.pdf Graphic file (type pdf)
<use ../pdf/parte06_permutaciones_combinaciones.pdf, page 8>
Package pdftex.def Info: ../pdf/parte06_permutaciones_combinaciones.pdf , page8
 used on input line 20.
(pdftex.def)             Requested size: 614.58406pt x 795.3441pt.
 [135

 <../pdf/parte06_permutaciones_combinaciones.pdf>]
<../pdf/parte06_permutaciones_combinaciones.pdf, id=1154, page=9, 614.295pt x 7
94.97pt>
File: ../pdf/parte06_permutaciones_combinaciones.pdf Graphic file (type pdf)
<use ../pdf/parte06_permutaciones_combinaciones.pdf, page 9>
Package pdftex.def Info: ../pdf/parte06_permutaciones_combinaciones.pdf , page9
 used on input line 20.
(pdftex.def)             Requested size: 614.58406pt x 795.3441pt.
File: ../pdf/parte06_permutaciones_combinaciones.pdf Graphic file (type pdf)
<use ../pdf/parte06_permutaciones_combinaciones.pdf, page 9>
Package pdftex.def Info: ../pdf/parte06_permutaciones_combinaciones.pdf , page9
 used on input line 20.
(pdftex.def)             Requested size: 614.58406pt x 795.3441pt.
File: ../pdf/parte06_permutaciones_combinaciones.pdf Graphic file (type pdf)
<use ../pdf/parte06_permutaciones_combinaciones.pdf, page 9>
Package pdftex.def Info: ../pdf/parte06_permutaciones_combinaciones.pdf , page9
 used on input line 20.
(pdftex.def)             Requested size: 614.58406pt x 795.3441pt.
 [136

 <../pdf/parte06_permutaciones_combinaciones.pdf>]
<../pdf/parte06_permutaciones_combinaciones.pdf, id=1160, page=10, 614.295pt x 
794.97pt>
File: ../pdf/parte06_permutaciones_combinaciones.pdf Graphic file (type pdf)
<use ../pdf/parte06_permutaciones_combinaciones.pdf, page 10>
Package pdftex.def Info: ../pdf/parte06_permutaciones_combinaciones.pdf , page1
0 used on input line 20.
(pdftex.def)             Requested size: 614.58406pt x 795.3441pt.
File: ../pdf/parte06_permutaciones_combinaciones.pdf Graphic file (type pdf)
<use ../pdf/parte06_permutaciones_combinaciones.pdf, page 10>
Package pdftex.def Info: ../pdf/parte06_permutaciones_combinaciones.pdf , page1
0 used on input line 20.
(pdftex.def)             Requested size: 614.58406pt x 795.3441pt.
File: ../pdf/parte06_permutaciones_combinaciones.pdf Graphic file (type pdf)
<use ../pdf/parte06_permutaciones_combinaciones.pdf, page 10>
Package pdftex.def Info: ../pdf/parte06_permutaciones_combinaciones.pdf , page1
0 used on input line 20.
(pdftex.def)             Requested size: 614.58406pt x 795.3441pt.
 [137

 <../pdf/parte06_permutaciones_combinaciones.pdf>]
<../pdf/parte06_permutaciones_combinaciones.pdf, id=1165, page=11, 614.295pt x 
794.97pt>
File: ../pdf/parte06_permutaciones_combinaciones.pdf Graphic file (type pdf)
<use ../pdf/parte06_permutaciones_combinaciones.pdf, page 11>
Package pdftex.def Info: ../pdf/parte06_permutaciones_combinaciones.pdf , page1
1 used on input line 20.
(pdftex.def)             Requested size: 614.58406pt x 795.3441pt.
File: ../pdf/parte06_permutaciones_combinaciones.pdf Graphic file (type pdf)
<use ../pdf/parte06_permutaciones_combinaciones.pdf, page 11>
Package pdftex.def Info: ../pdf/parte06_permutaciones_combinaciones.pdf , page1
1 used on input line 20.
(pdftex.def)             Requested size: 614.58406pt x 795.3441pt.
File: ../pdf/parte06_permutaciones_combinaciones.pdf Graphic file (type pdf)
<use ../pdf/parte06_permutaciones_combinaciones.pdf, page 11>
Package pdftex.def Info: ../pdf/parte06_permutaciones_combinaciones.pdf , page1
1 used on input line 20.
(pdftex.def)             Requested size: 614.58406pt x 795.3441pt.
 [138

 <../pdf/parte06_permutaciones_combinaciones.pdf>]
<../pdf/parte06_permutaciones_combinaciones.pdf, id=1174, page=12, 614.295pt x 
794.97pt>
File: ../pdf/parte06_permutaciones_combinaciones.pdf Graphic file (type pdf)
<use ../pdf/parte06_permutaciones_combinaciones.pdf, page 12>
Package pdftex.def Info: ../pdf/parte06_permutaciones_combinaciones.pdf , page1
2 used on input line 20.
(pdftex.def)             Requested size: 614.58406pt x 795.3441pt.
File: ../pdf/parte06_permutaciones_combinaciones.pdf Graphic file (type pdf)
<use ../pdf/parte06_permutaciones_combinaciones.pdf, page 12>
Package pdftex.def Info: ../pdf/parte06_permutaciones_combinaciones.pdf , page1
2 used on input line 20.
(pdftex.def)             Requested size: 614.58406pt x 795.3441pt.
File: ../pdf/parte06_permutaciones_combinaciones.pdf Graphic file (type pdf)
<use ../pdf/parte06_permutaciones_combinaciones.pdf, page 12>
Package pdftex.def Info: ../pdf/parte06_permutaciones_combinaciones.pdf , page1
2 used on input line 20.
(pdftex.def)             Requested size: 614.58406pt x 795.3441pt.
 [139

 <../pdf/parte06_permutaciones_combinaciones.pdf>]
<../pdf/parte06_permutaciones_combinaciones.pdf, id=1180, page=13, 614.295pt x 
794.97pt>
File: ../pdf/parte06_permutaciones_combinaciones.pdf Graphic file (type pdf)
<use ../pdf/parte06_permutaciones_combinaciones.pdf, page 13>
Package pdftex.def Info: ../pdf/parte06_permutaciones_combinaciones.pdf , page1
3 used on input line 20.
(pdftex.def)             Requested size: 614.58406pt x 795.3441pt.
File: ../pdf/parte06_permutaciones_combinaciones.pdf Graphic file (type pdf)
<use ../pdf/parte06_permutaciones_combinaciones.pdf, page 13>
Package pdftex.def Info: ../pdf/parte06_permutaciones_combinaciones.pdf , page1
3 used on input line 20.
(pdftex.def)             Requested size: 614.58406pt x 795.3441pt.
File: ../pdf/parte06_permutaciones_combinaciones.pdf Graphic file (type pdf)
<use ../pdf/parte06_permutaciones_combinaciones.pdf, page 13>
Package pdftex.def Info: ../pdf/parte06_permutaciones_combinaciones.pdf , page1
3 used on input line 20.
(pdftex.def)             Requested size: 614.58406pt x 795.3441pt.

[140

 <../pdf/parte06_permutaciones_combinaciones.pdf>]
<../pdf/parte06_permutaciones_combinaciones.pdf, id=1185, page=14, 614.295pt x 
794.97pt>
File: ../pdf/parte06_permutaciones_combinaciones.pdf Graphic file (type pdf)
<use ../pdf/parte06_permutaciones_combinaciones.pdf, page 14>
Package pdftex.def Info: ../pdf/parte06_permutaciones_combinaciones.pdf , page1
4 used on input line 20.
(pdftex.def)             Requested size: 614.58406pt x 795.3441pt.
File: ../pdf/parte06_permutaciones_combinaciones.pdf Graphic file (type pdf)
<use ../pdf/parte06_permutaciones_combinaciones.pdf, page 14>
Package pdftex.def Info: ../pdf/parte06_permutaciones_combinaciones.pdf , page1
4 used on input line 20.
(pdftex.def)             Requested size: 614.58406pt x 795.3441pt.
File: ../pdf/parte06_permutaciones_combinaciones.pdf Graphic file (type pdf)
<use ../pdf/parte06_permutaciones_combinaciones.pdf, page 14>
Package pdftex.def Info: ../pdf/parte06_permutaciones_combinaciones.pdf , page1
4 used on input line 20.
(pdftex.def)             Requested size: 614.58406pt x 795.3441pt.
 [141

 <../pdf/parte06_permutaciones_combinaciones.pdf>]
<../pdf/parte06_permutaciones_combinaciones.pdf, id=1190, page=15, 614.295pt x 
794.97pt>
File: ../pdf/parte06_permutaciones_combinaciones.pdf Graphic file (type pdf)
<use ../pdf/parte06_permutaciones_combinaciones.pdf, page 15>
Package pdftex.def Info: ../pdf/parte06_permutaciones_combinaciones.pdf , page1
5 used on input line 20.
(pdftex.def)             Requested size: 614.58406pt x 795.3441pt.
File: ../pdf/parte06_permutaciones_combinaciones.pdf Graphic file (type pdf)
<use ../pdf/parte06_permutaciones_combinaciones.pdf, page 15>
Package pdftex.def Info: ../pdf/parte06_permutaciones_combinaciones.pdf , page1
5 used on input line 20.
(pdftex.def)             Requested size: 614.58406pt x 795.3441pt.
File: ../pdf/parte06_permutaciones_combinaciones.pdf Graphic file (type pdf)
<use ../pdf/parte06_permutaciones_combinaciones.pdf, page 15>
Package pdftex.def Info: ../pdf/parte06_permutaciones_combinaciones.pdf , page1
5 used on input line 20.
(pdftex.def)             Requested size: 614.58406pt x 795.3441pt.
 [142

 <../pdf/parte06_permutaciones_combinaciones.pdf>]
<../pdf/parte06_permutaciones_combinaciones.pdf, id=1195, page=16, 614.295pt x 
794.97pt>
File: ../pdf/parte06_permutaciones_combinaciones.pdf Graphic file (type pdf)
<use ../pdf/parte06_permutaciones_combinaciones.pdf, page 16>
Package pdftex.def Info: ../pdf/parte06_permutaciones_combinaciones.pdf , page1
6 used on input line 20.
(pdftex.def)             Requested size: 614.58406pt x 795.3441pt.
File: ../pdf/parte06_permutaciones_combinaciones.pdf Graphic file (type pdf)
<use ../pdf/parte06_permutaciones_combinaciones.pdf, page 16>
Package pdftex.def Info: ../pdf/parte06_permutaciones_combinaciones.pdf , page1
6 used on input line 20.
(pdftex.def)             Requested size: 614.58406pt x 795.3441pt.
File: ../pdf/parte06_permutaciones_combinaciones.pdf Graphic file (type pdf)
<use ../pdf/parte06_permutaciones_combinaciones.pdf, page 16>
Package pdftex.def Info: ../pdf/parte06_permutaciones_combinaciones.pdf , page1
6 used on input line 20.
(pdftex.def)             Requested size: 614.58406pt x 795.3441pt.
 [143

 <../pdf/parte06_permutaciones_combinaciones.pdf>]
<../pdf/parte06_permutaciones_combinaciones.pdf, id=1206, page=17, 614.295pt x 
794.97pt>
File: ../pdf/parte06_permutaciones_combinaciones.pdf Graphic file (type pdf)
<use ../pdf/parte06_permutaciones_combinaciones.pdf, page 17>
Package pdftex.def Info: ../pdf/parte06_permutaciones_combinaciones.pdf , page1
7 used on input line 20.
(pdftex.def)             Requested size: 614.58406pt x 795.3441pt.
File: ../pdf/parte06_permutaciones_combinaciones.pdf Graphic file (type pdf)
<use ../pdf/parte06_permutaciones_combinaciones.pdf, page 17>
Package pdftex.def Info: ../pdf/parte06_permutaciones_combinaciones.pdf , page1
7 used on input line 20.
(pdftex.def)             Requested size: 614.58406pt x 795.3441pt.
File: ../pdf/parte06_permutaciones_combinaciones.pdf Graphic file (type pdf)
<use ../pdf/parte06_permutaciones_combinaciones.pdf, page 17>
Package pdftex.def Info: ../pdf/parte06_permutaciones_combinaciones.pdf , page1
7 used on input line 20.
(pdftex.def)             Requested size: 614.58406pt x 795.3441pt.
 [144

 <../pdf/parte06_permutaciones_combinaciones.pdf>]
<../pdf/parte06_permutaciones_combinaciones.pdf, id=1211, page=18, 614.295pt x 
794.97pt>
File: ../pdf/parte06_permutaciones_combinaciones.pdf Graphic file (type pdf)
<use ../pdf/parte06_permutaciones_combinaciones.pdf, page 18>
Package pdftex.def Info: ../pdf/parte06_permutaciones_combinaciones.pdf , page1
8 used on input line 20.
(pdftex.def)             Requested size: 614.58406pt x 795.3441pt.
File: ../pdf/parte06_permutaciones_combinaciones.pdf Graphic file (type pdf)
<use ../pdf/parte06_permutaciones_combinaciones.pdf, page 18>
Package pdftex.def Info: ../pdf/parte06_permutaciones_combinaciones.pdf , page1
8 used on input line 20.
(pdftex.def)             Requested size: 614.58406pt x 795.3441pt.
File: ../pdf/parte06_permutaciones_combinaciones.pdf Graphic file (type pdf)
<use ../pdf/parte06_permutaciones_combinaciones.pdf, page 18>
Package pdftex.def Info: ../pdf/parte06_permutaciones_combinaciones.pdf , page1
8 used on input line 20.
(pdftex.def)             Requested size: 614.58406pt x 795.3441pt.
 [145

 <../pdf/parte06_permutaciones_combinaciones.pdf>]
<../pdf/parte06_permutaciones_combinaciones.pdf, id=1217, page=19, 614.295pt x 
794.97pt>
File: ../pdf/parte06_permutaciones_combinaciones.pdf Graphic file (type pdf)
<use ../pdf/parte06_permutaciones_combinaciones.pdf, page 19>
Package pdftex.def Info: ../pdf/parte06_permutaciones_combinaciones.pdf , page1
9 used on input line 20.
(pdftex.def)             Requested size: 614.58406pt x 795.3441pt.
File: ../pdf/parte06_permutaciones_combinaciones.pdf Graphic file (type pdf)
<use ../pdf/parte06_permutaciones_combinaciones.pdf, page 19>
Package pdftex.def Info: ../pdf/parte06_permutaciones_combinaciones.pdf , page1
9 used on input line 20.
(pdftex.def)             Requested size: 614.58406pt x 795.3441pt.
File: ../pdf/parte06_permutaciones_combinaciones.pdf Graphic file (type pdf)
<use ../pdf/parte06_permutaciones_combinaciones.pdf, page 19>
Package pdftex.def Info: ../pdf/parte06_permutaciones_combinaciones.pdf , page1
9 used on input line 20.
(pdftex.def)             Requested size: 614.58406pt x 795.3441pt.
 [146

 <../pdf/parte06_permutaciones_combinaciones.pdf>]
<../pdf/parte06_permutaciones_combinaciones.pdf, id=1222, page=20, 614.295pt x 
794.97pt>
File: ../pdf/parte06_permutaciones_combinaciones.pdf Graphic file (type pdf)
<use ../pdf/parte06_permutaciones_combinaciones.pdf, page 20>
Package pdftex.def Info: ../pdf/parte06_permutaciones_combinaciones.pdf , page2
0 used on input line 20.
(pdftex.def)             Requested size: 614.58406pt x 795.3441pt.
File: ../pdf/parte06_permutaciones_combinaciones.pdf Graphic file (type pdf)
<use ../pdf/parte06_permutaciones_combinaciones.pdf, page 20>
Package pdftex.def Info: ../pdf/parte06_permutaciones_combinaciones.pdf , page2
0 used on input line 20.
(pdftex.def)             Requested size: 614.58406pt x 795.3441pt.
File: ../pdf/parte06_permutaciones_combinaciones.pdf Graphic file (type pdf)
<use ../pdf/parte06_permutaciones_combinaciones.pdf, page 20>
Package pdftex.def Info: ../pdf/parte06_permutaciones_combinaciones.pdf , page2
0 used on input line 20.
(pdftex.def)             Requested size: 614.58406pt x 795.3441pt.
 [147

 <../pdf/parte06_permutaciones_combinaciones.pdf>]
<../pdf/parte06_permutaciones_combinaciones.pdf, id=1227, page=21, 614.295pt x 
794.97pt>
File: ../pdf/parte06_permutaciones_combinaciones.pdf Graphic file (type pdf)
<use ../pdf/parte06_permutaciones_combinaciones.pdf, page 21>
Package pdftex.def Info: ../pdf/parte06_permutaciones_combinaciones.pdf , page2
1 used on input line 20.
(pdftex.def)             Requested size: 614.58406pt x 795.3441pt.
File: ../pdf/parte06_permutaciones_combinaciones.pdf Graphic file (type pdf)
<use ../pdf/parte06_permutaciones_combinaciones.pdf, page 21>
Package pdftex.def Info: ../pdf/parte06_permutaciones_combinaciones.pdf , page2
1 used on input line 20.
(pdftex.def)             Requested size: 614.58406pt x 795.3441pt.
File: ../pdf/parte06_permutaciones_combinaciones.pdf Graphic file (type pdf)
<use ../pdf/parte06_permutaciones_combinaciones.pdf, page 21>
Package pdftex.def Info: ../pdf/parte06_permutaciones_combinaciones.pdf , page2
1 used on input line 20.
(pdftex.def)             Requested size: 614.58406pt x 795.3441pt.
 [148

 <../pdf/parte06_permutaciones_combinaciones.pdf>]
<../pdf/parte06_permutaciones_combinaciones.pdf, id=1232, page=22, 614.295pt x 
794.97pt>
File: ../pdf/parte06_permutaciones_combinaciones.pdf Graphic file (type pdf)
<use ../pdf/parte06_permutaciones_combinaciones.pdf, page 22>
Package pdftex.def Info: ../pdf/parte06_permutaciones_combinaciones.pdf , page2
2 used on input line 20.
(pdftex.def)             Requested size: 614.58406pt x 795.3441pt.
File: ../pdf/parte06_permutaciones_combinaciones.pdf Graphic file (type pdf)
<use ../pdf/parte06_permutaciones_combinaciones.pdf, page 22>
Package pdftex.def Info: ../pdf/parte06_permutaciones_combinaciones.pdf , page2
2 used on input line 20.
(pdftex.def)             Requested size: 614.58406pt x 795.3441pt.
File: ../pdf/parte06_permutaciones_combinaciones.pdf Graphic file (type pdf)
<use ../pdf/parte06_permutaciones_combinaciones.pdf, page 22>
Package pdftex.def Info: ../pdf/parte06_permutaciones_combinaciones.pdf , page2
2 used on input line 20.
(pdftex.def)             Requested size: 614.58406pt x 795.3441pt.
 [149

 <../pdf/parte06_permutaciones_combinaciones.pdf>]
<../pdf/parte06_permutaciones_combinaciones.pdf, id=1237, page=23, 614.295pt x 
794.97pt>
File: ../pdf/parte06_permutaciones_combinaciones.pdf Graphic file (type pdf)
<use ../pdf/parte06_permutaciones_combinaciones.pdf, page 23>
Package pdftex.def Info: ../pdf/parte06_permutaciones_combinaciones.pdf , page2
3 used on input line 20.
(pdftex.def)             Requested size: 614.58406pt x 795.3441pt.
File: ../pdf/parte06_permutaciones_combinaciones.pdf Graphic file (type pdf)
<use ../pdf/parte06_permutaciones_combinaciones.pdf, page 23>
Package pdftex.def Info: ../pdf/parte06_permutaciones_combinaciones.pdf , page2
3 used on input line 20.
(pdftex.def)             Requested size: 614.58406pt x 795.3441pt.
File: ../pdf/parte06_permutaciones_combinaciones.pdf Graphic file (type pdf)
<use ../pdf/parte06_permutaciones_combinaciones.pdf, page 23>
Package pdftex.def Info: ../pdf/parte06_permutaciones_combinaciones.pdf , page2
3 used on input line 20.
(pdftex.def)             Requested size: 614.58406pt x 795.3441pt.

[150

 <../pdf/parte06_permutaciones_combinaciones.pdf>]
<../pdf/parte06_permutaciones_combinaciones.pdf, id=1242, page=24, 614.295pt x 
794.97pt>
File: ../pdf/parte06_permutaciones_combinaciones.pdf Graphic file (type pdf)
<use ../pdf/parte06_permutaciones_combinaciones.pdf, page 24>
Package pdftex.def Info: ../pdf/parte06_permutaciones_combinaciones.pdf , page2
4 used on input line 20.
(pdftex.def)             Requested size: 614.58406pt x 795.3441pt.
File: ../pdf/parte06_permutaciones_combinaciones.pdf Graphic file (type pdf)
<use ../pdf/parte06_permutaciones_combinaciones.pdf, page 24>
Package pdftex.def Info: ../pdf/parte06_permutaciones_combinaciones.pdf , page2
4 used on input line 20.
(pdftex.def)             Requested size: 614.58406pt x 795.3441pt.
File: ../pdf/parte06_permutaciones_combinaciones.pdf Graphic file (type pdf)
<use ../pdf/parte06_permutaciones_combinaciones.pdf, page 24>
Package pdftex.def Info: ../pdf/parte06_permutaciones_combinaciones.pdf , page2
4 used on input line 20.
(pdftex.def)             Requested size: 614.58406pt x 795.3441pt.
 [151

 <../pdf/parte06_permutaciones_combinaciones.pdf>]
<../pdf/parte06_permutaciones_combinaciones.pdf, id=1248, page=25, 614.295pt x 
794.97pt>
File: ../pdf/parte06_permutaciones_combinaciones.pdf Graphic file (type pdf)
<use ../pdf/parte06_permutaciones_combinaciones.pdf, page 25>
Package pdftex.def Info: ../pdf/parte06_permutaciones_combinaciones.pdf , page2
5 used on input line 20.
(pdftex.def)             Requested size: 614.58406pt x 795.3441pt.
File: ../pdf/parte06_permutaciones_combinaciones.pdf Graphic file (type pdf)
<use ../pdf/parte06_permutaciones_combinaciones.pdf, page 25>
Package pdftex.def Info: ../pdf/parte06_permutaciones_combinaciones.pdf , page2
5 used on input line 20.
(pdftex.def)             Requested size: 614.58406pt x 795.3441pt.
File: ../pdf/parte06_permutaciones_combinaciones.pdf Graphic file (type pdf)
<use ../pdf/parte06_permutaciones_combinaciones.pdf, page 25>
Package pdftex.def Info: ../pdf/parte06_permutaciones_combinaciones.pdf , page2
5 used on input line 20.
(pdftex.def)             Requested size: 614.58406pt x 795.3441pt.
 [152

 <../pdf/parte06_permutaciones_combinaciones.pdf>]
<../pdf/parte06_permutaciones_combinaciones.pdf, id=1253, page=26, 614.295pt x 
794.97pt>
File: ../pdf/parte06_permutaciones_combinaciones.pdf Graphic file (type pdf)
<use ../pdf/parte06_permutaciones_combinaciones.pdf, page 26>
Package pdftex.def Info: ../pdf/parte06_permutaciones_combinaciones.pdf , page2
6 used on input line 20.
(pdftex.def)             Requested size: 614.58406pt x 795.3441pt.
File: ../pdf/parte06_permutaciones_combinaciones.pdf Graphic file (type pdf)
<use ../pdf/parte06_permutaciones_combinaciones.pdf, page 26>
Package pdftex.def Info: ../pdf/parte06_permutaciones_combinaciones.pdf , page2
6 used on input line 20.
(pdftex.def)             Requested size: 614.58406pt x 795.3441pt.
File: ../pdf/parte06_permutaciones_combinaciones.pdf Graphic file (type pdf)
<use ../pdf/parte06_permutaciones_combinaciones.pdf, page 26>
Package pdftex.def Info: ../pdf/parte06_permutaciones_combinaciones.pdf , page2
6 used on input line 20.
(pdftex.def)             Requested size: 614.58406pt x 795.3441pt.
 [153

 <../pdf/parte06_permutaciones_combinaciones.pdf>]
<../pdf/parte06_permutaciones_combinaciones.pdf, id=1258, page=27, 614.295pt x 
794.97pt>
File: ../pdf/parte06_permutaciones_combinaciones.pdf Graphic file (type pdf)
<use ../pdf/parte06_permutaciones_combinaciones.pdf, page 27>
Package pdftex.def Info: ../pdf/parte06_permutaciones_combinaciones.pdf , page2
7 used on input line 20.
(pdftex.def)             Requested size: 614.58406pt x 795.3441pt.
File: ../pdf/parte06_permutaciones_combinaciones.pdf Graphic file (type pdf)
<use ../pdf/parte06_permutaciones_combinaciones.pdf, page 27>
Package pdftex.def Info: ../pdf/parte06_permutaciones_combinaciones.pdf , page2
7 used on input line 20.
(pdftex.def)             Requested size: 614.58406pt x 795.3441pt.
File: ../pdf/parte06_permutaciones_combinaciones.pdf Graphic file (type pdf)
<use ../pdf/parte06_permutaciones_combinaciones.pdf, page 27>
Package pdftex.def Info: ../pdf/parte06_permutaciones_combinaciones.pdf , page2
7 used on input line 20.
(pdftex.def)             Requested size: 614.58406pt x 795.3441pt.
 [154

 <../pdf/parte06_permutaciones_combinaciones.pdf>]
<../pdf/parte06_permutaciones_combinaciones.pdf, id=1263, page=28, 614.295pt x 
794.97pt>
File: ../pdf/parte06_permutaciones_combinaciones.pdf Graphic file (type pdf)
<use ../pdf/parte06_permutaciones_combinaciones.pdf, page 28>
Package pdftex.def Info: ../pdf/parte06_permutaciones_combinaciones.pdf , page2
8 used on input line 20.
(pdftex.def)             Requested size: 614.58406pt x 795.3441pt.
File: ../pdf/parte06_permutaciones_combinaciones.pdf Graphic file (type pdf)
<use ../pdf/parte06_permutaciones_combinaciones.pdf, page 28>
Package pdftex.def Info: ../pdf/parte06_permutaciones_combinaciones.pdf , page2
8 used on input line 20.
(pdftex.def)             Requested size: 614.58406pt x 795.3441pt.
File: ../pdf/parte06_permutaciones_combinaciones.pdf Graphic file (type pdf)
<use ../pdf/parte06_permutaciones_combinaciones.pdf, page 28>
Package pdftex.def Info: ../pdf/parte06_permutaciones_combinaciones.pdf , page2
8 used on input line 20.
(pdftex.def)             Requested size: 614.58406pt x 795.3441pt.
 [155

 <../pdf/parte06_permutaciones_combinaciones.pdf>]
<../pdf/parte06_permutaciones_combinaciones.pdf, id=1268, page=29, 614.295pt x 
794.97pt>
File: ../pdf/parte06_permutaciones_combinaciones.pdf Graphic file (type pdf)
<use ../pdf/parte06_permutaciones_combinaciones.pdf, page 29>
Package pdftex.def Info: ../pdf/parte06_permutaciones_combinaciones.pdf , page2
9 used on input line 20.
(pdftex.def)             Requested size: 614.58406pt x 795.3441pt.
File: ../pdf/parte06_permutaciones_combinaciones.pdf Graphic file (type pdf)
<use ../pdf/parte06_permutaciones_combinaciones.pdf, page 29>
Package pdftex.def Info: ../pdf/parte06_permutaciones_combinaciones.pdf , page2
9 used on input line 20.
(pdftex.def)             Requested size: 614.58406pt x 795.3441pt.
File: ../pdf/parte06_permutaciones_combinaciones.pdf Graphic file (type pdf)
<use ../pdf/parte06_permutaciones_combinaciones.pdf, page 29>
Package pdftex.def Info: ../pdf/parte06_permutaciones_combinaciones.pdf , page2
9 used on input line 20.
(pdftex.def)             Requested size: 614.58406pt x 795.3441pt.
 [156

 <../pdf/parte06_permutaciones_combinaciones.pdf>]
<../pdf/parte06_permutaciones_combinaciones.pdf, id=1273, page=30, 614.295pt x 
794.97pt>
File: ../pdf/parte06_permutaciones_combinaciones.pdf Graphic file (type pdf)
<use ../pdf/parte06_permutaciones_combinaciones.pdf, page 30>
Package pdftex.def Info: ../pdf/parte06_permutaciones_combinaciones.pdf , page3
0 used on input line 20.
(pdftex.def)             Requested size: 614.58406pt x 795.3441pt.
File: ../pdf/parte06_permutaciones_combinaciones.pdf Graphic file (type pdf)
<use ../pdf/parte06_permutaciones_combinaciones.pdf, page 30>
Package pdftex.def Info: ../pdf/parte06_permutaciones_combinaciones.pdf , page3
0 used on input line 20.
(pdftex.def)             Requested size: 614.58406pt x 795.3441pt.
File: ../pdf/parte06_permutaciones_combinaciones.pdf Graphic file (type pdf)
<use ../pdf/parte06_permutaciones_combinaciones.pdf, page 30>
Package pdftex.def Info: ../pdf/parte06_permutaciones_combinaciones.pdf , page3
0 used on input line 20.
(pdftex.def)             Requested size: 614.58406pt x 795.3441pt.
 [157

 <../pdf/parte06_permutaciones_combinaciones.pdf>]
<../pdf/parte06_permutaciones_combinaciones.pdf, id=1279, page=31, 614.295pt x 
794.97pt>
File: ../pdf/parte06_permutaciones_combinaciones.pdf Graphic file (type pdf)
<use ../pdf/parte06_permutaciones_combinaciones.pdf, page 31>
Package pdftex.def Info: ../pdf/parte06_permutaciones_combinaciones.pdf , page3
1 used on input line 20.
(pdftex.def)             Requested size: 614.58406pt x 795.3441pt.
File: ../pdf/parte06_permutaciones_combinaciones.pdf Graphic file (type pdf)
<use ../pdf/parte06_permutaciones_combinaciones.pdf, page 31>
Package pdftex.def Info: ../pdf/parte06_permutaciones_combinaciones.pdf , page3
1 used on input line 20.
(pdftex.def)             Requested size: 614.58406pt x 795.3441pt.
File: ../pdf/parte06_permutaciones_combinaciones.pdf Graphic file (type pdf)
<use ../pdf/parte06_permutaciones_combinaciones.pdf, page 31>
Package pdftex.def Info: ../pdf/parte06_permutaciones_combinaciones.pdf , page3
1 used on input line 20.
(pdftex.def)             Requested size: 614.58406pt x 795.3441pt.
 [158

 <../pdf/parte06_permutaciones_combinaciones.pdf>]
<../pdf/parte06_permutaciones_combinaciones.pdf, id=1284, page=32, 614.295pt x 
794.97pt>
File: ../pdf/parte06_permutaciones_combinaciones.pdf Graphic file (type pdf)
<use ../pdf/parte06_permutaciones_combinaciones.pdf, page 32>
Package pdftex.def Info: ../pdf/parte06_permutaciones_combinaciones.pdf , page3
2 used on input line 20.
(pdftex.def)             Requested size: 614.58406pt x 795.3441pt.
File: ../pdf/parte06_permutaciones_combinaciones.pdf Graphic file (type pdf)
<use ../pdf/parte06_permutaciones_combinaciones.pdf, page 32>
Package pdftex.def Info: ../pdf/parte06_permutaciones_combinaciones.pdf , page3
2 used on input line 20.
(pdftex.def)             Requested size: 614.58406pt x 795.3441pt.
File: ../pdf/parte06_permutaciones_combinaciones.pdf Graphic file (type pdf)
<use ../pdf/parte06_permutaciones_combinaciones.pdf, page 32>
Package pdftex.def Info: ../pdf/parte06_permutaciones_combinaciones.pdf , page3
2 used on input line 20.
(pdftex.def)             Requested size: 614.58406pt x 795.3441pt.
 [159

 <../pdf/parte06_permutaciones_combinaciones.pdf>]
<../pdf/parte06_permutaciones_combinaciones.pdf, id=1289, page=33, 614.295pt x 
794.97pt>
File: ../pdf/parte06_permutaciones_combinaciones.pdf Graphic file (type pdf)
<use ../pdf/parte06_permutaciones_combinaciones.pdf, page 33>
Package pdftex.def Info: ../pdf/parte06_permutaciones_combinaciones.pdf , page3
3 used on input line 20.
(pdftex.def)             Requested size: 614.58406pt x 795.3441pt.
File: ../pdf/parte06_permutaciones_combinaciones.pdf Graphic file (type pdf)
<use ../pdf/parte06_permutaciones_combinaciones.pdf, page 33>
Package pdftex.def Info: ../pdf/parte06_permutaciones_combinaciones.pdf , page3
3 used on input line 20.
(pdftex.def)             Requested size: 614.58406pt x 795.3441pt.
File: ../pdf/parte06_permutaciones_combinaciones.pdf Graphic file (type pdf)
<use ../pdf/parte06_permutaciones_combinaciones.pdf, page 33>
Package pdftex.def Info: ../pdf/parte06_permutaciones_combinaciones.pdf , page3
3 used on input line 20.
(pdftex.def)             Requested size: 614.58406pt x 795.3441pt.

[160

 <../pdf/parte06_permutaciones_combinaciones.pdf>]
<../pdf/parte06_permutaciones_combinaciones.pdf, id=1294, page=34, 614.295pt x 
794.97pt>
File: ../pdf/parte06_permutaciones_combinaciones.pdf Graphic file (type pdf)
<use ../pdf/parte06_permutaciones_combinaciones.pdf, page 34>
Package pdftex.def Info: ../pdf/parte06_permutaciones_combinaciones.pdf , page3
4 used on input line 20.
(pdftex.def)             Requested size: 614.58406pt x 795.3441pt.
File: ../pdf/parte06_permutaciones_combinaciones.pdf Graphic file (type pdf)
<use ../pdf/parte06_permutaciones_combinaciones.pdf, page 34>
Package pdftex.def Info: ../pdf/parte06_permutaciones_combinaciones.pdf , page3
4 used on input line 20.
(pdftex.def)             Requested size: 614.58406pt x 795.3441pt.
File: ../pdf/parte06_permutaciones_combinaciones.pdf Graphic file (type pdf)
<use ../pdf/parte06_permutaciones_combinaciones.pdf, page 34>
Package pdftex.def Info: ../pdf/parte06_permutaciones_combinaciones.pdf , page3
4 used on input line 20.
(pdftex.def)             Requested size: 614.58406pt x 795.3441pt.
 [161

 <../pdf/parte06_permutaciones_combinaciones.pdf>]
<../pdf/parte07_anagramas_selecciones.pdf, id=1299, 614.295pt x 794.97pt>
File: ../pdf/parte07_anagramas_selecciones.pdf Graphic file (type pdf)
<use ../pdf/parte07_anagramas_selecciones.pdf>
Package pdftex.def Info: ../pdf/parte07_anagramas_selecciones.pdf  used on inpu
t line 21.
(pdftex.def)             Requested size: 614.29349pt x 794.96806pt.
<../pdf/parte07_anagramas_selecciones.pdf, id=1301, page=1, 614.295pt x 794.97p
t>
File: ../pdf/parte07_anagramas_selecciones.pdf Graphic file (type pdf)
<use ../pdf/parte07_anagramas_selecciones.pdf, page 1>
Package pdftex.def Info: ../pdf/parte07_anagramas_selecciones.pdf , page1 used 
on input line 21.
(pdftex.def)             Requested size: 614.29349pt x 794.96806pt.
File: ../pdf/parte07_anagramas_selecciones.pdf Graphic file (type pdf)
<use ../pdf/parte07_anagramas_selecciones.pdf, page 1>
Package pdftex.def Info: ../pdf/parte07_anagramas_selecciones.pdf , page1 used 
on input line 21.
(pdftex.def)             Requested size: 614.58406pt x 795.3441pt.
File: ../pdf/parte07_anagramas_selecciones.pdf Graphic file (type pdf)
<use ../pdf/parte07_anagramas_selecciones.pdf, page 1>
Package pdftex.def Info: ../pdf/parte07_anagramas_selecciones.pdf , page1 used 
on input line 21.
(pdftex.def)             Requested size: 614.58406pt x 795.3441pt.
File: ../pdf/parte07_anagramas_selecciones.pdf Graphic file (type pdf)
<use ../pdf/parte07_anagramas_selecciones.pdf, page 1>
Package pdftex.def Info: ../pdf/parte07_anagramas_selecciones.pdf , page1 used 
on input line 21.
(pdftex.def)             Requested size: 614.58406pt x 795.3441pt.
File: ../pdf/parte07_anagramas_selecciones.pdf Graphic file (type pdf)
<use ../pdf/parte07_anagramas_selecciones.pdf, page 1>
Package pdftex.def Info: ../pdf/parte07_anagramas_selecciones.pdf , page1 used 
on input line 21.
(pdftex.def)             Requested size: 614.58406pt x 795.3441pt.
 [162

 <../pdf/parte07_anagramas_selecciones.pdf>]
<../pdf/parte07_anagramas_selecciones.pdf, id=1344, page=2, 614.295pt x 794.97p
t>
File: ../pdf/parte07_anagramas_selecciones.pdf Graphic file (type pdf)
<use ../pdf/parte07_anagramas_selecciones.pdf, page 2>
Package pdftex.def Info: ../pdf/parte07_anagramas_selecciones.pdf , page2 used 
on input line 21.
(pdftex.def)             Requested size: 614.58406pt x 795.3441pt.
File: ../pdf/parte07_anagramas_selecciones.pdf Graphic file (type pdf)
<use ../pdf/parte07_anagramas_selecciones.pdf, page 2>
Package pdftex.def Info: ../pdf/parte07_anagramas_selecciones.pdf , page2 used 
on input line 21.
(pdftex.def)             Requested size: 614.58406pt x 795.3441pt.
File: ../pdf/parte07_anagramas_selecciones.pdf Graphic file (type pdf)
<use ../pdf/parte07_anagramas_selecciones.pdf, page 2>
Package pdftex.def Info: ../pdf/parte07_anagramas_selecciones.pdf , page2 used 
on input line 21.
(pdftex.def)             Requested size: 614.58406pt x 795.3441pt.
[163

 <../pdf/parte07_anagramas_selecciones.pdf>]
<../pdf/parte07_anagramas_selecciones.pdf, id=1354, page=3, 614.295pt x 794.97p
t>
File: ../pdf/parte07_anagramas_selecciones.pdf Graphic file (type pdf)
<use ../pdf/parte07_anagramas_selecciones.pdf, page 3>
Package pdftex.def Info: ../pdf/parte07_anagramas_selecciones.pdf , page3 used 
on input line 21.
(pdftex.def)             Requested size: 614.58406pt x 795.3441pt.
File: ../pdf/parte07_anagramas_selecciones.pdf Graphic file (type pdf)
<use ../pdf/parte07_anagramas_selecciones.pdf, page 3>
Package pdftex.def Info: ../pdf/parte07_anagramas_selecciones.pdf , page3 used 
on input line 21.
(pdftex.def)             Requested size: 614.58406pt x 795.3441pt.
File: ../pdf/parte07_anagramas_selecciones.pdf Graphic file (type pdf)
<use ../pdf/parte07_anagramas_selecciones.pdf, page 3>
Package pdftex.def Info: ../pdf/parte07_anagramas_selecciones.pdf , page3 used 
on input line 21.
(pdftex.def)             Requested size: 614.58406pt x 795.3441pt.
 [164

 <../pdf/parte07_anagramas_selecciones.pdf>]
<../pdf/parte07_anagramas_selecciones.pdf, id=1363, page=4, 614.295pt x 794.97p
t>
File: ../pdf/parte07_anagramas_selecciones.pdf Graphic file (type pdf)
<use ../pdf/parte07_anagramas_selecciones.pdf, page 4>
Package pdftex.def Info: ../pdf/parte07_anagramas_selecciones.pdf , page4 used 
on input line 21.
(pdftex.def)             Requested size: 614.58406pt x 795.3441pt.
File: ../pdf/parte07_anagramas_selecciones.pdf Graphic file (type pdf)
<use ../pdf/parte07_anagramas_selecciones.pdf, page 4>
Package pdftex.def Info: ../pdf/parte07_anagramas_selecciones.pdf , page4 used 
on input line 21.
(pdftex.def)             Requested size: 614.58406pt x 795.3441pt.
File: ../pdf/parte07_anagramas_selecciones.pdf Graphic file (type pdf)
<use ../pdf/parte07_anagramas_selecciones.pdf, page 4>
Package pdftex.def Info: ../pdf/parte07_anagramas_selecciones.pdf , page4 used 
on input line 21.
(pdftex.def)             Requested size: 614.58406pt x 795.3441pt.
 [165

 <../pdf/parte07_anagramas_selecciones.pdf>]
<../pdf/parte07_anagramas_selecciones.pdf, id=1368, page=5, 614.295pt x 794.97p
t>
File: ../pdf/parte07_anagramas_selecciones.pdf Graphic file (type pdf)
<use ../pdf/parte07_anagramas_selecciones.pdf, page 5>
Package pdftex.def Info: ../pdf/parte07_anagramas_selecciones.pdf , page5 used 
on input line 21.
(pdftex.def)             Requested size: 614.58406pt x 795.3441pt.
File: ../pdf/parte07_anagramas_selecciones.pdf Graphic file (type pdf)
<use ../pdf/parte07_anagramas_selecciones.pdf, page 5>
Package pdftex.def Info: ../pdf/parte07_anagramas_selecciones.pdf , page5 used 
on input line 21.
(pdftex.def)             Requested size: 614.58406pt x 795.3441pt.
File: ../pdf/parte07_anagramas_selecciones.pdf Graphic file (type pdf)
<use ../pdf/parte07_anagramas_selecciones.pdf, page 5>
Package pdftex.def Info: ../pdf/parte07_anagramas_selecciones.pdf , page5 used 
on input line 21.
(pdftex.def)             Requested size: 614.58406pt x 795.3441pt.
 [166

 <../pdf/parte07_anagramas_selecciones.pdf>]
<../pdf/parte07_anagramas_selecciones.pdf, id=1373, page=6, 614.295pt x 794.97p
t>
File: ../pdf/parte07_anagramas_selecciones.pdf Graphic file (type pdf)
<use ../pdf/parte07_anagramas_selecciones.pdf, page 6>
Package pdftex.def Info: ../pdf/parte07_anagramas_selecciones.pdf , page6 used 
on input line 21.
(pdftex.def)             Requested size: 614.58406pt x 795.3441pt.
File: ../pdf/parte07_anagramas_selecciones.pdf Graphic file (type pdf)
<use ../pdf/parte07_anagramas_selecciones.pdf, page 6>
Package pdftex.def Info: ../pdf/parte07_anagramas_selecciones.pdf , page6 used 
on input line 21.
(pdftex.def)             Requested size: 614.58406pt x 795.3441pt.
File: ../pdf/parte07_anagramas_selecciones.pdf Graphic file (type pdf)
<use ../pdf/parte07_anagramas_selecciones.pdf, page 6>
Package pdftex.def Info: ../pdf/parte07_anagramas_selecciones.pdf , page6 used 
on input line 21.
(pdftex.def)             Requested size: 614.58406pt x 795.3441pt.
 [167

 <../pdf/parte07_anagramas_selecciones.pdf>]
<../pdf/parte07_anagramas_selecciones.pdf, id=1378, page=7, 614.295pt x 794.97p
t>
File: ../pdf/parte07_anagramas_selecciones.pdf Graphic file (type pdf)
<use ../pdf/parte07_anagramas_selecciones.pdf, page 7>
Package pdftex.def Info: ../pdf/parte07_anagramas_selecciones.pdf , page7 used 
on input line 21.
(pdftex.def)             Requested size: 614.58406pt x 795.3441pt.
File: ../pdf/parte07_anagramas_selecciones.pdf Graphic file (type pdf)
<use ../pdf/parte07_anagramas_selecciones.pdf, page 7>
Package pdftex.def Info: ../pdf/parte07_anagramas_selecciones.pdf , page7 used 
on input line 21.
(pdftex.def)             Requested size: 614.58406pt x 795.3441pt.
File: ../pdf/parte07_anagramas_selecciones.pdf Graphic file (type pdf)
<use ../pdf/parte07_anagramas_selecciones.pdf, page 7>
Package pdftex.def Info: ../pdf/parte07_anagramas_selecciones.pdf , page7 used 
on input line 21.
(pdftex.def)             Requested size: 614.58406pt x 795.3441pt.
 [168

 <../pdf/parte07_anagramas_selecciones.pdf>]
<../pdf/parte07_anagramas_selecciones.pdf, id=1387, page=8, 614.295pt x 794.97p
t>
File: ../pdf/parte07_anagramas_selecciones.pdf Graphic file (type pdf)
<use ../pdf/parte07_anagramas_selecciones.pdf, page 8>
Package pdftex.def Info: ../pdf/parte07_anagramas_selecciones.pdf , page8 used 
on input line 21.
(pdftex.def)             Requested size: 614.58406pt x 795.3441pt.
File: ../pdf/parte07_anagramas_selecciones.pdf Graphic file (type pdf)
<use ../pdf/parte07_anagramas_selecciones.pdf, page 8>
Package pdftex.def Info: ../pdf/parte07_anagramas_selecciones.pdf , page8 used 
on input line 21.
(pdftex.def)             Requested size: 614.58406pt x 795.3441pt.
File: ../pdf/parte07_anagramas_selecciones.pdf Graphic file (type pdf)
<use ../pdf/parte07_anagramas_selecciones.pdf, page 8>
Package pdftex.def Info: ../pdf/parte07_anagramas_selecciones.pdf , page8 used 
on input line 21.
(pdftex.def)             Requested size: 614.58406pt x 795.3441pt.
 [169

 <../pdf/parte07_anagramas_selecciones.pdf>]
<../pdf/parte07_anagramas_selecciones.pdf, id=1393, page=9, 614.295pt x 794.97p
t>
File: ../pdf/parte07_anagramas_selecciones.pdf Graphic file (type pdf)
<use ../pdf/parte07_anagramas_selecciones.pdf, page 9>
Package pdftex.def Info: ../pdf/parte07_anagramas_selecciones.pdf , page9 used 
on input line 21.
(pdftex.def)             Requested size: 614.58406pt x 795.3441pt.
File: ../pdf/parte07_anagramas_selecciones.pdf Graphic file (type pdf)
<use ../pdf/parte07_anagramas_selecciones.pdf, page 9>
Package pdftex.def Info: ../pdf/parte07_anagramas_selecciones.pdf , page9 used 
on input line 21.
(pdftex.def)             Requested size: 614.58406pt x 795.3441pt.
File: ../pdf/parte07_anagramas_selecciones.pdf Graphic file (type pdf)
<use ../pdf/parte07_anagramas_selecciones.pdf, page 9>
Package pdftex.def Info: ../pdf/parte07_anagramas_selecciones.pdf , page9 used 
on input line 21.
(pdftex.def)             Requested size: 614.58406pt x 795.3441pt.
 [170

 <../pdf/parte07_anagramas_selecciones.pdf>]
<../pdf/parte07_anagramas_selecciones.pdf, id=1402, page=10, 614.295pt x 794.97
pt>
File: ../pdf/parte07_anagramas_selecciones.pdf Graphic file (type pdf)
<use ../pdf/parte07_anagramas_selecciones.pdf, page 10>
Package pdftex.def Info: ../pdf/parte07_anagramas_selecciones.pdf , page10 used
 on input line 21.
(pdftex.def)             Requested size: 614.58406pt x 795.3441pt.
File: ../pdf/parte07_anagramas_selecciones.pdf Graphic file (type pdf)
<use ../pdf/parte07_anagramas_selecciones.pdf, page 10>
Package pdftex.def Info: ../pdf/parte07_anagramas_selecciones.pdf , page10 used
 on input line 21.
(pdftex.def)             Requested size: 614.58406pt x 795.3441pt.
File: ../pdf/parte07_anagramas_selecciones.pdf Graphic file (type pdf)
<use ../pdf/parte07_anagramas_selecciones.pdf, page 10>
Package pdftex.def Info: ../pdf/parte07_anagramas_selecciones.pdf , page10 used
 on input line 21.
(pdftex.def)             Requested size: 614.58406pt x 795.3441pt.

[171

 <../pdf/parte07_anagramas_selecciones.pdf>]
<../pdf/parte07_anagramas_selecciones.pdf, id=1407, page=11, 614.295pt x 794.97
pt>
File: ../pdf/parte07_anagramas_selecciones.pdf Graphic file (type pdf)
<use ../pdf/parte07_anagramas_selecciones.pdf, page 11>
Package pdftex.def Info: ../pdf/parte07_anagramas_selecciones.pdf , page11 used
 on input line 21.
(pdftex.def)             Requested size: 614.58406pt x 795.3441pt.
File: ../pdf/parte07_anagramas_selecciones.pdf Graphic file (type pdf)
<use ../pdf/parte07_anagramas_selecciones.pdf, page 11>
Package pdftex.def Info: ../pdf/parte07_anagramas_selecciones.pdf , page11 used
 on input line 21.
(pdftex.def)             Requested size: 614.58406pt x 795.3441pt.
File: ../pdf/parte07_anagramas_selecciones.pdf Graphic file (type pdf)
<use ../pdf/parte07_anagramas_selecciones.pdf, page 11>
Package pdftex.def Info: ../pdf/parte07_anagramas_selecciones.pdf , page11 used
 on input line 21.
(pdftex.def)             Requested size: 614.58406pt x 795.3441pt.
 [172

 <../pdf/parte07_anagramas_selecciones.pdf>]
<../pdf/parte07_anagramas_selecciones.pdf, id=1412, page=12, 614.295pt x 794.97
pt>
File: ../pdf/parte07_anagramas_selecciones.pdf Graphic file (type pdf)
<use ../pdf/parte07_anagramas_selecciones.pdf, page 12>
Package pdftex.def Info: ../pdf/parte07_anagramas_selecciones.pdf , page12 used
 on input line 21.
(pdftex.def)             Requested size: 614.58406pt x 795.3441pt.
File: ../pdf/parte07_anagramas_selecciones.pdf Graphic file (type pdf)
<use ../pdf/parte07_anagramas_selecciones.pdf, page 12>
Package pdftex.def Info: ../pdf/parte07_anagramas_selecciones.pdf , page12 used
 on input line 21.
(pdftex.def)             Requested size: 614.58406pt x 795.3441pt.
File: ../pdf/parte07_anagramas_selecciones.pdf Graphic file (type pdf)
<use ../pdf/parte07_anagramas_selecciones.pdf, page 12>
Package pdftex.def Info: ../pdf/parte07_anagramas_selecciones.pdf , page12 used
 on input line 21.
(pdftex.def)             Requested size: 614.58406pt x 795.3441pt.
 [173

 <../pdf/parte07_anagramas_selecciones.pdf>]
<../pdf/parte07_anagramas_selecciones.pdf, id=1417, page=13, 614.295pt x 794.97
pt>
File: ../pdf/parte07_anagramas_selecciones.pdf Graphic file (type pdf)
<use ../pdf/parte07_anagramas_selecciones.pdf, page 13>
Package pdftex.def Info: ../pdf/parte07_anagramas_selecciones.pdf , page13 used
 on input line 21.
(pdftex.def)             Requested size: 614.58406pt x 795.3441pt.
File: ../pdf/parte07_anagramas_selecciones.pdf Graphic file (type pdf)
<use ../pdf/parte07_anagramas_selecciones.pdf, page 13>
Package pdftex.def Info: ../pdf/parte07_anagramas_selecciones.pdf , page13 used
 on input line 21.
(pdftex.def)             Requested size: 614.58406pt x 795.3441pt.
File: ../pdf/parte07_anagramas_selecciones.pdf Graphic file (type pdf)
<use ../pdf/parte07_anagramas_selecciones.pdf, page 13>
Package pdftex.def Info: ../pdf/parte07_anagramas_selecciones.pdf , page13 used
 on input line 21.
(pdftex.def)             Requested size: 614.58406pt x 795.3441pt.
 [174

 <../pdf/parte07_anagramas_selecciones.pdf>]
<../pdf/parte07_anagramas_selecciones.pdf, id=1422, page=14, 614.295pt x 794.97
pt>
File: ../pdf/parte07_anagramas_selecciones.pdf Graphic file (type pdf)
<use ../pdf/parte07_anagramas_selecciones.pdf, page 14>
Package pdftex.def Info: ../pdf/parte07_anagramas_selecciones.pdf , page14 used
 on input line 21.
(pdftex.def)             Requested size: 614.58406pt x 795.3441pt.
File: ../pdf/parte07_anagramas_selecciones.pdf Graphic file (type pdf)
<use ../pdf/parte07_anagramas_selecciones.pdf, page 14>
Package pdftex.def Info: ../pdf/parte07_anagramas_selecciones.pdf , page14 used
 on input line 21.
(pdftex.def)             Requested size: 614.58406pt x 795.3441pt.
File: ../pdf/parte07_anagramas_selecciones.pdf Graphic file (type pdf)
<use ../pdf/parte07_anagramas_selecciones.pdf, page 14>
Package pdftex.def Info: ../pdf/parte07_anagramas_selecciones.pdf , page14 used
 on input line 21.
(pdftex.def)             Requested size: 614.58406pt x 795.3441pt.
 [175

 <../pdf/parte07_anagramas_selecciones.pdf>]
<../pdf/parte07_anagramas_selecciones.pdf, id=1428, page=15, 614.295pt x 794.97
pt>
File: ../pdf/parte07_anagramas_selecciones.pdf Graphic file (type pdf)
<use ../pdf/parte07_anagramas_selecciones.pdf, page 15>
Package pdftex.def Info: ../pdf/parte07_anagramas_selecciones.pdf , page15 used
 on input line 21.
(pdftex.def)             Requested size: 614.58406pt x 795.3441pt.
File: ../pdf/parte07_anagramas_selecciones.pdf Graphic file (type pdf)
<use ../pdf/parte07_anagramas_selecciones.pdf, page 15>
Package pdftex.def Info: ../pdf/parte07_anagramas_selecciones.pdf , page15 used
 on input line 21.
(pdftex.def)             Requested size: 614.58406pt x 795.3441pt.
File: ../pdf/parte07_anagramas_selecciones.pdf Graphic file (type pdf)
<use ../pdf/parte07_anagramas_selecciones.pdf, page 15>
Package pdftex.def Info: ../pdf/parte07_anagramas_selecciones.pdf , page15 used
 on input line 21.
(pdftex.def)             Requested size: 614.58406pt x 795.3441pt.
 [176

 <../pdf/parte07_anagramas_selecciones.pdf>]
<../pdf/parte07_anagramas_selecciones.pdf, id=1437, page=16, 614.295pt x 794.97
pt>
File: ../pdf/parte07_anagramas_selecciones.pdf Graphic file (type pdf)
<use ../pdf/parte07_anagramas_selecciones.pdf, page 16>
Package pdftex.def Info: ../pdf/parte07_anagramas_selecciones.pdf , page16 used
 on input line 21.
(pdftex.def)             Requested size: 614.58406pt x 795.3441pt.
File: ../pdf/parte07_anagramas_selecciones.pdf Graphic file (type pdf)
<use ../pdf/parte07_anagramas_selecciones.pdf, page 16>
Package pdftex.def Info: ../pdf/parte07_anagramas_selecciones.pdf , page16 used
 on input line 21.
(pdftex.def)             Requested size: 614.58406pt x 795.3441pt.
File: ../pdf/parte07_anagramas_selecciones.pdf Graphic file (type pdf)
<use ../pdf/parte07_anagramas_selecciones.pdf, page 16>
Package pdftex.def Info: ../pdf/parte07_anagramas_selecciones.pdf , page16 used
 on input line 21.
(pdftex.def)             Requested size: 614.58406pt x 795.3441pt.
 [177

 <../pdf/parte07_anagramas_selecciones.pdf>]
<../pdf/parte07_anagramas_selecciones.pdf, id=1442, page=17, 614.295pt x 794.97
pt>
File: ../pdf/parte07_anagramas_selecciones.pdf Graphic file (type pdf)
<use ../pdf/parte07_anagramas_selecciones.pdf, page 17>
Package pdftex.def Info: ../pdf/parte07_anagramas_selecciones.pdf , page17 used
 on input line 21.
(pdftex.def)             Requested size: 614.58406pt x 795.3441pt.
File: ../pdf/parte07_anagramas_selecciones.pdf Graphic file (type pdf)
<use ../pdf/parte07_anagramas_selecciones.pdf, page 17>
Package pdftex.def Info: ../pdf/parte07_anagramas_selecciones.pdf , page17 used
 on input line 21.
(pdftex.def)             Requested size: 614.58406pt x 795.3441pt.
File: ../pdf/parte07_anagramas_selecciones.pdf Graphic file (type pdf)
<use ../pdf/parte07_anagramas_selecciones.pdf, page 17>
Package pdftex.def Info: ../pdf/parte07_anagramas_selecciones.pdf , page17 used
 on input line 21.
(pdftex.def)             Requested size: 614.58406pt x 795.3441pt.
 [178

 <../pdf/parte07_anagramas_selecciones.pdf>]
<../pdf/parte07_anagramas_selecciones.pdf, id=1447, page=18, 614.295pt x 794.97
pt>
File: ../pdf/parte07_anagramas_selecciones.pdf Graphic file (type pdf)
<use ../pdf/parte07_anagramas_selecciones.pdf, page 18>
Package pdftex.def Info: ../pdf/parte07_anagramas_selecciones.pdf , page18 used
 on input line 21.
(pdftex.def)             Requested size: 614.58406pt x 795.3441pt.
File: ../pdf/parte07_anagramas_selecciones.pdf Graphic file (type pdf)
<use ../pdf/parte07_anagramas_selecciones.pdf, page 18>
Package pdftex.def Info: ../pdf/parte07_anagramas_selecciones.pdf , page18 used
 on input line 21.
(pdftex.def)             Requested size: 614.58406pt x 795.3441pt.
File: ../pdf/parte07_anagramas_selecciones.pdf Graphic file (type pdf)
<use ../pdf/parte07_anagramas_selecciones.pdf, page 18>
Package pdftex.def Info: ../pdf/parte07_anagramas_selecciones.pdf , page18 used
 on input line 21.
(pdftex.def)             Requested size: 614.58406pt x 795.3441pt.

[179

 <../pdf/parte07_anagramas_selecciones.pdf>]
<../pdf/parte07_anagramas_selecciones.pdf, id=1456, page=19, 614.295pt x 794.97
pt>
File: ../pdf/parte07_anagramas_selecciones.pdf Graphic file (type pdf)
<use ../pdf/parte07_anagramas_selecciones.pdf, page 19>
Package pdftex.def Info: ../pdf/parte07_anagramas_selecciones.pdf , page19 used
 on input line 21.
(pdftex.def)             Requested size: 614.58406pt x 795.3441pt.
File: ../pdf/parte07_anagramas_selecciones.pdf Graphic file (type pdf)
<use ../pdf/parte07_anagramas_selecciones.pdf, page 19>
Package pdftex.def Info: ../pdf/parte07_anagramas_selecciones.pdf , page19 used
 on input line 21.
(pdftex.def)             Requested size: 614.58406pt x 795.3441pt.
File: ../pdf/parte07_anagramas_selecciones.pdf Graphic file (type pdf)
<use ../pdf/parte07_anagramas_selecciones.pdf, page 19>
Package pdftex.def Info: ../pdf/parte07_anagramas_selecciones.pdf , page19 used
 on input line 21.
(pdftex.def)             Requested size: 614.58406pt x 795.3441pt.
 [180

 <../pdf/parte07_anagramas_selecciones.pdf>]
<../pdf/parte07_anagramas_selecciones.pdf, id=1461, page=20, 614.295pt x 794.97
pt>
File: ../pdf/parte07_anagramas_selecciones.pdf Graphic file (type pdf)
<use ../pdf/parte07_anagramas_selecciones.pdf, page 20>
Package pdftex.def Info: ../pdf/parte07_anagramas_selecciones.pdf , page20 used
 on input line 21.
(pdftex.def)             Requested size: 614.58406pt x 795.3441pt.
File: ../pdf/parte07_anagramas_selecciones.pdf Graphic file (type pdf)
<use ../pdf/parte07_anagramas_selecciones.pdf, page 20>
Package pdftex.def Info: ../pdf/parte07_anagramas_selecciones.pdf , page20 used
 on input line 21.
(pdftex.def)             Requested size: 614.58406pt x 795.3441pt.
File: ../pdf/parte07_anagramas_selecciones.pdf Graphic file (type pdf)
<use ../pdf/parte07_anagramas_selecciones.pdf, page 20>
Package pdftex.def Info: ../pdf/parte07_anagramas_selecciones.pdf , page20 used
 on input line 21.
(pdftex.def)             Requested size: 614.58406pt x 795.3441pt.
 [181

 <../pdf/parte07_anagramas_selecciones.pdf>]
<../pdf/parte07_anagramas_selecciones.pdf, id=1467, page=21, 614.295pt x 794.97
pt>
File: ../pdf/parte07_anagramas_selecciones.pdf Graphic file (type pdf)
<use ../pdf/parte07_anagramas_selecciones.pdf, page 21>
Package pdftex.def Info: ../pdf/parte07_anagramas_selecciones.pdf , page21 used
 on input line 21.
(pdftex.def)             Requested size: 614.58406pt x 795.3441pt.
File: ../pdf/parte07_anagramas_selecciones.pdf Graphic file (type pdf)
<use ../pdf/parte07_anagramas_selecciones.pdf, page 21>
Package pdftex.def Info: ../pdf/parte07_anagramas_selecciones.pdf , page21 used
 on input line 21.
(pdftex.def)             Requested size: 614.58406pt x 795.3441pt.
File: ../pdf/parte07_anagramas_selecciones.pdf Graphic file (type pdf)
<use ../pdf/parte07_anagramas_selecciones.pdf, page 21>
Package pdftex.def Info: ../pdf/parte07_anagramas_selecciones.pdf , page21 used
 on input line 21.
(pdftex.def)             Requested size: 614.58406pt x 795.3441pt.
 [182

 <../pdf/parte07_anagramas_selecciones.pdf>]
<../pdf/parte07_anagramas_selecciones.pdf, id=1472, page=22, 614.295pt x 794.97
pt>
File: ../pdf/parte07_anagramas_selecciones.pdf Graphic file (type pdf)
<use ../pdf/parte07_anagramas_selecciones.pdf, page 22>
Package pdftex.def Info: ../pdf/parte07_anagramas_selecciones.pdf , page22 used
 on input line 21.
(pdftex.def)             Requested size: 614.58406pt x 795.3441pt.
File: ../pdf/parte07_anagramas_selecciones.pdf Graphic file (type pdf)
<use ../pdf/parte07_anagramas_selecciones.pdf, page 22>
Package pdftex.def Info: ../pdf/parte07_anagramas_selecciones.pdf , page22 used
 on input line 21.
(pdftex.def)             Requested size: 614.58406pt x 795.3441pt.
File: ../pdf/parte07_anagramas_selecciones.pdf Graphic file (type pdf)
<use ../pdf/parte07_anagramas_selecciones.pdf, page 22>
Package pdftex.def Info: ../pdf/parte07_anagramas_selecciones.pdf , page22 used
 on input line 21.
(pdftex.def)             Requested size: 614.58406pt x 795.3441pt.
 [183

 <../pdf/parte07_anagramas_selecciones.pdf>]
<../pdf/parte07_anagramas_selecciones.pdf, id=1477, page=23, 614.295pt x 794.97
pt>
File: ../pdf/parte07_anagramas_selecciones.pdf Graphic file (type pdf)
<use ../pdf/parte07_anagramas_selecciones.pdf, page 23>
Package pdftex.def Info: ../pdf/parte07_anagramas_selecciones.pdf , page23 used
 on input line 21.
(pdftex.def)             Requested size: 614.58406pt x 795.3441pt.
File: ../pdf/parte07_anagramas_selecciones.pdf Graphic file (type pdf)
<use ../pdf/parte07_anagramas_selecciones.pdf, page 23>
Package pdftex.def Info: ../pdf/parte07_anagramas_selecciones.pdf , page23 used
 on input line 21.
(pdftex.def)             Requested size: 614.58406pt x 795.3441pt.
File: ../pdf/parte07_anagramas_selecciones.pdf Graphic file (type pdf)
<use ../pdf/parte07_anagramas_selecciones.pdf, page 23>
Package pdftex.def Info: ../pdf/parte07_anagramas_selecciones.pdf , page23 used
 on input line 21.
(pdftex.def)             Requested size: 614.58406pt x 795.3441pt.
 [184

 <../pdf/parte07_anagramas_selecciones.pdf>]
<../pdf/parte07_anagramas_selecciones.pdf, id=1482, page=24, 614.295pt x 794.97
pt>
File: ../pdf/parte07_anagramas_selecciones.pdf Graphic file (type pdf)
<use ../pdf/parte07_anagramas_selecciones.pdf, page 24>
Package pdftex.def Info: ../pdf/parte07_anagramas_selecciones.pdf , page24 used
 on input line 21.
(pdftex.def)             Requested size: 614.58406pt x 795.3441pt.
File: ../pdf/parte07_anagramas_selecciones.pdf Graphic file (type pdf)
<use ../pdf/parte07_anagramas_selecciones.pdf, page 24>
Package pdftex.def Info: ../pdf/parte07_anagramas_selecciones.pdf , page24 used
 on input line 21.
(pdftex.def)             Requested size: 614.58406pt x 795.3441pt.
File: ../pdf/parte07_anagramas_selecciones.pdf Graphic file (type pdf)
<use ../pdf/parte07_anagramas_selecciones.pdf, page 24>
Package pdftex.def Info: ../pdf/parte07_anagramas_selecciones.pdf , page24 used
 on input line 21.
(pdftex.def)             Requested size: 614.58406pt x 795.3441pt.
 [185

 <../pdf/parte07_anagramas_selecciones.pdf>]
<../pdf/parte07_anagramas_selecciones.pdf, id=1488, page=25, 614.295pt x 794.97
pt>
File: ../pdf/parte07_anagramas_selecciones.pdf Graphic file (type pdf)
<use ../pdf/parte07_anagramas_selecciones.pdf, page 25>
Package pdftex.def Info: ../pdf/parte07_anagramas_selecciones.pdf , page25 used
 on input line 21.
(pdftex.def)             Requested size: 614.58406pt x 795.3441pt.
File: ../pdf/parte07_anagramas_selecciones.pdf Graphic file (type pdf)
<use ../pdf/parte07_anagramas_selecciones.pdf, page 25>
Package pdftex.def Info: ../pdf/parte07_anagramas_selecciones.pdf , page25 used
 on input line 21.
(pdftex.def)             Requested size: 614.58406pt x 795.3441pt.
File: ../pdf/parte07_anagramas_selecciones.pdf Graphic file (type pdf)
<use ../pdf/parte07_anagramas_selecciones.pdf, page 25>
Package pdftex.def Info: ../pdf/parte07_anagramas_selecciones.pdf , page25 used
 on input line 21.
(pdftex.def)             Requested size: 614.58406pt x 795.3441pt.
 [186

 <../pdf/parte07_anagramas_selecciones.pdf>]
<../pdf/parte07_anagramas_selecciones.pdf, id=1493, page=26, 614.295pt x 794.97
pt>
File: ../pdf/parte07_anagramas_selecciones.pdf Graphic file (type pdf)
<use ../pdf/parte07_anagramas_selecciones.pdf, page 26>
Package pdftex.def Info: ../pdf/parte07_anagramas_selecciones.pdf , page26 used
 on input line 21.
(pdftex.def)             Requested size: 614.58406pt x 795.3441pt.
File: ../pdf/parte07_anagramas_selecciones.pdf Graphic file (type pdf)
<use ../pdf/parte07_anagramas_selecciones.pdf, page 26>
Package pdftex.def Info: ../pdf/parte07_anagramas_selecciones.pdf , page26 used
 on input line 21.
(pdftex.def)             Requested size: 614.58406pt x 795.3441pt.
File: ../pdf/parte07_anagramas_selecciones.pdf Graphic file (type pdf)
<use ../pdf/parte07_anagramas_selecciones.pdf, page 26>
Package pdftex.def Info: ../pdf/parte07_anagramas_selecciones.pdf , page26 used
 on input line 21.
(pdftex.def)             Requested size: 614.58406pt x 795.3441pt.

[187

 <../pdf/parte07_anagramas_selecciones.pdf>]
<../pdf/parte07_anagramas_selecciones.pdf, id=1499, page=27, 614.295pt x 794.97
pt>
File: ../pdf/parte07_anagramas_selecciones.pdf Graphic file (type pdf)
<use ../pdf/parte07_anagramas_selecciones.pdf, page 27>
Package pdftex.def Info: ../pdf/parte07_anagramas_selecciones.pdf , page27 used
 on input line 21.
(pdftex.def)             Requested size: 614.58406pt x 795.3441pt.
File: ../pdf/parte07_anagramas_selecciones.pdf Graphic file (type pdf)
<use ../pdf/parte07_anagramas_selecciones.pdf, page 27>
Package pdftex.def Info: ../pdf/parte07_anagramas_selecciones.pdf , page27 used
 on input line 21.
(pdftex.def)             Requested size: 614.58406pt x 795.3441pt.
File: ../pdf/parte07_anagramas_selecciones.pdf Graphic file (type pdf)
<use ../pdf/parte07_anagramas_selecciones.pdf, page 27>
Package pdftex.def Info: ../pdf/parte07_anagramas_selecciones.pdf , page27 used
 on input line 21.
(pdftex.def)             Requested size: 614.58406pt x 795.3441pt.
 [188

 <../pdf/parte07_anagramas_selecciones.pdf>]
<../pdf/parte07_anagramas_selecciones.pdf, id=1504, page=28, 614.295pt x 794.97
pt>
File: ../pdf/parte07_anagramas_selecciones.pdf Graphic file (type pdf)
<use ../pdf/parte07_anagramas_selecciones.pdf, page 28>
Package pdftex.def Info: ../pdf/parte07_anagramas_selecciones.pdf , page28 used
 on input line 21.
(pdftex.def)             Requested size: 614.58406pt x 795.3441pt.
File: ../pdf/parte07_anagramas_selecciones.pdf Graphic file (type pdf)
<use ../pdf/parte07_anagramas_selecciones.pdf, page 28>
Package pdftex.def Info: ../pdf/parte07_anagramas_selecciones.pdf , page28 used
 on input line 21.
(pdftex.def)             Requested size: 614.58406pt x 795.3441pt.
File: ../pdf/parte07_anagramas_selecciones.pdf Graphic file (type pdf)
<use ../pdf/parte07_anagramas_selecciones.pdf, page 28>
Package pdftex.def Info: ../pdf/parte07_anagramas_selecciones.pdf , page28 used
 on input line 21.
(pdftex.def)             Requested size: 614.58406pt x 795.3441pt.
 [189

 <../pdf/parte07_anagramas_selecciones.pdf>]
<../pdf/parte07_anagramas_selecciones.pdf, id=1509, page=29, 614.295pt x 794.97
pt>
File: ../pdf/parte07_anagramas_selecciones.pdf Graphic file (type pdf)
<use ../pdf/parte07_anagramas_selecciones.pdf, page 29>
Package pdftex.def Info: ../pdf/parte07_anagramas_selecciones.pdf , page29 used
 on input line 21.
(pdftex.def)             Requested size: 614.58406pt x 795.3441pt.
File: ../pdf/parte07_anagramas_selecciones.pdf Graphic file (type pdf)
<use ../pdf/parte07_anagramas_selecciones.pdf, page 29>
Package pdftex.def Info: ../pdf/parte07_anagramas_selecciones.pdf , page29 used
 on input line 21.
(pdftex.def)             Requested size: 614.58406pt x 795.3441pt.
File: ../pdf/parte07_anagramas_selecciones.pdf Graphic file (type pdf)
<use ../pdf/parte07_anagramas_selecciones.pdf, page 29>
Package pdftex.def Info: ../pdf/parte07_anagramas_selecciones.pdf , page29 used
 on input line 21.
(pdftex.def)             Requested size: 614.58406pt x 795.3441pt.
 [190

 <../pdf/parte07_anagramas_selecciones.pdf>]
<../pdf/parte07_anagramas_selecciones.pdf, id=1514, page=30, 614.295pt x 794.97
pt>
File: ../pdf/parte07_anagramas_selecciones.pdf Graphic file (type pdf)
<use ../pdf/parte07_anagramas_selecciones.pdf, page 30>
Package pdftex.def Info: ../pdf/parte07_anagramas_selecciones.pdf , page30 used
 on input line 21.
(pdftex.def)             Requested size: 614.58406pt x 795.3441pt.
File: ../pdf/parte07_anagramas_selecciones.pdf Graphic file (type pdf)
<use ../pdf/parte07_anagramas_selecciones.pdf, page 30>
Package pdftex.def Info: ../pdf/parte07_anagramas_selecciones.pdf , page30 used
 on input line 21.
(pdftex.def)             Requested size: 614.58406pt x 795.3441pt.
File: ../pdf/parte07_anagramas_selecciones.pdf Graphic file (type pdf)
<use ../pdf/parte07_anagramas_selecciones.pdf, page 30>
Package pdftex.def Info: ../pdf/parte07_anagramas_selecciones.pdf , page30 used
 on input line 21.
(pdftex.def)             Requested size: 614.58406pt x 795.3441pt.
 [191

 <../pdf/parte07_anagramas_selecciones.pdf>]
<../pdf/parte07_anagramas_selecciones.pdf, id=1519, page=31, 614.295pt x 794.97
pt>
File: ../pdf/parte07_anagramas_selecciones.pdf Graphic file (type pdf)
<use ../pdf/parte07_anagramas_selecciones.pdf, page 31>
Package pdftex.def Info: ../pdf/parte07_anagramas_selecciones.pdf , page31 used
 on input line 21.
(pdftex.def)             Requested size: 614.58406pt x 795.3441pt.
File: ../pdf/parte07_anagramas_selecciones.pdf Graphic file (type pdf)
<use ../pdf/parte07_anagramas_selecciones.pdf, page 31>
Package pdftex.def Info: ../pdf/parte07_anagramas_selecciones.pdf , page31 used
 on input line 21.
(pdftex.def)             Requested size: 614.58406pt x 795.3441pt.
File: ../pdf/parte07_anagramas_selecciones.pdf Graphic file (type pdf)
<use ../pdf/parte07_anagramas_selecciones.pdf, page 31>
Package pdftex.def Info: ../pdf/parte07_anagramas_selecciones.pdf , page31 used
 on input line 21.
(pdftex.def)             Requested size: 614.58406pt x 795.3441pt.
 [192

 <../pdf/parte07_anagramas_selecciones.pdf>]
<../pdf/parte07_anagramas_selecciones.pdf, id=1524, page=32, 614.295pt x 794.97
pt>
File: ../pdf/parte07_anagramas_selecciones.pdf Graphic file (type pdf)
<use ../pdf/parte07_anagramas_selecciones.pdf, page 32>
Package pdftex.def Info: ../pdf/parte07_anagramas_selecciones.pdf , page32 used
 on input line 21.
(pdftex.def)             Requested size: 614.58406pt x 795.3441pt.
File: ../pdf/parte07_anagramas_selecciones.pdf Graphic file (type pdf)
<use ../pdf/parte07_anagramas_selecciones.pdf, page 32>
Package pdftex.def Info: ../pdf/parte07_anagramas_selecciones.pdf , page32 used
 on input line 21.
(pdftex.def)             Requested size: 614.58406pt x 795.3441pt.
File: ../pdf/parte07_anagramas_selecciones.pdf Graphic file (type pdf)
<use ../pdf/parte07_anagramas_selecciones.pdf, page 32>
Package pdftex.def Info: ../pdf/parte07_anagramas_selecciones.pdf , page32 used
 on input line 21.
(pdftex.def)             Requested size: 614.58406pt x 795.3441pt.
 [193

 <../pdf/parte07_anagramas_selecciones.pdf>]
<../pdf/parte07_anagramas_selecciones.pdf, id=1530, page=33, 614.295pt x 794.97
pt>
File: ../pdf/parte07_anagramas_selecciones.pdf Graphic file (type pdf)
<use ../pdf/parte07_anagramas_selecciones.pdf, page 33>
Package pdftex.def Info: ../pdf/parte07_anagramas_selecciones.pdf , page33 used
 on input line 21.
(pdftex.def)             Requested size: 614.58406pt x 795.3441pt.
File: ../pdf/parte07_anagramas_selecciones.pdf Graphic file (type pdf)
<use ../pdf/parte07_anagramas_selecciones.pdf, page 33>
Package pdftex.def Info: ../pdf/parte07_anagramas_selecciones.pdf , page33 used
 on input line 21.
(pdftex.def)             Requested size: 614.58406pt x 795.3441pt.
File: ../pdf/parte07_anagramas_selecciones.pdf Graphic file (type pdf)
<use ../pdf/parte07_anagramas_selecciones.pdf, page 33>
Package pdftex.def Info: ../pdf/parte07_anagramas_selecciones.pdf , page33 used
 on input line 21.
(pdftex.def)             Requested size: 614.58406pt x 795.3441pt.
 [194

 <../pdf/parte07_anagramas_selecciones.pdf>]
<../pdf/parte07_anagramas_selecciones.pdf, id=1535, page=34, 614.295pt x 794.97
pt>
File: ../pdf/parte07_anagramas_selecciones.pdf Graphic file (type pdf)
<use ../pdf/parte07_anagramas_selecciones.pdf, page 34>
Package pdftex.def Info: ../pdf/parte07_anagramas_selecciones.pdf , page34 used
 on input line 21.
(pdftex.def)             Requested size: 614.58406pt x 795.3441pt.
File: ../pdf/parte07_anagramas_selecciones.pdf Graphic file (type pdf)
<use ../pdf/parte07_anagramas_selecciones.pdf, page 34>
Package pdftex.def Info: ../pdf/parte07_anagramas_selecciones.pdf , page34 used
 on input line 21.
(pdftex.def)             Requested size: 614.58406pt x 795.3441pt.
File: ../pdf/parte07_anagramas_selecciones.pdf Graphic file (type pdf)
<use ../pdf/parte07_anagramas_selecciones.pdf, page 34>
Package pdftex.def Info: ../pdf/parte07_anagramas_selecciones.pdf , page34 used
 on input line 21.
(pdftex.def)             Requested size: 614.58406pt x 795.3441pt.

[195

 <../pdf/parte07_anagramas_selecciones.pdf>]
<../pdf/parte08_distribuciones.pdf, id=1540, 614.295pt x 794.97pt>
File: ../pdf/parte08_distribuciones.pdf Graphic file (type pdf)
<use ../pdf/parte08_distribuciones.pdf>
Package pdftex.def Info: ../pdf/parte08_distribuciones.pdf  used on input line 
22.
(pdftex.def)             Requested size: 614.29349pt x 794.96806pt.
<../pdf/parte08_distribuciones.pdf, id=1542, page=1, 614.295pt x 794.97pt>
File: ../pdf/parte08_distribuciones.pdf Graphic file (type pdf)
<use ../pdf/parte08_distribuciones.pdf, page 1>
Package pdftex.def Info: ../pdf/parte08_distribuciones.pdf , page1 used on inpu
t line 22.
(pdftex.def)             Requested size: 614.29349pt x 794.96806pt.
File: ../pdf/parte08_distribuciones.pdf Graphic file (type pdf)
<use ../pdf/parte08_distribuciones.pdf, page 1>
Package pdftex.def Info: ../pdf/parte08_distribuciones.pdf , page1 used on inpu
t line 22.
(pdftex.def)             Requested size: 614.58406pt x 795.3441pt.
File: ../pdf/parte08_distribuciones.pdf Graphic file (type pdf)
<use ../pdf/parte08_distribuciones.pdf, page 1>
Package pdftex.def Info: ../pdf/parte08_distribuciones.pdf , page1 used on inpu
t line 22.
(pdftex.def)             Requested size: 614.58406pt x 795.3441pt.
File: ../pdf/parte08_distribuciones.pdf Graphic file (type pdf)
<use ../pdf/parte08_distribuciones.pdf, page 1>
Package pdftex.def Info: ../pdf/parte08_distribuciones.pdf , page1 used on inpu
t line 22.
(pdftex.def)             Requested size: 614.58406pt x 795.3441pt.
File: ../pdf/parte08_distribuciones.pdf Graphic file (type pdf)
<use ../pdf/parte08_distribuciones.pdf, page 1>
Package pdftex.def Info: ../pdf/parte08_distribuciones.pdf , page1 used on inpu
t line 22.
(pdftex.def)             Requested size: 614.58406pt x 795.3441pt.
 [196

 <../pdf/parte08_distribuciones.pdf>]
<../pdf/parte08_distribuciones.pdf, id=1588, page=2, 614.295pt x 794.97pt>
File: ../pdf/parte08_distribuciones.pdf Graphic file (type pdf)
<use ../pdf/parte08_distribuciones.pdf, page 2>
Package pdftex.def Info: ../pdf/parte08_distribuciones.pdf , page2 used on inpu
t line 22.
(pdftex.def)             Requested size: 614.58406pt x 795.3441pt.
File: ../pdf/parte08_distribuciones.pdf Graphic file (type pdf)
<use ../pdf/parte08_distribuciones.pdf, page 2>
Package pdftex.def Info: ../pdf/parte08_distribuciones.pdf , page2 used on inpu
t line 22.
(pdftex.def)             Requested size: 614.58406pt x 795.3441pt.
File: ../pdf/parte08_distribuciones.pdf Graphic file (type pdf)
<use ../pdf/parte08_distribuciones.pdf, page 2>
Package pdftex.def Info: ../pdf/parte08_distribuciones.pdf , page2 used on inpu
t line 22.
(pdftex.def)             Requested size: 614.58406pt x 795.3441pt.
 [197

 <../pdf/parte08_distribuciones.pdf>]
<../pdf/parte08_distribuciones.pdf, id=1593, page=3, 614.295pt x 794.97pt>
File: ../pdf/parte08_distribuciones.pdf Graphic file (type pdf)
<use ../pdf/parte08_distribuciones.pdf, page 3>
Package pdftex.def Info: ../pdf/parte08_distribuciones.pdf , page3 used on inpu
t line 22.
(pdftex.def)             Requested size: 614.58406pt x 795.3441pt.
File: ../pdf/parte08_distribuciones.pdf Graphic file (type pdf)
<use ../pdf/parte08_distribuciones.pdf, page 3>
Package pdftex.def Info: ../pdf/parte08_distribuciones.pdf , page3 used on inpu
t line 22.
(pdftex.def)             Requested size: 614.58406pt x 795.3441pt.
File: ../pdf/parte08_distribuciones.pdf Graphic file (type pdf)
<use ../pdf/parte08_distribuciones.pdf, page 3>
Package pdftex.def Info: ../pdf/parte08_distribuciones.pdf , page3 used on inpu
t line 22.
(pdftex.def)             Requested size: 614.58406pt x 795.3441pt.
 [198

 <../pdf/parte08_distribuciones.pdf>]
<../pdf/parte08_distribuciones.pdf, id=1598, page=4, 614.295pt x 794.97pt>
File: ../pdf/parte08_distribuciones.pdf Graphic file (type pdf)
<use ../pdf/parte08_distribuciones.pdf, page 4>
Package pdftex.def Info: ../pdf/parte08_distribuciones.pdf , page4 used on inpu
t line 22.
(pdftex.def)             Requested size: 614.58406pt x 795.3441pt.
File: ../pdf/parte08_distribuciones.pdf Graphic file (type pdf)
<use ../pdf/parte08_distribuciones.pdf, page 4>
Package pdftex.def Info: ../pdf/parte08_distribuciones.pdf , page4 used on inpu
t line 22.
(pdftex.def)             Requested size: 614.58406pt x 795.3441pt.
File: ../pdf/parte08_distribuciones.pdf Graphic file (type pdf)
<use ../pdf/parte08_distribuciones.pdf, page 4>
Package pdftex.def Info: ../pdf/parte08_distribuciones.pdf , page4 used on inpu
t line 22.
(pdftex.def)             Requested size: 614.58406pt x 795.3441pt.
 [199

 <../pdf/parte08_distribuciones.pdf>]
<../pdf/parte08_distribuciones.pdf, id=1608, page=5, 614.295pt x 794.97pt>
File: ../pdf/parte08_distribuciones.pdf Graphic file (type pdf)
<use ../pdf/parte08_distribuciones.pdf, page 5>
Package pdftex.def Info: ../pdf/parte08_distribuciones.pdf , page5 used on inpu
t line 22.
(pdftex.def)             Requested size: 614.58406pt x 795.3441pt.
File: ../pdf/parte08_distribuciones.pdf Graphic file (type pdf)
<use ../pdf/parte08_distribuciones.pdf, page 5>
Package pdftex.def Info: ../pdf/parte08_distribuciones.pdf , page5 used on inpu
t line 22.
(pdftex.def)             Requested size: 614.58406pt x 795.3441pt.
File: ../pdf/parte08_distribuciones.pdf Graphic file (type pdf)
<use ../pdf/parte08_distribuciones.pdf, page 5>
Package pdftex.def Info: ../pdf/parte08_distribuciones.pdf , page5 used on inpu
t line 22.
(pdftex.def)             Requested size: 614.58406pt x 795.3441pt.
 [200

 <../pdf/parte08_distribuciones.pdf>]
<../pdf/parte08_distribuciones.pdf, id=1617, page=6, 614.295pt x 794.97pt>
File: ../pdf/parte08_distribuciones.pdf Graphic file (type pdf)
<use ../pdf/parte08_distribuciones.pdf, page 6>
Package pdftex.def Info: ../pdf/parte08_distribuciones.pdf , page6 used on inpu
t line 22.
(pdftex.def)             Requested size: 614.58406pt x 795.3441pt.
File: ../pdf/parte08_distribuciones.pdf Graphic file (type pdf)
<use ../pdf/parte08_distribuciones.pdf, page 6>
Package pdftex.def Info: ../pdf/parte08_distribuciones.pdf , page6 used on inpu
t line 22.
(pdftex.def)             Requested size: 614.58406pt x 795.3441pt.
File: ../pdf/parte08_distribuciones.pdf Graphic file (type pdf)
<use ../pdf/parte08_distribuciones.pdf, page 6>
Package pdftex.def Info: ../pdf/parte08_distribuciones.pdf , page6 used on inpu
t line 22.
(pdftex.def)             Requested size: 614.58406pt x 795.3441pt.
 [201

 <../pdf/parte08_distribuciones.pdf>]
<../pdf/parte08_distribuciones.pdf, id=1622, page=7, 614.295pt x 794.97pt>
File: ../pdf/parte08_distribuciones.pdf Graphic file (type pdf)
<use ../pdf/parte08_distribuciones.pdf, page 7>
Package pdftex.def Info: ../pdf/parte08_distribuciones.pdf , page7 used on inpu
t line 22.
(pdftex.def)             Requested size: 614.58406pt x 795.3441pt.
File: ../pdf/parte08_distribuciones.pdf Graphic file (type pdf)
<use ../pdf/parte08_distribuciones.pdf, page 7>
Package pdftex.def Info: ../pdf/parte08_distribuciones.pdf , page7 used on inpu
t line 22.
(pdftex.def)             Requested size: 614.58406pt x 795.3441pt.
File: ../pdf/parte08_distribuciones.pdf Graphic file (type pdf)
<use ../pdf/parte08_distribuciones.pdf, page 7>
Package pdftex.def Info: ../pdf/parte08_distribuciones.pdf , page7 used on inpu
t line 22.
(pdftex.def)             Requested size: 614.58406pt x 795.3441pt.
 [202

 <../pdf/parte08_distribuciones.pdf>]
<../pdf/parte08_distribuciones.pdf, id=1627, page=8, 614.295pt x 794.97pt>
File: ../pdf/parte08_distribuciones.pdf Graphic file (type pdf)
<use ../pdf/parte08_distribuciones.pdf, page 8>
Package pdftex.def Info: ../pdf/parte08_distribuciones.pdf , page8 used on inpu
t line 22.
(pdftex.def)             Requested size: 614.58406pt x 795.3441pt.
File: ../pdf/parte08_distribuciones.pdf Graphic file (type pdf)
<use ../pdf/parte08_distribuciones.pdf, page 8>
Package pdftex.def Info: ../pdf/parte08_distribuciones.pdf , page8 used on inpu
t line 22.
(pdftex.def)             Requested size: 614.58406pt x 795.3441pt.
File: ../pdf/parte08_distribuciones.pdf Graphic file (type pdf)
<use ../pdf/parte08_distribuciones.pdf, page 8>
Package pdftex.def Info: ../pdf/parte08_distribuciones.pdf , page8 used on inpu
t line 22.
(pdftex.def)             Requested size: 614.58406pt x 795.3441pt.
 [203

 <../pdf/parte08_distribuciones.pdf>]
<../pdf/parte08_distribuciones.pdf, id=1632, page=9, 614.295pt x 794.97pt>
File: ../pdf/parte08_distribuciones.pdf Graphic file (type pdf)
<use ../pdf/parte08_distribuciones.pdf, page 9>
Package pdftex.def Info: ../pdf/parte08_distribuciones.pdf , page9 used on inpu
t line 22.
(pdftex.def)             Requested size: 614.58406pt x 795.3441pt.
File: ../pdf/parte08_distribuciones.pdf Graphic file (type pdf)
<use ../pdf/parte08_distribuciones.pdf, page 9>
Package pdftex.def Info: ../pdf/parte08_distribuciones.pdf , page9 used on inpu
t line 22.
(pdftex.def)             Requested size: 614.58406pt x 795.3441pt.
File: ../pdf/parte08_distribuciones.pdf Graphic file (type pdf)
<use ../pdf/parte08_distribuciones.pdf, page 9>
Package pdftex.def Info: ../pdf/parte08_distribuciones.pdf , page9 used on inpu
t line 22.
(pdftex.def)             Requested size: 614.58406pt x 795.3441pt.
 [204

 <../pdf/parte08_distribuciones.pdf>]
<../pdf/parte08_distribuciones.pdf, id=1637, page=10, 614.295pt x 794.97pt>
File: ../pdf/parte08_distribuciones.pdf Graphic file (type pdf)
<use ../pdf/parte08_distribuciones.pdf, page 10>
Package pdftex.def Info: ../pdf/parte08_distribuciones.pdf , page10 used on inp
ut line 22.
(pdftex.def)             Requested size: 614.58406pt x 795.3441pt.
File: ../pdf/parte08_distribuciones.pdf Graphic file (type pdf)
<use ../pdf/parte08_distribuciones.pdf, page 10>
Package pdftex.def Info: ../pdf/parte08_distribuciones.pdf , page10 used on inp
ut line 22.
(pdftex.def)             Requested size: 614.58406pt x 795.3441pt.
File: ../pdf/parte08_distribuciones.pdf Graphic file (type pdf)
<use ../pdf/parte08_distribuciones.pdf, page 10>
Package pdftex.def Info: ../pdf/parte08_distribuciones.pdf , page10 used on inp
ut line 22.
(pdftex.def)             Requested size: 614.58406pt x 795.3441pt.
 [205

 <../pdf/parte08_distribuciones.pdf>]
<../pdf/parte08_distribuciones.pdf, id=1643, page=11, 614.295pt x 794.97pt>
File: ../pdf/parte08_distribuciones.pdf Graphic file (type pdf)
<use ../pdf/parte08_distribuciones.pdf, page 11>
Package pdftex.def Info: ../pdf/parte08_distribuciones.pdf , page11 used on inp
ut line 22.
(pdftex.def)             Requested size: 614.58406pt x 795.3441pt.
File: ../pdf/parte08_distribuciones.pdf Graphic file (type pdf)
<use ../pdf/parte08_distribuciones.pdf, page 11>
Package pdftex.def Info: ../pdf/parte08_distribuciones.pdf , page11 used on inp
ut line 22.
(pdftex.def)             Requested size: 614.58406pt x 795.3441pt.
File: ../pdf/parte08_distribuciones.pdf Graphic file (type pdf)
<use ../pdf/parte08_distribuciones.pdf, page 11>
Package pdftex.def Info: ../pdf/parte08_distribuciones.pdf , page11 used on inp
ut line 22.
(pdftex.def)             Requested size: 614.58406pt x 795.3441pt.

[206

 <../pdf/parte08_distribuciones.pdf>]
<../pdf/parte08_distribuciones.pdf, id=1649, page=12, 614.295pt x 794.97pt>
File: ../pdf/parte08_distribuciones.pdf Graphic file (type pdf)
<use ../pdf/parte08_distribuciones.pdf, page 12>
Package pdftex.def Info: ../pdf/parte08_distribuciones.pdf , page12 used on inp
ut line 22.
(pdftex.def)             Requested size: 614.58406pt x 795.3441pt.
File: ../pdf/parte08_distribuciones.pdf Graphic file (type pdf)
<use ../pdf/parte08_distribuciones.pdf, page 12>
Package pdftex.def Info: ../pdf/parte08_distribuciones.pdf , page12 used on inp
ut line 22.
(pdftex.def)             Requested size: 614.58406pt x 795.3441pt.
File: ../pdf/parte08_distribuciones.pdf Graphic file (type pdf)
<use ../pdf/parte08_distribuciones.pdf, page 12>
Package pdftex.def Info: ../pdf/parte08_distribuciones.pdf , page12 used on inp
ut line 22.
(pdftex.def)             Requested size: 614.58406pt x 795.3441pt.
 [207

 <../pdf/parte08_distribuciones.pdf>]
<../pdf/parte08_distribuciones.pdf, id=1654, page=13, 614.295pt x 794.97pt>
File: ../pdf/parte08_distribuciones.pdf Graphic file (type pdf)
<use ../pdf/parte08_distribuciones.pdf, page 13>
Package pdftex.def Info: ../pdf/parte08_distribuciones.pdf , page13 used on inp
ut line 22.
(pdftex.def)             Requested size: 614.58406pt x 795.3441pt.
File: ../pdf/parte08_distribuciones.pdf Graphic file (type pdf)
<use ../pdf/parte08_distribuciones.pdf, page 13>
Package pdftex.def Info: ../pdf/parte08_distribuciones.pdf , page13 used on inp
ut line 22.
(pdftex.def)             Requested size: 614.58406pt x 795.3441pt.
File: ../pdf/parte08_distribuciones.pdf Graphic file (type pdf)
<use ../pdf/parte08_distribuciones.pdf, page 13>
Package pdftex.def Info: ../pdf/parte08_distribuciones.pdf , page13 used on inp
ut line 22.
(pdftex.def)             Requested size: 614.58406pt x 795.3441pt.
 [208

 <../pdf/parte08_distribuciones.pdf>]
<../pdf/parte08_distribuciones.pdf, id=1659, page=14, 614.295pt x 794.97pt>
File: ../pdf/parte08_distribuciones.pdf Graphic file (type pdf)
<use ../pdf/parte08_distribuciones.pdf, page 14>
Package pdftex.def Info: ../pdf/parte08_distribuciones.pdf , page14 used on inp
ut line 22.
(pdftex.def)             Requested size: 614.58406pt x 795.3441pt.
File: ../pdf/parte08_distribuciones.pdf Graphic file (type pdf)
<use ../pdf/parte08_distribuciones.pdf, page 14>
Package pdftex.def Info: ../pdf/parte08_distribuciones.pdf , page14 used on inp
ut line 22.
(pdftex.def)             Requested size: 614.58406pt x 795.3441pt.
File: ../pdf/parte08_distribuciones.pdf Graphic file (type pdf)
<use ../pdf/parte08_distribuciones.pdf, page 14>
Package pdftex.def Info: ../pdf/parte08_distribuciones.pdf , page14 used on inp
ut line 22.
(pdftex.def)             Requested size: 614.58406pt x 795.3441pt.
 [209

 <../pdf/parte08_distribuciones.pdf>]
<../pdf/parte08_distribuciones.pdf, id=1664, page=15, 614.295pt x 794.97pt>
File: ../pdf/parte08_distribuciones.pdf Graphic file (type pdf)
<use ../pdf/parte08_distribuciones.pdf, page 15>
Package pdftex.def Info: ../pdf/parte08_distribuciones.pdf , page15 used on inp
ut line 22.
(pdftex.def)             Requested size: 614.58406pt x 795.3441pt.
File: ../pdf/parte08_distribuciones.pdf Graphic file (type pdf)
<use ../pdf/parte08_distribuciones.pdf, page 15>
Package pdftex.def Info: ../pdf/parte08_distribuciones.pdf , page15 used on inp
ut line 22.
(pdftex.def)             Requested size: 614.58406pt x 795.3441pt.
File: ../pdf/parte08_distribuciones.pdf Graphic file (type pdf)
<use ../pdf/parte08_distribuciones.pdf, page 15>
Package pdftex.def Info: ../pdf/parte08_distribuciones.pdf , page15 used on inp
ut line 22.
(pdftex.def)             Requested size: 614.58406pt x 795.3441pt.
 [210

 <../pdf/parte08_distribuciones.pdf>]
<../pdf/parte08_distribuciones.pdf, id=1669, page=16, 614.295pt x 794.97pt>
File: ../pdf/parte08_distribuciones.pdf Graphic file (type pdf)
<use ../pdf/parte08_distribuciones.pdf, page 16>
Package pdftex.def Info: ../pdf/parte08_distribuciones.pdf , page16 used on inp
ut line 22.
(pdftex.def)             Requested size: 614.58406pt x 795.3441pt.
File: ../pdf/parte08_distribuciones.pdf Graphic file (type pdf)
<use ../pdf/parte08_distribuciones.pdf, page 16>
Package pdftex.def Info: ../pdf/parte08_distribuciones.pdf , page16 used on inp
ut line 22.
(pdftex.def)             Requested size: 614.58406pt x 795.3441pt.
File: ../pdf/parte08_distribuciones.pdf Graphic file (type pdf)
<use ../pdf/parte08_distribuciones.pdf, page 16>
Package pdftex.def Info: ../pdf/parte08_distribuciones.pdf , page16 used on inp
ut line 22.
(pdftex.def)             Requested size: 614.58406pt x 795.3441pt.
 [211

 <../pdf/parte08_distribuciones.pdf>]
<../pdf/parte08_distribuciones.pdf, id=1675, page=17, 614.295pt x 794.97pt>
File: ../pdf/parte08_distribuciones.pdf Graphic file (type pdf)
<use ../pdf/parte08_distribuciones.pdf, page 17>
Package pdftex.def Info: ../pdf/parte08_distribuciones.pdf , page17 used on inp
ut line 22.
(pdftex.def)             Requested size: 614.58406pt x 795.3441pt.
File: ../pdf/parte08_distribuciones.pdf Graphic file (type pdf)
<use ../pdf/parte08_distribuciones.pdf, page 17>
Package pdftex.def Info: ../pdf/parte08_distribuciones.pdf , page17 used on inp
ut line 22.
(pdftex.def)             Requested size: 614.58406pt x 795.3441pt.
File: ../pdf/parte08_distribuciones.pdf Graphic file (type pdf)
<use ../pdf/parte08_distribuciones.pdf, page 17>
Package pdftex.def Info: ../pdf/parte08_distribuciones.pdf , page17 used on inp
ut line 22.
(pdftex.def)             Requested size: 614.58406pt x 795.3441pt.
 [212

 <../pdf/parte08_distribuciones.pdf>]
<../pdf/parte08_distribuciones.pdf, id=1680, page=18, 614.295pt x 794.97pt>
File: ../pdf/parte08_distribuciones.pdf Graphic file (type pdf)
<use ../pdf/parte08_distribuciones.pdf, page 18>
Package pdftex.def Info: ../pdf/parte08_distribuciones.pdf , page18 used on inp
ut line 22.
(pdftex.def)             Requested size: 614.58406pt x 795.3441pt.
File: ../pdf/parte08_distribuciones.pdf Graphic file (type pdf)
<use ../pdf/parte08_distribuciones.pdf, page 18>
Package pdftex.def Info: ../pdf/parte08_distribuciones.pdf , page18 used on inp
ut line 22.
(pdftex.def)             Requested size: 614.58406pt x 795.3441pt.
File: ../pdf/parte08_distribuciones.pdf Graphic file (type pdf)
<use ../pdf/parte08_distribuciones.pdf, page 18>
Package pdftex.def Info: ../pdf/parte08_distribuciones.pdf , page18 used on inp
ut line 22.
(pdftex.def)             Requested size: 614.58406pt x 795.3441pt.
 [213

 <../pdf/parte08_distribuciones.pdf>]
<../pdf/parte08_distribuciones.pdf, id=1685, page=19, 614.295pt x 794.97pt>
File: ../pdf/parte08_distribuciones.pdf Graphic file (type pdf)
<use ../pdf/parte08_distribuciones.pdf, page 19>
Package pdftex.def Info: ../pdf/parte08_distribuciones.pdf , page19 used on inp
ut line 22.
(pdftex.def)             Requested size: 614.58406pt x 795.3441pt.
File: ../pdf/parte08_distribuciones.pdf Graphic file (type pdf)
<use ../pdf/parte08_distribuciones.pdf, page 19>
Package pdftex.def Info: ../pdf/parte08_distribuciones.pdf , page19 used on inp
ut line 22.
(pdftex.def)             Requested size: 614.58406pt x 795.3441pt.
File: ../pdf/parte08_distribuciones.pdf Graphic file (type pdf)
<use ../pdf/parte08_distribuciones.pdf, page 19>
Package pdftex.def Info: ../pdf/parte08_distribuciones.pdf , page19 used on inp
ut line 22.
(pdftex.def)             Requested size: 614.58406pt x 795.3441pt.
 [214

 <../pdf/parte08_distribuciones.pdf>]
<../pdf/parte08_distribuciones.pdf, id=1690, page=20, 614.295pt x 794.97pt>
File: ../pdf/parte08_distribuciones.pdf Graphic file (type pdf)
<use ../pdf/parte08_distribuciones.pdf, page 20>
Package pdftex.def Info: ../pdf/parte08_distribuciones.pdf , page20 used on inp
ut line 22.
(pdftex.def)             Requested size: 614.58406pt x 795.3441pt.
File: ../pdf/parte08_distribuciones.pdf Graphic file (type pdf)
<use ../pdf/parte08_distribuciones.pdf, page 20>
Package pdftex.def Info: ../pdf/parte08_distribuciones.pdf , page20 used on inp
ut line 22.
(pdftex.def)             Requested size: 614.58406pt x 795.3441pt.
File: ../pdf/parte08_distribuciones.pdf Graphic file (type pdf)
<use ../pdf/parte08_distribuciones.pdf, page 20>
Package pdftex.def Info: ../pdf/parte08_distribuciones.pdf , page20 used on inp
ut line 22.
(pdftex.def)             Requested size: 614.58406pt x 795.3441pt.
 [215

 <../pdf/parte08_distribuciones.pdf>]
<../pdf/parte08_distribuciones.pdf, id=1705, page=21, 614.295pt x 794.97pt>
File: ../pdf/parte08_distribuciones.pdf Graphic file (type pdf)
<use ../pdf/parte08_distribuciones.pdf, page 21>
Package pdftex.def Info: ../pdf/parte08_distribuciones.pdf , page21 used on inp
ut line 22.
(pdftex.def)             Requested size: 614.58406pt x 795.3441pt.
File: ../pdf/parte08_distribuciones.pdf Graphic file (type pdf)
<use ../pdf/parte08_distribuciones.pdf, page 21>
Package pdftex.def Info: ../pdf/parte08_distribuciones.pdf , page21 used on inp
ut line 22.
(pdftex.def)             Requested size: 614.58406pt x 795.3441pt.
File: ../pdf/parte08_distribuciones.pdf Graphic file (type pdf)
<use ../pdf/parte08_distribuciones.pdf, page 21>
Package pdftex.def Info: ../pdf/parte08_distribuciones.pdf , page21 used on inp
ut line 22.
(pdftex.def)             Requested size: 614.58406pt x 795.3441pt.
 [216

 <../pdf/parte08_distribuciones.pdf>]
<../pdf/parte08_distribuciones.pdf, id=1710, page=22, 614.295pt x 794.97pt>
File: ../pdf/parte08_distribuciones.pdf Graphic file (type pdf)
<use ../pdf/parte08_distribuciones.pdf, page 22>
Package pdftex.def Info: ../pdf/parte08_distribuciones.pdf , page22 used on inp
ut line 22.
(pdftex.def)             Requested size: 614.58406pt x 795.3441pt.
File: ../pdf/parte08_distribuciones.pdf Graphic file (type pdf)
<use ../pdf/parte08_distribuciones.pdf, page 22>
Package pdftex.def Info: ../pdf/parte08_distribuciones.pdf , page22 used on inp
ut line 22.
(pdftex.def)             Requested size: 614.58406pt x 795.3441pt.
File: ../pdf/parte08_distribuciones.pdf Graphic file (type pdf)
<use ../pdf/parte08_distribuciones.pdf, page 22>
Package pdftex.def Info: ../pdf/parte08_distribuciones.pdf , page22 used on inp
ut line 22.
(pdftex.def)             Requested size: 614.58406pt x 795.3441pt.
 [217

 <../pdf/parte08_distribuciones.pdf>]
<../pdf/parte08_distribuciones.pdf, id=1716, page=23, 614.295pt x 794.97pt>
File: ../pdf/parte08_distribuciones.pdf Graphic file (type pdf)
<use ../pdf/parte08_distribuciones.pdf, page 23>
Package pdftex.def Info: ../pdf/parte08_distribuciones.pdf , page23 used on inp
ut line 22.
(pdftex.def)             Requested size: 614.58406pt x 795.3441pt.
File: ../pdf/parte08_distribuciones.pdf Graphic file (type pdf)
<use ../pdf/parte08_distribuciones.pdf, page 23>
Package pdftex.def Info: ../pdf/parte08_distribuciones.pdf , page23 used on inp
ut line 22.
(pdftex.def)             Requested size: 614.58406pt x 795.3441pt.
File: ../pdf/parte08_distribuciones.pdf Graphic file (type pdf)
<use ../pdf/parte08_distribuciones.pdf, page 23>
Package pdftex.def Info: ../pdf/parte08_distribuciones.pdf , page23 used on inp
ut line 22.
(pdftex.def)             Requested size: 614.58406pt x 795.3441pt.
 [218

 <../pdf/parte08_distribuciones.pdf>]
<../pdf/parte08_distribuciones.pdf, id=1721, page=24, 614.295pt x 794.97pt>
File: ../pdf/parte08_distribuciones.pdf Graphic file (type pdf)
<use ../pdf/parte08_distribuciones.pdf, page 24>
Package pdftex.def Info: ../pdf/parte08_distribuciones.pdf , page24 used on inp
ut line 22.
(pdftex.def)             Requested size: 614.58406pt x 795.3441pt.
File: ../pdf/parte08_distribuciones.pdf Graphic file (type pdf)
<use ../pdf/parte08_distribuciones.pdf, page 24>
Package pdftex.def Info: ../pdf/parte08_distribuciones.pdf , page24 used on inp
ut line 22.
(pdftex.def)             Requested size: 614.58406pt x 795.3441pt.
File: ../pdf/parte08_distribuciones.pdf Graphic file (type pdf)
<use ../pdf/parte08_distribuciones.pdf, page 24>
Package pdftex.def Info: ../pdf/parte08_distribuciones.pdf , page24 used on inp
ut line 22.
(pdftex.def)             Requested size: 614.58406pt x 795.3441pt.

[219

 <../pdf/parte08_distribuciones.pdf>]
<../pdf/parte08_distribuciones.pdf, id=1726, page=25, 614.295pt x 794.97pt>
File: ../pdf/parte08_distribuciones.pdf Graphic file (type pdf)
<use ../pdf/parte08_distribuciones.pdf, page 25>
Package pdftex.def Info: ../pdf/parte08_distribuciones.pdf , page25 used on inp
ut line 22.
(pdftex.def)             Requested size: 614.58406pt x 795.3441pt.
File: ../pdf/parte08_distribuciones.pdf Graphic file (type pdf)
<use ../pdf/parte08_distribuciones.pdf, page 25>
Package pdftex.def Info: ../pdf/parte08_distribuciones.pdf , page25 used on inp
ut line 22.
(pdftex.def)             Requested size: 614.58406pt x 795.3441pt.
File: ../pdf/parte08_distribuciones.pdf Graphic file (type pdf)
<use ../pdf/parte08_distribuciones.pdf, page 25>
Package pdftex.def Info: ../pdf/parte08_distribuciones.pdf , page25 used on inp
ut line 22.
(pdftex.def)             Requested size: 614.58406pt x 795.3441pt.
 [220

 <../pdf/parte08_distribuciones.pdf>]
<../pdf/parte08_distribuciones.pdf, id=1731, page=26, 614.295pt x 794.97pt>
File: ../pdf/parte08_distribuciones.pdf Graphic file (type pdf)
<use ../pdf/parte08_distribuciones.pdf, page 26>
Package pdftex.def Info: ../pdf/parte08_distribuciones.pdf , page26 used on inp
ut line 22.
(pdftex.def)             Requested size: 614.58406pt x 795.3441pt.
File: ../pdf/parte08_distribuciones.pdf Graphic file (type pdf)
<use ../pdf/parte08_distribuciones.pdf, page 26>
Package pdftex.def Info: ../pdf/parte08_distribuciones.pdf , page26 used on inp
ut line 22.
(pdftex.def)             Requested size: 614.58406pt x 795.3441pt.
File: ../pdf/parte08_distribuciones.pdf Graphic file (type pdf)
<use ../pdf/parte08_distribuciones.pdf, page 26>
Package pdftex.def Info: ../pdf/parte08_distribuciones.pdf , page26 used on inp
ut line 22.
(pdftex.def)             Requested size: 614.58406pt x 795.3441pt.
 [221

 <../pdf/parte08_distribuciones.pdf>]
<../pdf/parte08_distribuciones.pdf, id=1736, page=27, 614.295pt x 794.97pt>
File: ../pdf/parte08_distribuciones.pdf Graphic file (type pdf)
<use ../pdf/parte08_distribuciones.pdf, page 27>
Package pdftex.def Info: ../pdf/parte08_distribuciones.pdf , page27 used on inp
ut line 22.
(pdftex.def)             Requested size: 614.58406pt x 795.3441pt.
File: ../pdf/parte08_distribuciones.pdf Graphic file (type pdf)
<use ../pdf/parte08_distribuciones.pdf, page 27>
Package pdftex.def Info: ../pdf/parte08_distribuciones.pdf , page27 used on inp
ut line 22.
(pdftex.def)             Requested size: 614.58406pt x 795.3441pt.
File: ../pdf/parte08_distribuciones.pdf Graphic file (type pdf)
<use ../pdf/parte08_distribuciones.pdf, page 27>
Package pdftex.def Info: ../pdf/parte08_distribuciones.pdf , page27 used on inp
ut line 22.
(pdftex.def)             Requested size: 614.58406pt x 795.3441pt.
 [222

 <../pdf/parte08_distribuciones.pdf>]
<../pdf/parte08_distribuciones.pdf, id=1741, page=28, 614.295pt x 794.97pt>
File: ../pdf/parte08_distribuciones.pdf Graphic file (type pdf)
<use ../pdf/parte08_distribuciones.pdf, page 28>
Package pdftex.def Info: ../pdf/parte08_distribuciones.pdf , page28 used on inp
ut line 22.
(pdftex.def)             Requested size: 614.58406pt x 795.3441pt.
File: ../pdf/parte08_distribuciones.pdf Graphic file (type pdf)
<use ../pdf/parte08_distribuciones.pdf, page 28>
Package pdftex.def Info: ../pdf/parte08_distribuciones.pdf , page28 used on inp
ut line 22.
(pdftex.def)             Requested size: 614.58406pt x 795.3441pt.
File: ../pdf/parte08_distribuciones.pdf Graphic file (type pdf)
<use ../pdf/parte08_distribuciones.pdf, page 28>
Package pdftex.def Info: ../pdf/parte08_distribuciones.pdf , page28 used on inp
ut line 22.
(pdftex.def)             Requested size: 614.58406pt x 795.3441pt.
 [223

 <../pdf/parte08_distribuciones.pdf>]
<../pdf/parte08_distribuciones.pdf, id=1747, page=29, 614.295pt x 794.97pt>
File: ../pdf/parte08_distribuciones.pdf Graphic file (type pdf)
<use ../pdf/parte08_distribuciones.pdf, page 29>
Package pdftex.def Info: ../pdf/parte08_distribuciones.pdf , page29 used on inp
ut line 22.
(pdftex.def)             Requested size: 614.58406pt x 795.3441pt.
File: ../pdf/parte08_distribuciones.pdf Graphic file (type pdf)
<use ../pdf/parte08_distribuciones.pdf, page 29>
Package pdftex.def Info: ../pdf/parte08_distribuciones.pdf , page29 used on inp
ut line 22.
(pdftex.def)             Requested size: 614.58406pt x 795.3441pt.
File: ../pdf/parte08_distribuciones.pdf Graphic file (type pdf)
<use ../pdf/parte08_distribuciones.pdf, page 29>
Package pdftex.def Info: ../pdf/parte08_distribuciones.pdf , page29 used on inp
ut line 22.
(pdftex.def)             Requested size: 614.58406pt x 795.3441pt.
 [224

 <../pdf/parte08_distribuciones.pdf>]
<../pdf/parte08_distribuciones.pdf, id=1752, page=30, 614.295pt x 794.97pt>
File: ../pdf/parte08_distribuciones.pdf Graphic file (type pdf)
<use ../pdf/parte08_distribuciones.pdf, page 30>
Package pdftex.def Info: ../pdf/parte08_distribuciones.pdf , page30 used on inp
ut line 22.
(pdftex.def)             Requested size: 614.58406pt x 795.3441pt.
File: ../pdf/parte08_distribuciones.pdf Graphic file (type pdf)
<use ../pdf/parte08_distribuciones.pdf, page 30>
Package pdftex.def Info: ../pdf/parte08_distribuciones.pdf , page30 used on inp
ut line 22.
(pdftex.def)             Requested size: 614.58406pt x 795.3441pt.
File: ../pdf/parte08_distribuciones.pdf Graphic file (type pdf)
<use ../pdf/parte08_distribuciones.pdf, page 30>
Package pdftex.def Info: ../pdf/parte08_distribuciones.pdf , page30 used on inp
ut line 22.
(pdftex.def)             Requested size: 614.58406pt x 795.3441pt.
 [225

 <../pdf/parte08_distribuciones.pdf>]
<../pdf/parte09_espacios_probabilidad.pdf, id=1757, 614.295pt x 794.97pt>
File: ../pdf/parte09_espacios_probabilidad.pdf Graphic file (type pdf)
<use ../pdf/parte09_espacios_probabilidad.pdf>
Package pdftex.def Info: ../pdf/parte09_espacios_probabilidad.pdf  used on inpu
t line 23.
(pdftex.def)             Requested size: 614.29349pt x 794.96806pt.
<../pdf/parte09_espacios_probabilidad.pdf, id=1759, page=1, 614.295pt x 794.97p
t>
File: ../pdf/parte09_espacios_probabilidad.pdf Graphic file (type pdf)
<use ../pdf/parte09_espacios_probabilidad.pdf, page 1>
Package pdftex.def Info: ../pdf/parte09_espacios_probabilidad.pdf , page1 used 
on input line 23.
(pdftex.def)             Requested size: 614.29349pt x 794.96806pt.
File: ../pdf/parte09_espacios_probabilidad.pdf Graphic file (type pdf)
<use ../pdf/parte09_espacios_probabilidad.pdf, page 1>
Package pdftex.def Info: ../pdf/parte09_espacios_probabilidad.pdf , page1 used 
on input line 23.
(pdftex.def)             Requested size: 614.58406pt x 795.3441pt.
File: ../pdf/parte09_espacios_probabilidad.pdf Graphic file (type pdf)
<use ../pdf/parte09_espacios_probabilidad.pdf, page 1>
Package pdftex.def Info: ../pdf/parte09_espacios_probabilidad.pdf , page1 used 
on input line 23.
(pdftex.def)             Requested size: 614.58406pt x 795.3441pt.
File: ../pdf/parte09_espacios_probabilidad.pdf Graphic file (type pdf)
<use ../pdf/parte09_espacios_probabilidad.pdf, page 1>
Package pdftex.def Info: ../pdf/parte09_espacios_probabilidad.pdf , page1 used 
on input line 23.
(pdftex.def)             Requested size: 614.58406pt x 795.3441pt.
File: ../pdf/parte09_espacios_probabilidad.pdf Graphic file (type pdf)
<use ../pdf/parte09_espacios_probabilidad.pdf, page 1>
Package pdftex.def Info: ../pdf/parte09_espacios_probabilidad.pdf , page1 used 
on input line 23.
(pdftex.def)             Requested size: 614.58406pt x 795.3441pt.
 [226

 <../pdf/parte09_espacios_probabilidad.pdf>]
<../pdf/parte09_espacios_probabilidad.pdf, id=1814, page=2, 614.295pt x 794.97p
t>
File: ../pdf/parte09_espacios_probabilidad.pdf Graphic file (type pdf)
<use ../pdf/parte09_espacios_probabilidad.pdf, page 2>
Package pdftex.def Info: ../pdf/parte09_espacios_probabilidad.pdf , page2 used 
on input line 23.
(pdftex.def)             Requested size: 614.58406pt x 795.3441pt.
File: ../pdf/parte09_espacios_probabilidad.pdf Graphic file (type pdf)
<use ../pdf/parte09_espacios_probabilidad.pdf, page 2>
Package pdftex.def Info: ../pdf/parte09_espacios_probabilidad.pdf , page2 used 
on input line 23.
(pdftex.def)             Requested size: 614.58406pt x 795.3441pt.
File: ../pdf/parte09_espacios_probabilidad.pdf Graphic file (type pdf)
<use ../pdf/parte09_espacios_probabilidad.pdf, page 2>
Package pdftex.def Info: ../pdf/parte09_espacios_probabilidad.pdf , page2 used 
on input line 23.
(pdftex.def)             Requested size: 614.58406pt x 795.3441pt.
 [227

 <../pdf/parte09_espacios_probabilidad.pdf>]
<../pdf/parte09_espacios_probabilidad.pdf, id=1819, page=3, 614.295pt x 794.97p
t>
File: ../pdf/parte09_espacios_probabilidad.pdf Graphic file (type pdf)
<use ../pdf/parte09_espacios_probabilidad.pdf, page 3>
Package pdftex.def Info: ../pdf/parte09_espacios_probabilidad.pdf , page3 used 
on input line 23.
(pdftex.def)             Requested size: 614.58406pt x 795.3441pt.
File: ../pdf/parte09_espacios_probabilidad.pdf Graphic file (type pdf)
<use ../pdf/parte09_espacios_probabilidad.pdf, page 3>
Package pdftex.def Info: ../pdf/parte09_espacios_probabilidad.pdf , page3 used 
on input line 23.
(pdftex.def)             Requested size: 614.58406pt x 795.3441pt.
File: ../pdf/parte09_espacios_probabilidad.pdf Graphic file (type pdf)
<use ../pdf/parte09_espacios_probabilidad.pdf, page 3>
Package pdftex.def Info: ../pdf/parte09_espacios_probabilidad.pdf , page3 used 
on input line 23.
(pdftex.def)             Requested size: 614.58406pt x 795.3441pt.

[228

 <../pdf/parte09_espacios_probabilidad.pdf>]
<../pdf/parte09_espacios_probabilidad.pdf, id=1828, page=4, 614.295pt x 794.97p
t>
File: ../pdf/parte09_espacios_probabilidad.pdf Graphic file (type pdf)
<use ../pdf/parte09_espacios_probabilidad.pdf, page 4>
Package pdftex.def Info: ../pdf/parte09_espacios_probabilidad.pdf , page4 used 
on input line 23.
(pdftex.def)             Requested size: 614.58406pt x 795.3441pt.
File: ../pdf/parte09_espacios_probabilidad.pdf Graphic file (type pdf)
<use ../pdf/parte09_espacios_probabilidad.pdf, page 4>
Package pdftex.def Info: ../pdf/parte09_espacios_probabilidad.pdf , page4 used 
on input line 23.
(pdftex.def)             Requested size: 614.58406pt x 795.3441pt.
File: ../pdf/parte09_espacios_probabilidad.pdf Graphic file (type pdf)
<use ../pdf/parte09_espacios_probabilidad.pdf, page 4>
Package pdftex.def Info: ../pdf/parte09_espacios_probabilidad.pdf , page4 used 
on input line 23.
(pdftex.def)             Requested size: 614.58406pt x 795.3441pt.
 [229

 <../pdf/parte09_espacios_probabilidad.pdf>]
<../pdf/parte09_espacios_probabilidad.pdf, id=1834, page=5, 614.295pt x 794.97p
t>
File: ../pdf/parte09_espacios_probabilidad.pdf Graphic file (type pdf)
<use ../pdf/parte09_espacios_probabilidad.pdf, page 5>
Package pdftex.def Info: ../pdf/parte09_espacios_probabilidad.pdf , page5 used 
on input line 23.
(pdftex.def)             Requested size: 614.58406pt x 795.3441pt.
File: ../pdf/parte09_espacios_probabilidad.pdf Graphic file (type pdf)
<use ../pdf/parte09_espacios_probabilidad.pdf, page 5>
Package pdftex.def Info: ../pdf/parte09_espacios_probabilidad.pdf , page5 used 
on input line 23.
(pdftex.def)             Requested size: 614.58406pt x 795.3441pt.
File: ../pdf/parte09_espacios_probabilidad.pdf Graphic file (type pdf)
<use ../pdf/parte09_espacios_probabilidad.pdf, page 5>
Package pdftex.def Info: ../pdf/parte09_espacios_probabilidad.pdf , page5 used 
on input line 23.
(pdftex.def)             Requested size: 614.58406pt x 795.3441pt.
 [230

 <../pdf/parte09_espacios_probabilidad.pdf>]
<../pdf/parte09_espacios_probabilidad.pdf, id=1839, page=6, 614.295pt x 794.97p
t>
File: ../pdf/parte09_espacios_probabilidad.pdf Graphic file (type pdf)
<use ../pdf/parte09_espacios_probabilidad.pdf, page 6>
Package pdftex.def Info: ../pdf/parte09_espacios_probabilidad.pdf , page6 used 
on input line 23.
(pdftex.def)             Requested size: 614.58406pt x 795.3441pt.
File: ../pdf/parte09_espacios_probabilidad.pdf Graphic file (type pdf)
<use ../pdf/parte09_espacios_probabilidad.pdf, page 6>
Package pdftex.def Info: ../pdf/parte09_espacios_probabilidad.pdf , page6 used 
on input line 23.
(pdftex.def)             Requested size: 614.58406pt x 795.3441pt.
File: ../pdf/parte09_espacios_probabilidad.pdf Graphic file (type pdf)
<use ../pdf/parte09_espacios_probabilidad.pdf, page 6>
Package pdftex.def Info: ../pdf/parte09_espacios_probabilidad.pdf , page6 used 
on input line 23.
(pdftex.def)             Requested size: 614.58406pt x 795.3441pt.
 [231

 <../pdf/parte09_espacios_probabilidad.pdf>]
<../pdf/parte09_espacios_probabilidad.pdf, id=1844, page=7, 614.295pt x 794.97p
t>
File: ../pdf/parte09_espacios_probabilidad.pdf Graphic file (type pdf)
<use ../pdf/parte09_espacios_probabilidad.pdf, page 7>
Package pdftex.def Info: ../pdf/parte09_espacios_probabilidad.pdf , page7 used 
on input line 23.
(pdftex.def)             Requested size: 614.58406pt x 795.3441pt.
File: ../pdf/parte09_espacios_probabilidad.pdf Graphic file (type pdf)
<use ../pdf/parte09_espacios_probabilidad.pdf, page 7>
Package pdftex.def Info: ../pdf/parte09_espacios_probabilidad.pdf , page7 used 
on input line 23.
(pdftex.def)             Requested size: 614.58406pt x 795.3441pt.
File: ../pdf/parte09_espacios_probabilidad.pdf Graphic file (type pdf)
<use ../pdf/parte09_espacios_probabilidad.pdf, page 7>
Package pdftex.def Info: ../pdf/parte09_espacios_probabilidad.pdf , page7 used 
on input line 23.
(pdftex.def)             Requested size: 614.58406pt x 795.3441pt.
 [232

 <../pdf/parte09_espacios_probabilidad.pdf>]
<../pdf/parte09_espacios_probabilidad.pdf, id=1849, page=8, 614.295pt x 794.97p
t>
File: ../pdf/parte09_espacios_probabilidad.pdf Graphic file (type pdf)
<use ../pdf/parte09_espacios_probabilidad.pdf, page 8>
Package pdftex.def Info: ../pdf/parte09_espacios_probabilidad.pdf , page8 used 
on input line 23.
(pdftex.def)             Requested size: 614.58406pt x 795.3441pt.
File: ../pdf/parte09_espacios_probabilidad.pdf Graphic file (type pdf)
<use ../pdf/parte09_espacios_probabilidad.pdf, page 8>
Package pdftex.def Info: ../pdf/parte09_espacios_probabilidad.pdf , page8 used 
on input line 23.
(pdftex.def)             Requested size: 614.58406pt x 795.3441pt.
File: ../pdf/parte09_espacios_probabilidad.pdf Graphic file (type pdf)
<use ../pdf/parte09_espacios_probabilidad.pdf, page 8>
Package pdftex.def Info: ../pdf/parte09_espacios_probabilidad.pdf , page8 used 
on input line 23.
(pdftex.def)             Requested size: 614.58406pt x 795.3441pt.
 [233

 <../pdf/parte09_espacios_probabilidad.pdf>]
<../pdf/parte09_espacios_probabilidad.pdf, id=1854, page=9, 614.295pt x 794.97p
t>
File: ../pdf/parte09_espacios_probabilidad.pdf Graphic file (type pdf)
<use ../pdf/parte09_espacios_probabilidad.pdf, page 9>
Package pdftex.def Info: ../pdf/parte09_espacios_probabilidad.pdf , page9 used 
on input line 23.
(pdftex.def)             Requested size: 614.58406pt x 795.3441pt.
File: ../pdf/parte09_espacios_probabilidad.pdf Graphic file (type pdf)
<use ../pdf/parte09_espacios_probabilidad.pdf, page 9>
Package pdftex.def Info: ../pdf/parte09_espacios_probabilidad.pdf , page9 used 
on input line 23.
(pdftex.def)             Requested size: 614.58406pt x 795.3441pt.
File: ../pdf/parte09_espacios_probabilidad.pdf Graphic file (type pdf)
<use ../pdf/parte09_espacios_probabilidad.pdf, page 9>
Package pdftex.def Info: ../pdf/parte09_espacios_probabilidad.pdf , page9 used 
on input line 23.
(pdftex.def)             Requested size: 614.58406pt x 795.3441pt.
 [234

 <../pdf/parte09_espacios_probabilidad.pdf>]
<../pdf/parte09_espacios_probabilidad.pdf, id=1859, page=10, 614.295pt x 794.97
pt>
File: ../pdf/parte09_espacios_probabilidad.pdf Graphic file (type pdf)
<use ../pdf/parte09_espacios_probabilidad.pdf, page 10>
Package pdftex.def Info: ../pdf/parte09_espacios_probabilidad.pdf , page10 used
 on input line 23.
(pdftex.def)             Requested size: 614.58406pt x 795.3441pt.
File: ../pdf/parte09_espacios_probabilidad.pdf Graphic file (type pdf)
<use ../pdf/parte09_espacios_probabilidad.pdf, page 10>
Package pdftex.def Info: ../pdf/parte09_espacios_probabilidad.pdf , page10 used
 on input line 23.
(pdftex.def)             Requested size: 614.58406pt x 795.3441pt.
File: ../pdf/parte09_espacios_probabilidad.pdf Graphic file (type pdf)
<use ../pdf/parte09_espacios_probabilidad.pdf, page 10>
Package pdftex.def Info: ../pdf/parte09_espacios_probabilidad.pdf , page10 used
 on input line 23.
(pdftex.def)             Requested size: 614.58406pt x 795.3441pt.
 [235

 <../pdf/parte09_espacios_probabilidad.pdf>]
<../pdf/parte09_espacios_probabilidad.pdf, id=1865, page=11, 614.295pt x 794.97
pt>
File: ../pdf/parte09_espacios_probabilidad.pdf Graphic file (type pdf)
<use ../pdf/parte09_espacios_probabilidad.pdf, page 11>
Package pdftex.def Info: ../pdf/parte09_espacios_probabilidad.pdf , page11 used
 on input line 23.
(pdftex.def)             Requested size: 614.58406pt x 795.3441pt.
File: ../pdf/parte09_espacios_probabilidad.pdf Graphic file (type pdf)
<use ../pdf/parte09_espacios_probabilidad.pdf, page 11>
Package pdftex.def Info: ../pdf/parte09_espacios_probabilidad.pdf , page11 used
 on input line 23.
(pdftex.def)             Requested size: 614.58406pt x 795.3441pt.
File: ../pdf/parte09_espacios_probabilidad.pdf Graphic file (type pdf)
<use ../pdf/parte09_espacios_probabilidad.pdf, page 11>
Package pdftex.def Info: ../pdf/parte09_espacios_probabilidad.pdf , page11 used
 on input line 23.
(pdftex.def)             Requested size: 614.58406pt x 795.3441pt.

[236

 <../pdf/parte09_espacios_probabilidad.pdf>]
<../pdf/parte09_espacios_probabilidad.pdf, id=1870, page=12, 614.295pt x 794.97
pt>
File: ../pdf/parte09_espacios_probabilidad.pdf Graphic file (type pdf)
<use ../pdf/parte09_espacios_probabilidad.pdf, page 12>
Package pdftex.def Info: ../pdf/parte09_espacios_probabilidad.pdf , page12 used
 on input line 23.
(pdftex.def)             Requested size: 614.58406pt x 795.3441pt.
File: ../pdf/parte09_espacios_probabilidad.pdf Graphic file (type pdf)
<use ../pdf/parte09_espacios_probabilidad.pdf, page 12>
Package pdftex.def Info: ../pdf/parte09_espacios_probabilidad.pdf , page12 used
 on input line 23.
(pdftex.def)             Requested size: 614.58406pt x 795.3441pt.
File: ../pdf/parte09_espacios_probabilidad.pdf Graphic file (type pdf)
<use ../pdf/parte09_espacios_probabilidad.pdf, page 12>
Package pdftex.def Info: ../pdf/parte09_espacios_probabilidad.pdf , page12 used
 on input line 23.
(pdftex.def)             Requested size: 614.58406pt x 795.3441pt.
 [237

 <../pdf/parte09_espacios_probabilidad.pdf>]
<../pdf/parte09_espacios_probabilidad.pdf, id=1875, page=13, 614.295pt x 794.97
pt>
File: ../pdf/parte09_espacios_probabilidad.pdf Graphic file (type pdf)
<use ../pdf/parte09_espacios_probabilidad.pdf, page 13>
Package pdftex.def Info: ../pdf/parte09_espacios_probabilidad.pdf , page13 used
 on input line 23.
(pdftex.def)             Requested size: 614.58406pt x 795.3441pt.
File: ../pdf/parte09_espacios_probabilidad.pdf Graphic file (type pdf)
<use ../pdf/parte09_espacios_probabilidad.pdf, page 13>
Package pdftex.def Info: ../pdf/parte09_espacios_probabilidad.pdf , page13 used
 on input line 23.
(pdftex.def)             Requested size: 614.58406pt x 795.3441pt.
File: ../pdf/parte09_espacios_probabilidad.pdf Graphic file (type pdf)
<use ../pdf/parte09_espacios_probabilidad.pdf, page 13>
Package pdftex.def Info: ../pdf/parte09_espacios_probabilidad.pdf , page13 used
 on input line 23.
(pdftex.def)             Requested size: 614.58406pt x 795.3441pt.
 [238

 <../pdf/parte09_espacios_probabilidad.pdf>]
<../pdf/parte09_espacios_probabilidad.pdf, id=1880, page=14, 614.295pt x 794.97
pt>
File: ../pdf/parte09_espacios_probabilidad.pdf Graphic file (type pdf)
<use ../pdf/parte09_espacios_probabilidad.pdf, page 14>
Package pdftex.def Info: ../pdf/parte09_espacios_probabilidad.pdf , page14 used
 on input line 23.
(pdftex.def)             Requested size: 614.58406pt x 795.3441pt.
File: ../pdf/parte09_espacios_probabilidad.pdf Graphic file (type pdf)
<use ../pdf/parte09_espacios_probabilidad.pdf, page 14>
Package pdftex.def Info: ../pdf/parte09_espacios_probabilidad.pdf , page14 used
 on input line 23.
(pdftex.def)             Requested size: 614.58406pt x 795.3441pt.
File: ../pdf/parte09_espacios_probabilidad.pdf Graphic file (type pdf)
<use ../pdf/parte09_espacios_probabilidad.pdf, page 14>
Package pdftex.def Info: ../pdf/parte09_espacios_probabilidad.pdf , page14 used
 on input line 23.
(pdftex.def)             Requested size: 614.58406pt x 795.3441pt.
 [239

 <../pdf/parte09_espacios_probabilidad.pdf>]
<../pdf/parte09_espacios_probabilidad.pdf, id=1889, page=15, 614.295pt x 794.97
pt>
File: ../pdf/parte09_espacios_probabilidad.pdf Graphic file (type pdf)
<use ../pdf/parte09_espacios_probabilidad.pdf, page 15>
Package pdftex.def Info: ../pdf/parte09_espacios_probabilidad.pdf , page15 used
 on input line 23.
(pdftex.def)             Requested size: 614.58406pt x 795.3441pt.
File: ../pdf/parte09_espacios_probabilidad.pdf Graphic file (type pdf)
<use ../pdf/parte09_espacios_probabilidad.pdf, page 15>
Package pdftex.def Info: ../pdf/parte09_espacios_probabilidad.pdf , page15 used
 on input line 23.
(pdftex.def)             Requested size: 614.58406pt x 795.3441pt.
File: ../pdf/parte09_espacios_probabilidad.pdf Graphic file (type pdf)
<use ../pdf/parte09_espacios_probabilidad.pdf, page 15>
Package pdftex.def Info: ../pdf/parte09_espacios_probabilidad.pdf , page15 used
 on input line 23.
(pdftex.def)             Requested size: 614.58406pt x 795.3441pt.
 [240

 <../pdf/parte09_espacios_probabilidad.pdf>]
<../pdf/parte09_espacios_probabilidad.pdf, id=1894, page=16, 614.295pt x 794.97
pt>
File: ../pdf/parte09_espacios_probabilidad.pdf Graphic file (type pdf)
<use ../pdf/parte09_espacios_probabilidad.pdf, page 16>
Package pdftex.def Info: ../pdf/parte09_espacios_probabilidad.pdf , page16 used
 on input line 23.
(pdftex.def)             Requested size: 614.58406pt x 795.3441pt.
File: ../pdf/parte09_espacios_probabilidad.pdf Graphic file (type pdf)
<use ../pdf/parte09_espacios_probabilidad.pdf, page 16>
Package pdftex.def Info: ../pdf/parte09_espacios_probabilidad.pdf , page16 used
 on input line 23.
(pdftex.def)             Requested size: 614.58406pt x 795.3441pt.
File: ../pdf/parte09_espacios_probabilidad.pdf Graphic file (type pdf)
<use ../pdf/parte09_espacios_probabilidad.pdf, page 16>
Package pdftex.def Info: ../pdf/parte09_espacios_probabilidad.pdf , page16 used
 on input line 23.
(pdftex.def)             Requested size: 614.58406pt x 795.3441pt.
 [241

 <../pdf/parte09_espacios_probabilidad.pdf>]
<../pdf/parte09_espacios_probabilidad.pdf, id=1900, page=17, 614.295pt x 794.97
pt>
File: ../pdf/parte09_espacios_probabilidad.pdf Graphic file (type pdf)
<use ../pdf/parte09_espacios_probabilidad.pdf, page 17>
Package pdftex.def Info: ../pdf/parte09_espacios_probabilidad.pdf , page17 used
 on input line 23.
(pdftex.def)             Requested size: 614.58406pt x 795.3441pt.
File: ../pdf/parte09_espacios_probabilidad.pdf Graphic file (type pdf)
<use ../pdf/parte09_espacios_probabilidad.pdf, page 17>
Package pdftex.def Info: ../pdf/parte09_espacios_probabilidad.pdf , page17 used
 on input line 23.
(pdftex.def)             Requested size: 614.58406pt x 795.3441pt.
File: ../pdf/parte09_espacios_probabilidad.pdf Graphic file (type pdf)
<use ../pdf/parte09_espacios_probabilidad.pdf, page 17>
Package pdftex.def Info: ../pdf/parte09_espacios_probabilidad.pdf , page17 used
 on input line 23.
(pdftex.def)             Requested size: 614.58406pt x 795.3441pt.
 [242

 <../pdf/parte09_espacios_probabilidad.pdf>]
<../pdf/parte09_espacios_probabilidad.pdf, id=1905, page=18, 614.295pt x 794.97
pt>
File: ../pdf/parte09_espacios_probabilidad.pdf Graphic file (type pdf)
<use ../pdf/parte09_espacios_probabilidad.pdf, page 18>
Package pdftex.def Info: ../pdf/parte09_espacios_probabilidad.pdf , page18 used
 on input line 23.
(pdftex.def)             Requested size: 614.58406pt x 795.3441pt.
File: ../pdf/parte09_espacios_probabilidad.pdf Graphic file (type pdf)
<use ../pdf/parte09_espacios_probabilidad.pdf, page 18>
Package pdftex.def Info: ../pdf/parte09_espacios_probabilidad.pdf , page18 used
 on input line 23.
(pdftex.def)             Requested size: 614.58406pt x 795.3441pt.
File: ../pdf/parte09_espacios_probabilidad.pdf Graphic file (type pdf)
<use ../pdf/parte09_espacios_probabilidad.pdf, page 18>
Package pdftex.def Info: ../pdf/parte09_espacios_probabilidad.pdf , page18 used
 on input line 23.
(pdftex.def)             Requested size: 614.58406pt x 795.3441pt.
 [243

 <../pdf/parte09_espacios_probabilidad.pdf>]
<../pdf/parte09_espacios_probabilidad.pdf, id=1910, page=19, 614.295pt x 794.97
pt>
File: ../pdf/parte09_espacios_probabilidad.pdf Graphic file (type pdf)
<use ../pdf/parte09_espacios_probabilidad.pdf, page 19>
Package pdftex.def Info: ../pdf/parte09_espacios_probabilidad.pdf , page19 used
 on input line 23.
(pdftex.def)             Requested size: 614.58406pt x 795.3441pt.
File: ../pdf/parte09_espacios_probabilidad.pdf Graphic file (type pdf)
<use ../pdf/parte09_espacios_probabilidad.pdf, page 19>
Package pdftex.def Info: ../pdf/parte09_espacios_probabilidad.pdf , page19 used
 on input line 23.
(pdftex.def)             Requested size: 614.58406pt x 795.3441pt.
File: ../pdf/parte09_espacios_probabilidad.pdf Graphic file (type pdf)
<use ../pdf/parte09_espacios_probabilidad.pdf, page 19>
Package pdftex.def Info: ../pdf/parte09_espacios_probabilidad.pdf , page19 used
 on input line 23.
(pdftex.def)             Requested size: 614.58406pt x 795.3441pt.

[244

 <../pdf/parte09_espacios_probabilidad.pdf>]
<../pdf/parte09_espacios_probabilidad.pdf, id=1915, page=20, 614.295pt x 794.97
pt>
File: ../pdf/parte09_espacios_probabilidad.pdf Graphic file (type pdf)
<use ../pdf/parte09_espacios_probabilidad.pdf, page 20>
Package pdftex.def Info: ../pdf/parte09_espacios_probabilidad.pdf , page20 used
 on input line 23.
(pdftex.def)             Requested size: 614.58406pt x 795.3441pt.
File: ../pdf/parte09_espacios_probabilidad.pdf Graphic file (type pdf)
<use ../pdf/parte09_espacios_probabilidad.pdf, page 20>
Package pdftex.def Info: ../pdf/parte09_espacios_probabilidad.pdf , page20 used
 on input line 23.
(pdftex.def)             Requested size: 614.58406pt x 795.3441pt.
File: ../pdf/parte09_espacios_probabilidad.pdf Graphic file (type pdf)
<use ../pdf/parte09_espacios_probabilidad.pdf, page 20>
Package pdftex.def Info: ../pdf/parte09_espacios_probabilidad.pdf , page20 used
 on input line 23.
(pdftex.def)             Requested size: 614.58406pt x 795.3441pt.
 [245

 <../pdf/parte09_espacios_probabilidad.pdf>]
<../pdf/parte09_espacios_probabilidad.pdf, id=1920, page=21, 614.295pt x 794.97
pt>
File: ../pdf/parte09_espacios_probabilidad.pdf Graphic file (type pdf)
<use ../pdf/parte09_espacios_probabilidad.pdf, page 21>
Package pdftex.def Info: ../pdf/parte09_espacios_probabilidad.pdf , page21 used
 on input line 23.
(pdftex.def)             Requested size: 614.58406pt x 795.3441pt.
File: ../pdf/parte09_espacios_probabilidad.pdf Graphic file (type pdf)
<use ../pdf/parte09_espacios_probabilidad.pdf, page 21>
Package pdftex.def Info: ../pdf/parte09_espacios_probabilidad.pdf , page21 used
 on input line 23.
(pdftex.def)             Requested size: 614.58406pt x 795.3441pt.
File: ../pdf/parte09_espacios_probabilidad.pdf Graphic file (type pdf)
<use ../pdf/parte09_espacios_probabilidad.pdf, page 21>
Package pdftex.def Info: ../pdf/parte09_espacios_probabilidad.pdf , page21 used
 on input line 23.
(pdftex.def)             Requested size: 614.58406pt x 795.3441pt.
 [246

 <../pdf/parte09_espacios_probabilidad.pdf>]
<../pdf/parte09_espacios_probabilidad.pdf, id=1925, page=22, 614.295pt x 794.97
pt>
File: ../pdf/parte09_espacios_probabilidad.pdf Graphic file (type pdf)
<use ../pdf/parte09_espacios_probabilidad.pdf, page 22>
Package pdftex.def Info: ../pdf/parte09_espacios_probabilidad.pdf , page22 used
 on input line 23.
(pdftex.def)             Requested size: 614.58406pt x 795.3441pt.
File: ../pdf/parte09_espacios_probabilidad.pdf Graphic file (type pdf)
<use ../pdf/parte09_espacios_probabilidad.pdf, page 22>
Package pdftex.def Info: ../pdf/parte09_espacios_probabilidad.pdf , page22 used
 on input line 23.
(pdftex.def)             Requested size: 614.58406pt x 795.3441pt.
File: ../pdf/parte09_espacios_probabilidad.pdf Graphic file (type pdf)
<use ../pdf/parte09_espacios_probabilidad.pdf, page 22>
Package pdftex.def Info: ../pdf/parte09_espacios_probabilidad.pdf , page22 used
 on input line 23.
(pdftex.def)             Requested size: 614.58406pt x 795.3441pt.
 [247

 <../pdf/parte09_espacios_probabilidad.pdf>]
<../pdf/parte09_espacios_probabilidad.pdf, id=1931, page=23, 614.295pt x 794.97
pt>
File: ../pdf/parte09_espacios_probabilidad.pdf Graphic file (type pdf)
<use ../pdf/parte09_espacios_probabilidad.pdf, page 23>
Package pdftex.def Info: ../pdf/parte09_espacios_probabilidad.pdf , page23 used
 on input line 23.
(pdftex.def)             Requested size: 614.58406pt x 795.3441pt.
File: ../pdf/parte09_espacios_probabilidad.pdf Graphic file (type pdf)
<use ../pdf/parte09_espacios_probabilidad.pdf, page 23>
Package pdftex.def Info: ../pdf/parte09_espacios_probabilidad.pdf , page23 used
 on input line 23.
(pdftex.def)             Requested size: 614.58406pt x 795.3441pt.
File: ../pdf/parte09_espacios_probabilidad.pdf Graphic file (type pdf)
<use ../pdf/parte09_espacios_probabilidad.pdf, page 23>
Package pdftex.def Info: ../pdf/parte09_espacios_probabilidad.pdf , page23 used
 on input line 23.
(pdftex.def)             Requested size: 614.58406pt x 795.3441pt.
 [248

 <../pdf/parte09_espacios_probabilidad.pdf>]
<../pdf/parte09_espacios_probabilidad.pdf, id=1936, page=24, 614.295pt x 794.97
pt>
File: ../pdf/parte09_espacios_probabilidad.pdf Graphic file (type pdf)
<use ../pdf/parte09_espacios_probabilidad.pdf, page 24>
Package pdftex.def Info: ../pdf/parte09_espacios_probabilidad.pdf , page24 used
 on input line 23.
(pdftex.def)             Requested size: 614.58406pt x 795.3441pt.
File: ../pdf/parte09_espacios_probabilidad.pdf Graphic file (type pdf)
<use ../pdf/parte09_espacios_probabilidad.pdf, page 24>
Package pdftex.def Info: ../pdf/parte09_espacios_probabilidad.pdf , page24 used
 on input line 23.
(pdftex.def)             Requested size: 614.58406pt x 795.3441pt.
File: ../pdf/parte09_espacios_probabilidad.pdf Graphic file (type pdf)
<use ../pdf/parte09_espacios_probabilidad.pdf, page 24>
Package pdftex.def Info: ../pdf/parte09_espacios_probabilidad.pdf , page24 used
 on input line 23.
(pdftex.def)             Requested size: 614.58406pt x 795.3441pt.
 [249

 <../pdf/parte09_espacios_probabilidad.pdf>]
<../pdf/parte09_espacios_probabilidad.pdf, id=1941, page=25, 614.295pt x 794.97
pt>
File: ../pdf/parte09_espacios_probabilidad.pdf Graphic file (type pdf)
<use ../pdf/parte09_espacios_probabilidad.pdf, page 25>
Package pdftex.def Info: ../pdf/parte09_espacios_probabilidad.pdf , page25 used
 on input line 23.
(pdftex.def)             Requested size: 614.58406pt x 795.3441pt.
File: ../pdf/parte09_espacios_probabilidad.pdf Graphic file (type pdf)
<use ../pdf/parte09_espacios_probabilidad.pdf, page 25>
Package pdftex.def Info: ../pdf/parte09_espacios_probabilidad.pdf , page25 used
 on input line 23.
(pdftex.def)             Requested size: 614.58406pt x 795.3441pt.
File: ../pdf/parte09_espacios_probabilidad.pdf Graphic file (type pdf)
<use ../pdf/parte09_espacios_probabilidad.pdf, page 25>
Package pdftex.def Info: ../pdf/parte09_espacios_probabilidad.pdf , page25 used
 on input line 23.
(pdftex.def)             Requested size: 614.58406pt x 795.3441pt.
 [250

 <../pdf/parte09_espacios_probabilidad.pdf>]
<../pdf/parte09_espacios_probabilidad.pdf, id=1946, page=26, 614.295pt x 794.97
pt>
File: ../pdf/parte09_espacios_probabilidad.pdf Graphic file (type pdf)
<use ../pdf/parte09_espacios_probabilidad.pdf, page 26>
Package pdftex.def Info: ../pdf/parte09_espacios_probabilidad.pdf , page26 used
 on input line 23.
(pdftex.def)             Requested size: 614.58406pt x 795.3441pt.
File: ../pdf/parte09_espacios_probabilidad.pdf Graphic file (type pdf)
<use ../pdf/parte09_espacios_probabilidad.pdf, page 26>
Package pdftex.def Info: ../pdf/parte09_espacios_probabilidad.pdf , page26 used
 on input line 23.
(pdftex.def)             Requested size: 614.58406pt x 795.3441pt.
File: ../pdf/parte09_espacios_probabilidad.pdf Graphic file (type pdf)
<use ../pdf/parte09_espacios_probabilidad.pdf, page 26>
Package pdftex.def Info: ../pdf/parte09_espacios_probabilidad.pdf , page26 used
 on input line 23.
(pdftex.def)             Requested size: 614.58406pt x 795.3441pt.
 [251

 <../pdf/parte09_espacios_probabilidad.pdf>]
<../pdf/parte09_espacios_probabilidad.pdf, id=1951, page=27, 614.295pt x 794.97
pt>
File: ../pdf/parte09_espacios_probabilidad.pdf Graphic file (type pdf)
<use ../pdf/parte09_espacios_probabilidad.pdf, page 27>
Package pdftex.def Info: ../pdf/parte09_espacios_probabilidad.pdf , page27 used
 on input line 23.
(pdftex.def)             Requested size: 614.58406pt x 795.3441pt.
File: ../pdf/parte09_espacios_probabilidad.pdf Graphic file (type pdf)
<use ../pdf/parte09_espacios_probabilidad.pdf, page 27>
Package pdftex.def Info: ../pdf/parte09_espacios_probabilidad.pdf , page27 used
 on input line 23.
(pdftex.def)             Requested size: 614.58406pt x 795.3441pt.
File: ../pdf/parte09_espacios_probabilidad.pdf Graphic file (type pdf)
<use ../pdf/parte09_espacios_probabilidad.pdf, page 27>
Package pdftex.def Info: ../pdf/parte09_espacios_probabilidad.pdf , page27 used
 on input line 23.
(pdftex.def)             Requested size: 614.58406pt x 795.3441pt.

[252

 <../pdf/parte09_espacios_probabilidad.pdf>]
<../pdf/parte09_espacios_probabilidad.pdf, id=1956, page=28, 614.295pt x 794.97
pt>
File: ../pdf/parte09_espacios_probabilidad.pdf Graphic file (type pdf)
<use ../pdf/parte09_espacios_probabilidad.pdf, page 28>
Package pdftex.def Info: ../pdf/parte09_espacios_probabilidad.pdf , page28 used
 on input line 23.
(pdftex.def)             Requested size: 614.58406pt x 795.3441pt.
File: ../pdf/parte09_espacios_probabilidad.pdf Graphic file (type pdf)
<use ../pdf/parte09_espacios_probabilidad.pdf, page 28>
Package pdftex.def Info: ../pdf/parte09_espacios_probabilidad.pdf , page28 used
 on input line 23.
(pdftex.def)             Requested size: 614.58406pt x 795.3441pt.
File: ../pdf/parte09_espacios_probabilidad.pdf Graphic file (type pdf)
<use ../pdf/parte09_espacios_probabilidad.pdf, page 28>
Package pdftex.def Info: ../pdf/parte09_espacios_probabilidad.pdf , page28 used
 on input line 23.
(pdftex.def)             Requested size: 614.58406pt x 795.3441pt.
 [253

 <../pdf/parte09_espacios_probabilidad.pdf>]
<../pdf/parte09_espacios_probabilidad.pdf, id=1962, page=29, 614.295pt x 794.97
pt>
File: ../pdf/parte09_espacios_probabilidad.pdf Graphic file (type pdf)
<use ../pdf/parte09_espacios_probabilidad.pdf, page 29>
Package pdftex.def Info: ../pdf/parte09_espacios_probabilidad.pdf , page29 used
 on input line 23.
(pdftex.def)             Requested size: 614.58406pt x 795.3441pt.
File: ../pdf/parte09_espacios_probabilidad.pdf Graphic file (type pdf)
<use ../pdf/parte09_espacios_probabilidad.pdf, page 29>
Package pdftex.def Info: ../pdf/parte09_espacios_probabilidad.pdf , page29 used
 on input line 23.
(pdftex.def)             Requested size: 614.58406pt x 795.3441pt.
File: ../pdf/parte09_espacios_probabilidad.pdf Graphic file (type pdf)
<use ../pdf/parte09_espacios_probabilidad.pdf, page 29>
Package pdftex.def Info: ../pdf/parte09_espacios_probabilidad.pdf , page29 used
 on input line 23.
(pdftex.def)             Requested size: 614.58406pt x 795.3441pt.
 [254

 <../pdf/parte09_espacios_probabilidad.pdf>]
<../pdf/parte09_espacios_probabilidad.pdf, id=1967, page=30, 614.295pt x 794.97
pt>
File: ../pdf/parte09_espacios_probabilidad.pdf Graphic file (type pdf)
<use ../pdf/parte09_espacios_probabilidad.pdf, page 30>
Package pdftex.def Info: ../pdf/parte09_espacios_probabilidad.pdf , page30 used
 on input line 23.
(pdftex.def)             Requested size: 614.58406pt x 795.3441pt.
File: ../pdf/parte09_espacios_probabilidad.pdf Graphic file (type pdf)
<use ../pdf/parte09_espacios_probabilidad.pdf, page 30>
Package pdftex.def Info: ../pdf/parte09_espacios_probabilidad.pdf , page30 used
 on input line 23.
(pdftex.def)             Requested size: 614.58406pt x 795.3441pt.
File: ../pdf/parte09_espacios_probabilidad.pdf Graphic file (type pdf)
<use ../pdf/parte09_espacios_probabilidad.pdf, page 30>
Package pdftex.def Info: ../pdf/parte09_espacios_probabilidad.pdf , page30 used
 on input line 23.
(pdftex.def)             Requested size: 614.58406pt x 795.3441pt.
 [255

 <../pdf/parte09_espacios_probabilidad.pdf>]
<../pdf/parte09_espacios_probabilidad.pdf, id=1972, page=31, 614.295pt x 794.97
pt>
File: ../pdf/parte09_espacios_probabilidad.pdf Graphic file (type pdf)
<use ../pdf/parte09_espacios_probabilidad.pdf, page 31>
Package pdftex.def Info: ../pdf/parte09_espacios_probabilidad.pdf , page31 used
 on input line 23.
(pdftex.def)             Requested size: 614.58406pt x 795.3441pt.
File: ../pdf/parte09_espacios_probabilidad.pdf Graphic file (type pdf)
<use ../pdf/parte09_espacios_probabilidad.pdf, page 31>
Package pdftex.def Info: ../pdf/parte09_espacios_probabilidad.pdf , page31 used
 on input line 23.
(pdftex.def)             Requested size: 614.58406pt x 795.3441pt.
File: ../pdf/parte09_espacios_probabilidad.pdf Graphic file (type pdf)
<use ../pdf/parte09_espacios_probabilidad.pdf, page 31>
Package pdftex.def Info: ../pdf/parte09_espacios_probabilidad.pdf , page31 used
 on input line 23.
(pdftex.def)             Requested size: 614.58406pt x 795.3441pt.
 [256

 <../pdf/parte09_espacios_probabilidad.pdf>]
<../pdf/parte09_espacios_probabilidad.pdf, id=1978, page=32, 614.295pt x 794.97
pt>
File: ../pdf/parte09_espacios_probabilidad.pdf Graphic file (type pdf)
<use ../pdf/parte09_espacios_probabilidad.pdf, page 32>
Package pdftex.def Info: ../pdf/parte09_espacios_probabilidad.pdf , page32 used
 on input line 23.
(pdftex.def)             Requested size: 614.58406pt x 795.3441pt.
File: ../pdf/parte09_espacios_probabilidad.pdf Graphic file (type pdf)
<use ../pdf/parte09_espacios_probabilidad.pdf, page 32>
Package pdftex.def Info: ../pdf/parte09_espacios_probabilidad.pdf , page32 used
 on input line 23.
(pdftex.def)             Requested size: 614.58406pt x 795.3441pt.
File: ../pdf/parte09_espacios_probabilidad.pdf Graphic file (type pdf)
<use ../pdf/parte09_espacios_probabilidad.pdf, page 32>
Package pdftex.def Info: ../pdf/parte09_espacios_probabilidad.pdf , page32 used
 on input line 23.
(pdftex.def)             Requested size: 614.58406pt x 795.3441pt.
 [257

 <../pdf/parte09_espacios_probabilidad.pdf>]
<../pdf/parte09_espacios_probabilidad.pdf, id=1983, page=33, 614.295pt x 794.97
pt>
File: ../pdf/parte09_espacios_probabilidad.pdf Graphic file (type pdf)
<use ../pdf/parte09_espacios_probabilidad.pdf, page 33>
Package pdftex.def Info: ../pdf/parte09_espacios_probabilidad.pdf , page33 used
 on input line 23.
(pdftex.def)             Requested size: 614.58406pt x 795.3441pt.
File: ../pdf/parte09_espacios_probabilidad.pdf Graphic file (type pdf)
<use ../pdf/parte09_espacios_probabilidad.pdf, page 33>
Package pdftex.def Info: ../pdf/parte09_espacios_probabilidad.pdf , page33 used
 on input line 23.
(pdftex.def)             Requested size: 614.58406pt x 795.3441pt.
File: ../pdf/parte09_espacios_probabilidad.pdf Graphic file (type pdf)
<use ../pdf/parte09_espacios_probabilidad.pdf, page 33>
Package pdftex.def Info: ../pdf/parte09_espacios_probabilidad.pdf , page33 used
 on input line 23.
(pdftex.def)             Requested size: 614.58406pt x 795.3441pt.
 [258

 <../pdf/parte09_espacios_probabilidad.pdf>]
<../pdf/parte09_espacios_probabilidad.pdf, id=1988, page=34, 614.295pt x 794.97
pt>
File: ../pdf/parte09_espacios_probabilidad.pdf Graphic file (type pdf)
<use ../pdf/parte09_espacios_probabilidad.pdf, page 34>
Package pdftex.def Info: ../pdf/parte09_espacios_probabilidad.pdf , page34 used
 on input line 23.
(pdftex.def)             Requested size: 614.58406pt x 795.3441pt.
File: ../pdf/parte09_espacios_probabilidad.pdf Graphic file (type pdf)
<use ../pdf/parte09_espacios_probabilidad.pdf, page 34>
Package pdftex.def Info: ../pdf/parte09_espacios_probabilidad.pdf , page34 used
 on input line 23.
(pdftex.def)             Requested size: 614.58406pt x 795.3441pt.
File: ../pdf/parte09_espacios_probabilidad.pdf Graphic file (type pdf)
<use ../pdf/parte09_espacios_probabilidad.pdf, page 34>
Package pdftex.def Info: ../pdf/parte09_espacios_probabilidad.pdf , page34 used
 on input line 23.
(pdftex.def)             Requested size: 614.58406pt x 795.3441pt.
 [259

 <../pdf/parte09_espacios_probabilidad.pdf>]
<../pdf/parte09_espacios_probabilidad.pdf, id=1994, page=35, 614.295pt x 794.97
pt>
File: ../pdf/parte09_espacios_probabilidad.pdf Graphic file (type pdf)
<use ../pdf/parte09_espacios_probabilidad.pdf, page 35>
Package pdftex.def Info: ../pdf/parte09_espacios_probabilidad.pdf , page35 used
 on input line 23.
(pdftex.def)             Requested size: 614.58406pt x 795.3441pt.
File: ../pdf/parte09_espacios_probabilidad.pdf Graphic file (type pdf)
<use ../pdf/parte09_espacios_probabilidad.pdf, page 35>
Package pdftex.def Info: ../pdf/parte09_espacios_probabilidad.pdf , page35 used
 on input line 23.
(pdftex.def)             Requested size: 614.58406pt x 795.3441pt.
File: ../pdf/parte09_espacios_probabilidad.pdf Graphic file (type pdf)
<use ../pdf/parte09_espacios_probabilidad.pdf, page 35>
Package pdftex.def Info: ../pdf/parte09_espacios_probabilidad.pdf , page35 used
 on input line 23.
(pdftex.def)             Requested size: 614.58406pt x 795.3441pt.

[260

 <../pdf/parte09_espacios_probabilidad.pdf>]
<../pdf/parte09_espacios_probabilidad.pdf, id=1999, page=36, 614.295pt x 794.97
pt>
File: ../pdf/parte09_espacios_probabilidad.pdf Graphic file (type pdf)
<use ../pdf/parte09_espacios_probabilidad.pdf, page 36>
Package pdftex.def Info: ../pdf/parte09_espacios_probabilidad.pdf , page36 used
 on input line 23.
(pdftex.def)             Requested size: 614.58406pt x 795.3441pt.
File: ../pdf/parte09_espacios_probabilidad.pdf Graphic file (type pdf)
<use ../pdf/parte09_espacios_probabilidad.pdf, page 36>
Package pdftex.def Info: ../pdf/parte09_espacios_probabilidad.pdf , page36 used
 on input line 23.
(pdftex.def)             Requested size: 614.58406pt x 795.3441pt.
File: ../pdf/parte09_espacios_probabilidad.pdf Graphic file (type pdf)
<use ../pdf/parte09_espacios_probabilidad.pdf, page 36>
Package pdftex.def Info: ../pdf/parte09_espacios_probabilidad.pdf , page36 used
 on input line 23.
(pdftex.def)             Requested size: 614.58406pt x 795.3441pt.
 [261

 <../pdf/parte09_espacios_probabilidad.pdf>]
<../pdf/parte09_espacios_probabilidad.pdf, id=2004, page=37, 614.295pt x 794.97
pt>
File: ../pdf/parte09_espacios_probabilidad.pdf Graphic file (type pdf)
<use ../pdf/parte09_espacios_probabilidad.pdf, page 37>
Package pdftex.def Info: ../pdf/parte09_espacios_probabilidad.pdf , page37 used
 on input line 23.
(pdftex.def)             Requested size: 614.58406pt x 795.3441pt.
File: ../pdf/parte09_espacios_probabilidad.pdf Graphic file (type pdf)
<use ../pdf/parte09_espacios_probabilidad.pdf, page 37>
Package pdftex.def Info: ../pdf/parte09_espacios_probabilidad.pdf , page37 used
 on input line 23.
(pdftex.def)             Requested size: 614.58406pt x 795.3441pt.
File: ../pdf/parte09_espacios_probabilidad.pdf Graphic file (type pdf)
<use ../pdf/parte09_espacios_probabilidad.pdf, page 37>
Package pdftex.def Info: ../pdf/parte09_espacios_probabilidad.pdf , page37 used
 on input line 23.
(pdftex.def)             Requested size: 614.58406pt x 795.3441pt.
 [262

 <../pdf/parte09_espacios_probabilidad.pdf>]
<../pdf/parte09_espacios_probabilidad.pdf, id=2009, page=38, 614.295pt x 794.97
pt>
File: ../pdf/parte09_espacios_probabilidad.pdf Graphic file (type pdf)
<use ../pdf/parte09_espacios_probabilidad.pdf, page 38>
Package pdftex.def Info: ../pdf/parte09_espacios_probabilidad.pdf , page38 used
 on input line 23.
(pdftex.def)             Requested size: 614.58406pt x 795.3441pt.
File: ../pdf/parte09_espacios_probabilidad.pdf Graphic file (type pdf)
<use ../pdf/parte09_espacios_probabilidad.pdf, page 38>
Package pdftex.def Info: ../pdf/parte09_espacios_probabilidad.pdf , page38 used
 on input line 23.
(pdftex.def)             Requested size: 614.58406pt x 795.3441pt.
File: ../pdf/parte09_espacios_probabilidad.pdf Graphic file (type pdf)
<use ../pdf/parte09_espacios_probabilidad.pdf, page 38>
Package pdftex.def Info: ../pdf/parte09_espacios_probabilidad.pdf , page38 used
 on input line 23.
(pdftex.def)             Requested size: 614.58406pt x 795.3441pt.
 [263

 <../pdf/parte09_espacios_probabilidad.pdf>]
<../pdf/parte09_espacios_probabilidad.pdf, id=2014, page=39, 614.295pt x 794.97
pt>
File: ../pdf/parte09_espacios_probabilidad.pdf Graphic file (type pdf)
<use ../pdf/parte09_espacios_probabilidad.pdf, page 39>
Package pdftex.def Info: ../pdf/parte09_espacios_probabilidad.pdf , page39 used
 on input line 23.
(pdftex.def)             Requested size: 614.58406pt x 795.3441pt.
File: ../pdf/parte09_espacios_probabilidad.pdf Graphic file (type pdf)
<use ../pdf/parte09_espacios_probabilidad.pdf, page 39>
Package pdftex.def Info: ../pdf/parte09_espacios_probabilidad.pdf , page39 used
 on input line 23.
(pdftex.def)             Requested size: 614.58406pt x 795.3441pt.
File: ../pdf/parte09_espacios_probabilidad.pdf Graphic file (type pdf)
<use ../pdf/parte09_espacios_probabilidad.pdf, page 39>
Package pdftex.def Info: ../pdf/parte09_espacios_probabilidad.pdf , page39 used
 on input line 23.
(pdftex.def)             Requested size: 614.58406pt x 795.3441pt.
 [264

 <../pdf/parte09_espacios_probabilidad.pdf>]
<../pdf/parte09_espacios_probabilidad.pdf, id=2019, page=40, 614.295pt x 794.97
pt>
File: ../pdf/parte09_espacios_probabilidad.pdf Graphic file (type pdf)
<use ../pdf/parte09_espacios_probabilidad.pdf, page 40>
Package pdftex.def Info: ../pdf/parte09_espacios_probabilidad.pdf , page40 used
 on input line 23.
(pdftex.def)             Requested size: 614.58406pt x 795.3441pt.
File: ../pdf/parte09_espacios_probabilidad.pdf Graphic file (type pdf)
<use ../pdf/parte09_espacios_probabilidad.pdf, page 40>
Package pdftex.def Info: ../pdf/parte09_espacios_probabilidad.pdf , page40 used
 on input line 23.
(pdftex.def)             Requested size: 614.58406pt x 795.3441pt.
File: ../pdf/parte09_espacios_probabilidad.pdf Graphic file (type pdf)
<use ../pdf/parte09_espacios_probabilidad.pdf, page 40>
Package pdftex.def Info: ../pdf/parte09_espacios_probabilidad.pdf , page40 used
 on input line 23.
(pdftex.def)             Requested size: 614.58406pt x 795.3441pt.
 [265

 <../pdf/parte09_espacios_probabilidad.pdf>]
<../pdf/parte09_espacios_probabilidad.pdf, id=2025, page=41, 614.295pt x 794.97
pt>
File: ../pdf/parte09_espacios_probabilidad.pdf Graphic file (type pdf)
<use ../pdf/parte09_espacios_probabilidad.pdf, page 41>
Package pdftex.def Info: ../pdf/parte09_espacios_probabilidad.pdf , page41 used
 on input line 23.
(pdftex.def)             Requested size: 614.58406pt x 795.3441pt.
File: ../pdf/parte09_espacios_probabilidad.pdf Graphic file (type pdf)
<use ../pdf/parte09_espacios_probabilidad.pdf, page 41>
Package pdftex.def Info: ../pdf/parte09_espacios_probabilidad.pdf , page41 used
 on input line 23.
(pdftex.def)             Requested size: 614.58406pt x 795.3441pt.
File: ../pdf/parte09_espacios_probabilidad.pdf Graphic file (type pdf)
<use ../pdf/parte09_espacios_probabilidad.pdf, page 41>
Package pdftex.def Info: ../pdf/parte09_espacios_probabilidad.pdf , page41 used
 on input line 23.
(pdftex.def)             Requested size: 614.58406pt x 795.3441pt.
 [266

 <../pdf/parte09_espacios_probabilidad.pdf>]
<../pdf/parte09_espacios_probabilidad.pdf, id=2030, page=42, 614.295pt x 794.97
pt>
File: ../pdf/parte09_espacios_probabilidad.pdf Graphic file (type pdf)
<use ../pdf/parte09_espacios_probabilidad.pdf, page 42>
Package pdftex.def Info: ../pdf/parte09_espacios_probabilidad.pdf , page42 used
 on input line 23.
(pdftex.def)             Requested size: 614.58406pt x 795.3441pt.
File: ../pdf/parte09_espacios_probabilidad.pdf Graphic file (type pdf)
<use ../pdf/parte09_espacios_probabilidad.pdf, page 42>
Package pdftex.def Info: ../pdf/parte09_espacios_probabilidad.pdf , page42 used
 on input line 23.
(pdftex.def)             Requested size: 614.58406pt x 795.3441pt.
File: ../pdf/parte09_espacios_probabilidad.pdf Graphic file (type pdf)
<use ../pdf/parte09_espacios_probabilidad.pdf, page 42>
Package pdftex.def Info: ../pdf/parte09_espacios_probabilidad.pdf , page42 used
 on input line 23.
(pdftex.def)             Requested size: 614.58406pt x 795.3441pt.
 [267

 <../pdf/parte09_espacios_probabilidad.pdf>]
<../pdf/parte09_espacios_probabilidad.pdf, id=2035, page=43, 614.295pt x 794.97
pt>
File: ../pdf/parte09_espacios_probabilidad.pdf Graphic file (type pdf)
<use ../pdf/parte09_espacios_probabilidad.pdf, page 43>
Package pdftex.def Info: ../pdf/parte09_espacios_probabilidad.pdf , page43 used
 on input line 23.
(pdftex.def)             Requested size: 614.58406pt x 795.3441pt.
File: ../pdf/parte09_espacios_probabilidad.pdf Graphic file (type pdf)
<use ../pdf/parte09_espacios_probabilidad.pdf, page 43>
Package pdftex.def Info: ../pdf/parte09_espacios_probabilidad.pdf , page43 used
 on input line 23.
(pdftex.def)             Requested size: 614.58406pt x 795.3441pt.
File: ../pdf/parte09_espacios_probabilidad.pdf Graphic file (type pdf)
<use ../pdf/parte09_espacios_probabilidad.pdf, page 43>
Package pdftex.def Info: ../pdf/parte09_espacios_probabilidad.pdf , page43 used
 on input line 23.
(pdftex.def)             Requested size: 614.58406pt x 795.3441pt.

[268

 <../pdf/parte09_espacios_probabilidad.pdf>]
<../pdf/parte09_espacios_probabilidad.pdf, id=2040, page=44, 614.295pt x 794.97
pt>
File: ../pdf/parte09_espacios_probabilidad.pdf Graphic file (type pdf)
<use ../pdf/parte09_espacios_probabilidad.pdf, page 44>
Package pdftex.def Info: ../pdf/parte09_espacios_probabilidad.pdf , page44 used
 on input line 23.
(pdftex.def)             Requested size: 614.58406pt x 795.3441pt.
File: ../pdf/parte09_espacios_probabilidad.pdf Graphic file (type pdf)
<use ../pdf/parte09_espacios_probabilidad.pdf, page 44>
Package pdftex.def Info: ../pdf/parte09_espacios_probabilidad.pdf , page44 used
 on input line 23.
(pdftex.def)             Requested size: 614.58406pt x 795.3441pt.
File: ../pdf/parte09_espacios_probabilidad.pdf Graphic file (type pdf)
<use ../pdf/parte09_espacios_probabilidad.pdf, page 44>
Package pdftex.def Info: ../pdf/parte09_espacios_probabilidad.pdf , page44 used
 on input line 23.
(pdftex.def)             Requested size: 614.58406pt x 795.3441pt.
 [269

 <../pdf/parte09_espacios_probabilidad.pdf>]
<../pdf/parte09_espacios_probabilidad.pdf, id=2045, page=45, 614.295pt x 794.97
pt>
File: ../pdf/parte09_espacios_probabilidad.pdf Graphic file (type pdf)
<use ../pdf/parte09_espacios_probabilidad.pdf, page 45>
Package pdftex.def Info: ../pdf/parte09_espacios_probabilidad.pdf , page45 used
 on input line 23.
(pdftex.def)             Requested size: 614.58406pt x 795.3441pt.
File: ../pdf/parte09_espacios_probabilidad.pdf Graphic file (type pdf)
<use ../pdf/parte09_espacios_probabilidad.pdf, page 45>
Package pdftex.def Info: ../pdf/parte09_espacios_probabilidad.pdf , page45 used
 on input line 23.
(pdftex.def)             Requested size: 614.58406pt x 795.3441pt.
File: ../pdf/parte09_espacios_probabilidad.pdf Graphic file (type pdf)
<use ../pdf/parte09_espacios_probabilidad.pdf, page 45>
Package pdftex.def Info: ../pdf/parte09_espacios_probabilidad.pdf , page45 used
 on input line 23.
(pdftex.def)             Requested size: 614.58406pt x 795.3441pt.
 [270

 <../pdf/parte09_espacios_probabilidad.pdf>]
<../pdf/parte09_espacios_probabilidad.pdf, id=2050, page=46, 614.295pt x 794.97
pt>
File: ../pdf/parte09_espacios_probabilidad.pdf Graphic file (type pdf)
<use ../pdf/parte09_espacios_probabilidad.pdf, page 46>
Package pdftex.def Info: ../pdf/parte09_espacios_probabilidad.pdf , page46 used
 on input line 23.
(pdftex.def)             Requested size: 614.58406pt x 795.3441pt.
File: ../pdf/parte09_espacios_probabilidad.pdf Graphic file (type pdf)
<use ../pdf/parte09_espacios_probabilidad.pdf, page 46>
Package pdftex.def Info: ../pdf/parte09_espacios_probabilidad.pdf , page46 used
 on input line 23.
(pdftex.def)             Requested size: 614.58406pt x 795.3441pt.
File: ../pdf/parte09_espacios_probabilidad.pdf Graphic file (type pdf)
<use ../pdf/parte09_espacios_probabilidad.pdf, page 46>
Package pdftex.def Info: ../pdf/parte09_espacios_probabilidad.pdf , page46 used
 on input line 23.
(pdftex.def)             Requested size: 614.58406pt x 795.3441pt.
 [271

 <../pdf/parte09_espacios_probabilidad.pdf>]
<../pdf/parte09_espacios_probabilidad.pdf, id=2056, page=47, 614.295pt x 794.97
pt>
File: ../pdf/parte09_espacios_probabilidad.pdf Graphic file (type pdf)
<use ../pdf/parte09_espacios_probabilidad.pdf, page 47>
Package pdftex.def Info: ../pdf/parte09_espacios_probabilidad.pdf , page47 used
 on input line 23.
(pdftex.def)             Requested size: 614.58406pt x 795.3441pt.
File: ../pdf/parte09_espacios_probabilidad.pdf Graphic file (type pdf)
<use ../pdf/parte09_espacios_probabilidad.pdf, page 47>
Package pdftex.def Info: ../pdf/parte09_espacios_probabilidad.pdf , page47 used
 on input line 23.
(pdftex.def)             Requested size: 614.58406pt x 795.3441pt.
File: ../pdf/parte09_espacios_probabilidad.pdf Graphic file (type pdf)
<use ../pdf/parte09_espacios_probabilidad.pdf, page 47>
Package pdftex.def Info: ../pdf/parte09_espacios_probabilidad.pdf , page47 used
 on input line 23.
(pdftex.def)             Requested size: 614.58406pt x 795.3441pt.
 [272

 <../pdf/parte09_espacios_probabilidad.pdf>]
<../pdf/parte09_espacios_probabilidad.pdf, id=2061, page=48, 614.295pt x 794.97
pt>
File: ../pdf/parte09_espacios_probabilidad.pdf Graphic file (type pdf)
<use ../pdf/parte09_espacios_probabilidad.pdf, page 48>
Package pdftex.def Info: ../pdf/parte09_espacios_probabilidad.pdf , page48 used
 on input line 23.
(pdftex.def)             Requested size: 614.58406pt x 795.3441pt.
File: ../pdf/parte09_espacios_probabilidad.pdf Graphic file (type pdf)
<use ../pdf/parte09_espacios_probabilidad.pdf, page 48>
Package pdftex.def Info: ../pdf/parte09_espacios_probabilidad.pdf , page48 used
 on input line 23.
(pdftex.def)             Requested size: 614.58406pt x 795.3441pt.
File: ../pdf/parte09_espacios_probabilidad.pdf Graphic file (type pdf)
<use ../pdf/parte09_espacios_probabilidad.pdf, page 48>
Package pdftex.def Info: ../pdf/parte09_espacios_probabilidad.pdf , page48 used
 on input line 23.
(pdftex.def)             Requested size: 614.58406pt x 795.3441pt.
 [273

 <../pdf/parte09_espacios_probabilidad.pdf>]
<../pdf/parte09_espacios_probabilidad.pdf, id=2066, page=49, 614.295pt x 794.97
pt>
File: ../pdf/parte09_espacios_probabilidad.pdf Graphic file (type pdf)
<use ../pdf/parte09_espacios_probabilidad.pdf, page 49>
Package pdftex.def Info: ../pdf/parte09_espacios_probabilidad.pdf , page49 used
 on input line 23.
(pdftex.def)             Requested size: 614.58406pt x 795.3441pt.
File: ../pdf/parte09_espacios_probabilidad.pdf Graphic file (type pdf)
<use ../pdf/parte09_espacios_probabilidad.pdf, page 49>
Package pdftex.def Info: ../pdf/parte09_espacios_probabilidad.pdf , page49 used
 on input line 23.
(pdftex.def)             Requested size: 614.58406pt x 795.3441pt.
File: ../pdf/parte09_espacios_probabilidad.pdf Graphic file (type pdf)
<use ../pdf/parte09_espacios_probabilidad.pdf, page 49>
Package pdftex.def Info: ../pdf/parte09_espacios_probabilidad.pdf , page49 used
 on input line 23.
(pdftex.def)             Requested size: 614.58406pt x 795.3441pt.
 [274

 <../pdf/parte09_espacios_probabilidad.pdf>]
<../pdf/parte09_espacios_probabilidad.pdf, id=2071, page=50, 614.295pt x 794.97
pt>
File: ../pdf/parte09_espacios_probabilidad.pdf Graphic file (type pdf)
<use ../pdf/parte09_espacios_probabilidad.pdf, page 50>
Package pdftex.def Info: ../pdf/parte09_espacios_probabilidad.pdf , page50 used
 on input line 23.
(pdftex.def)             Requested size: 614.58406pt x 795.3441pt.
File: ../pdf/parte09_espacios_probabilidad.pdf Graphic file (type pdf)
<use ../pdf/parte09_espacios_probabilidad.pdf, page 50>
Package pdftex.def Info: ../pdf/parte09_espacios_probabilidad.pdf , page50 used
 on input line 23.
(pdftex.def)             Requested size: 614.58406pt x 795.3441pt.
File: ../pdf/parte09_espacios_probabilidad.pdf Graphic file (type pdf)
<use ../pdf/parte09_espacios_probabilidad.pdf, page 50>
Package pdftex.def Info: ../pdf/parte09_espacios_probabilidad.pdf , page50 used
 on input line 23.
(pdftex.def)             Requested size: 614.58406pt x 795.3441pt.
 [275

 <../pdf/parte09_espacios_probabilidad.pdf>]
<../pdf/parte09_espacios_probabilidad.pdf, id=2076, page=51, 614.295pt x 794.97
pt>
File: ../pdf/parte09_espacios_probabilidad.pdf Graphic file (type pdf)
<use ../pdf/parte09_espacios_probabilidad.pdf, page 51>
Package pdftex.def Info: ../pdf/parte09_espacios_probabilidad.pdf , page51 used
 on input line 23.
(pdftex.def)             Requested size: 614.58406pt x 795.3441pt.
File: ../pdf/parte09_espacios_probabilidad.pdf Graphic file (type pdf)
<use ../pdf/parte09_espacios_probabilidad.pdf, page 51>
Package pdftex.def Info: ../pdf/parte09_espacios_probabilidad.pdf , page51 used
 on input line 23.
(pdftex.def)             Requested size: 614.58406pt x 795.3441pt.
File: ../pdf/parte09_espacios_probabilidad.pdf Graphic file (type pdf)
<use ../pdf/parte09_espacios_probabilidad.pdf, page 51>
Package pdftex.def Info: ../pdf/parte09_espacios_probabilidad.pdf , page51 used
 on input line 23.
(pdftex.def)             Requested size: 614.58406pt x 795.3441pt.

[276

 <../pdf/parte09_espacios_probabilidad.pdf>]
<../pdf/parte09_espacios_probabilidad.pdf, id=2081, page=52, 614.295pt x 794.97
pt>
File: ../pdf/parte09_espacios_probabilidad.pdf Graphic file (type pdf)
<use ../pdf/parte09_espacios_probabilidad.pdf, page 52>
Package pdftex.def Info: ../pdf/parte09_espacios_probabilidad.pdf , page52 used
 on input line 23.
(pdftex.def)             Requested size: 614.58406pt x 795.3441pt.
File: ../pdf/parte09_espacios_probabilidad.pdf Graphic file (type pdf)
<use ../pdf/parte09_espacios_probabilidad.pdf, page 52>
Package pdftex.def Info: ../pdf/parte09_espacios_probabilidad.pdf , page52 used
 on input line 23.
(pdftex.def)             Requested size: 614.58406pt x 795.3441pt.
File: ../pdf/parte09_espacios_probabilidad.pdf Graphic file (type pdf)
<use ../pdf/parte09_espacios_probabilidad.pdf, page 52>
Package pdftex.def Info: ../pdf/parte09_espacios_probabilidad.pdf , page52 used
 on input line 23.
(pdftex.def)             Requested size: 614.58406pt x 795.3441pt.
 [277

 <../pdf/parte09_espacios_probabilidad.pdf>]
<../pdf/parte09_espacios_probabilidad.pdf, id=2087, page=53, 614.295pt x 794.97
pt>
File: ../pdf/parte09_espacios_probabilidad.pdf Graphic file (type pdf)
<use ../pdf/parte09_espacios_probabilidad.pdf, page 53>
Package pdftex.def Info: ../pdf/parte09_espacios_probabilidad.pdf , page53 used
 on input line 23.
(pdftex.def)             Requested size: 614.58406pt x 795.3441pt.
File: ../pdf/parte09_espacios_probabilidad.pdf Graphic file (type pdf)
<use ../pdf/parte09_espacios_probabilidad.pdf, page 53>
Package pdftex.def Info: ../pdf/parte09_espacios_probabilidad.pdf , page53 used
 on input line 23.
(pdftex.def)             Requested size: 614.58406pt x 795.3441pt.
File: ../pdf/parte09_espacios_probabilidad.pdf Graphic file (type pdf)
<use ../pdf/parte09_espacios_probabilidad.pdf, page 53>
Package pdftex.def Info: ../pdf/parte09_espacios_probabilidad.pdf , page53 used
 on input line 23.
(pdftex.def)             Requested size: 614.58406pt x 795.3441pt.
 [278

 <../pdf/parte09_espacios_probabilidad.pdf>]
<../pdf/parte09_espacios_probabilidad.pdf, id=2092, page=54, 614.295pt x 794.97
pt>
File: ../pdf/parte09_espacios_probabilidad.pdf Graphic file (type pdf)
<use ../pdf/parte09_espacios_probabilidad.pdf, page 54>
Package pdftex.def Info: ../pdf/parte09_espacios_probabilidad.pdf , page54 used
 on input line 23.
(pdftex.def)             Requested size: 614.58406pt x 795.3441pt.
File: ../pdf/parte09_espacios_probabilidad.pdf Graphic file (type pdf)
<use ../pdf/parte09_espacios_probabilidad.pdf, page 54>
Package pdftex.def Info: ../pdf/parte09_espacios_probabilidad.pdf , page54 used
 on input line 23.
(pdftex.def)             Requested size: 614.58406pt x 795.3441pt.
File: ../pdf/parte09_espacios_probabilidad.pdf Graphic file (type pdf)
<use ../pdf/parte09_espacios_probabilidad.pdf, page 54>
Package pdftex.def Info: ../pdf/parte09_espacios_probabilidad.pdf , page54 used
 on input line 23.
(pdftex.def)             Requested size: 614.58406pt x 795.3441pt.
 [279

 <../pdf/parte09_espacios_probabilidad.pdf>]
<../pdf/parte09_espacios_probabilidad.pdf, id=2097, page=55, 614.295pt x 794.97
pt>
File: ../pdf/parte09_espacios_probabilidad.pdf Graphic file (type pdf)
<use ../pdf/parte09_espacios_probabilidad.pdf, page 55>
Package pdftex.def Info: ../pdf/parte09_espacios_probabilidad.pdf , page55 used
 on input line 23.
(pdftex.def)             Requested size: 614.58406pt x 795.3441pt.
File: ../pdf/parte09_espacios_probabilidad.pdf Graphic file (type pdf)
<use ../pdf/parte09_espacios_probabilidad.pdf, page 55>
Package pdftex.def Info: ../pdf/parte09_espacios_probabilidad.pdf , page55 used
 on input line 23.
(pdftex.def)             Requested size: 614.58406pt x 795.3441pt.
File: ../pdf/parte09_espacios_probabilidad.pdf Graphic file (type pdf)
<use ../pdf/parte09_espacios_probabilidad.pdf, page 55>
Package pdftex.def Info: ../pdf/parte09_espacios_probabilidad.pdf , page55 used
 on input line 23.
(pdftex.def)             Requested size: 614.58406pt x 795.3441pt.
 [280

 <../pdf/parte09_espacios_probabilidad.pdf>]
<../pdf/parte10_probabilidad_conteo.pdf, id=2102, 614.295pt x 794.97pt>
File: ../pdf/parte10_probabilidad_conteo.pdf Graphic file (type pdf)
<use ../pdf/parte10_probabilidad_conteo.pdf>
Package pdftex.def Info: ../pdf/parte10_probabilidad_conteo.pdf  used on input 
line 24.
(pdftex.def)             Requested size: 614.29349pt x 794.96806pt.
<../pdf/parte10_probabilidad_conteo.pdf, id=2104, page=1, 614.295pt x 794.97pt>

File: ../pdf/parte10_probabilidad_conteo.pdf Graphic file (type pdf)
<use ../pdf/parte10_probabilidad_conteo.pdf, page 1>
Package pdftex.def Info: ../pdf/parte10_probabilidad_conteo.pdf , page1 used on
 input line 24.
(pdftex.def)             Requested size: 614.29349pt x 794.96806pt.
File: ../pdf/parte10_probabilidad_conteo.pdf Graphic file (type pdf)
<use ../pdf/parte10_probabilidad_conteo.pdf, page 1>
Package pdftex.def Info: ../pdf/parte10_probabilidad_conteo.pdf , page1 used on
 input line 24.
(pdftex.def)             Requested size: 614.58406pt x 795.3441pt.
File: ../pdf/parte10_probabilidad_conteo.pdf Graphic file (type pdf)
<use ../pdf/parte10_probabilidad_conteo.pdf, page 1>
Package pdftex.def Info: ../pdf/parte10_probabilidad_conteo.pdf , page1 used on
 input line 24.
(pdftex.def)             Requested size: 614.58406pt x 795.3441pt.
File: ../pdf/parte10_probabilidad_conteo.pdf Graphic file (type pdf)
<use ../pdf/parte10_probabilidad_conteo.pdf, page 1>
Package pdftex.def Info: ../pdf/parte10_probabilidad_conteo.pdf , page1 used on
 input line 24.
(pdftex.def)             Requested size: 614.58406pt x 795.3441pt.
File: ../pdf/parte10_probabilidad_conteo.pdf Graphic file (type pdf)
<use ../pdf/parte10_probabilidad_conteo.pdf, page 1>
Package pdftex.def Info: ../pdf/parte10_probabilidad_conteo.pdf , page1 used on
 input line 24.
(pdftex.def)             Requested size: 614.58406pt x 795.3441pt.
 [281

 <../pdf/parte10_probabilidad_conteo.pdf>]
<../pdf/parte10_probabilidad_conteo.pdf, id=2143, page=2, 614.295pt x 794.97pt>

File: ../pdf/parte10_probabilidad_conteo.pdf Graphic file (type pdf)
<use ../pdf/parte10_probabilidad_conteo.pdf, page 2>
Package pdftex.def Info: ../pdf/parte10_probabilidad_conteo.pdf , page2 used on
 input line 24.
(pdftex.def)             Requested size: 614.58406pt x 795.3441pt.
File: ../pdf/parte10_probabilidad_conteo.pdf Graphic file (type pdf)
<use ../pdf/parte10_probabilidad_conteo.pdf, page 2>
Package pdftex.def Info: ../pdf/parte10_probabilidad_conteo.pdf , page2 used on
 input line 24.
(pdftex.def)             Requested size: 614.58406pt x 795.3441pt.
File: ../pdf/parte10_probabilidad_conteo.pdf Graphic file (type pdf)
<use ../pdf/parte10_probabilidad_conteo.pdf, page 2>
Package pdftex.def Info: ../pdf/parte10_probabilidad_conteo.pdf , page2 used on
 input line 24.
(pdftex.def)             Requested size: 614.58406pt x 795.3441pt.
 [282

 <../pdf/parte10_probabilidad_conteo.pdf>]
<../pdf/parte10_probabilidad_conteo.pdf, id=2172, page=3, 614.295pt x 794.97pt>

File: ../pdf/parte10_probabilidad_conteo.pdf Graphic file (type pdf)
<use ../pdf/parte10_probabilidad_conteo.pdf, page 3>
Package pdftex.def Info: ../pdf/parte10_probabilidad_conteo.pdf , page3 used on
 input line 24.
(pdftex.def)             Requested size: 614.58406pt x 795.3441pt.
File: ../pdf/parte10_probabilidad_conteo.pdf Graphic file (type pdf)
<use ../pdf/parte10_probabilidad_conteo.pdf, page 3>
Package pdftex.def Info: ../pdf/parte10_probabilidad_conteo.pdf , page3 used on
 input line 24.
(pdftex.def)             Requested size: 614.58406pt x 795.3441pt.
File: ../pdf/parte10_probabilidad_conteo.pdf Graphic file (type pdf)
<use ../pdf/parte10_probabilidad_conteo.pdf, page 3>
Package pdftex.def Info: ../pdf/parte10_probabilidad_conteo.pdf , page3 used on
 input line 24.
(pdftex.def)             Requested size: 614.58406pt x 795.3441pt.
 [283

 <../pdf/parte10_probabilidad_conteo.pdf>]
<../pdf/parte10_probabilidad_conteo.pdf, id=2178, page=4, 614.295pt x 794.97pt>

File: ../pdf/parte10_probabilidad_conteo.pdf Graphic file (type pdf)
<use ../pdf/parte10_probabilidad_conteo.pdf, page 4>
Package pdftex.def Info: ../pdf/parte10_probabilidad_conteo.pdf , page4 used on
 input line 24.
(pdftex.def)             Requested size: 614.58406pt x 795.3441pt.
File: ../pdf/parte10_probabilidad_conteo.pdf Graphic file (type pdf)
<use ../pdf/parte10_probabilidad_conteo.pdf, page 4>
Package pdftex.def Info: ../pdf/parte10_probabilidad_conteo.pdf , page4 used on
 input line 24.
(pdftex.def)             Requested size: 614.58406pt x 795.3441pt.
File: ../pdf/parte10_probabilidad_conteo.pdf Graphic file (type pdf)
<use ../pdf/parte10_probabilidad_conteo.pdf, page 4>
Package pdftex.def Info: ../pdf/parte10_probabilidad_conteo.pdf , page4 used on
 input line 24.
(pdftex.def)             Requested size: 614.58406pt x 795.3441pt.
 [284

 <../pdf/parte10_probabilidad_conteo.pdf>]
<../pdf/parte10_probabilidad_conteo.pdf, id=2183, page=5, 614.295pt x 794.97pt>

File: ../pdf/parte10_probabilidad_conteo.pdf Graphic file (type pdf)
<use ../pdf/parte10_probabilidad_conteo.pdf, page 5>
Package pdftex.def Info: ../pdf/parte10_probabilidad_conteo.pdf , page5 used on
 input line 24.
(pdftex.def)             Requested size: 614.58406pt x 795.3441pt.
File: ../pdf/parte10_probabilidad_conteo.pdf Graphic file (type pdf)
<use ../pdf/parte10_probabilidad_conteo.pdf, page 5>
Package pdftex.def Info: ../pdf/parte10_probabilidad_conteo.pdf , page5 used on
 input line 24.
(pdftex.def)             Requested size: 614.58406pt x 795.3441pt.
File: ../pdf/parte10_probabilidad_conteo.pdf Graphic file (type pdf)
<use ../pdf/parte10_probabilidad_conteo.pdf, page 5>
Package pdftex.def Info: ../pdf/parte10_probabilidad_conteo.pdf , page5 used on
 input line 24.
(pdftex.def)             Requested size: 614.58406pt x 795.3441pt.
 [285

 <../pdf/parte10_probabilidad_conteo.pdf>]
<../pdf/parte10_probabilidad_conteo.pdf, id=2188, page=6, 614.295pt x 794.97pt>

File: ../pdf/parte10_probabilidad_conteo.pdf Graphic file (type pdf)
<use ../pdf/parte10_probabilidad_conteo.pdf, page 6>
Package pdftex.def Info: ../pdf/parte10_probabilidad_conteo.pdf , page6 used on
 input line 24.
(pdftex.def)             Requested size: 614.58406pt x 795.3441pt.
File: ../pdf/parte10_probabilidad_conteo.pdf Graphic file (type pdf)
<use ../pdf/parte10_probabilidad_conteo.pdf, page 6>
Package pdftex.def Info: ../pdf/parte10_probabilidad_conteo.pdf , page6 used on
 input line 24.
(pdftex.def)             Requested size: 614.58406pt x 795.3441pt.
File: ../pdf/parte10_probabilidad_conteo.pdf Graphic file (type pdf)
<use ../pdf/parte10_probabilidad_conteo.pdf, page 6>
Package pdftex.def Info: ../pdf/parte10_probabilidad_conteo.pdf , page6 used on
 input line 24.
(pdftex.def)             Requested size: 614.58406pt x 795.3441pt.
 [286

 <../pdf/parte10_probabilidad_conteo.pdf>]
<../pdf/parte10_probabilidad_conteo.pdf, id=2197, page=7, 614.295pt x 794.97pt>

File: ../pdf/parte10_probabilidad_conteo.pdf Graphic file (type pdf)
<use ../pdf/parte10_probabilidad_conteo.pdf, page 7>
Package pdftex.def Info: ../pdf/parte10_probabilidad_conteo.pdf , page7 used on
 input line 24.
(pdftex.def)             Requested size: 614.58406pt x 795.3441pt.
File: ../pdf/parte10_probabilidad_conteo.pdf Graphic file (type pdf)
<use ../pdf/parte10_probabilidad_conteo.pdf, page 7>
Package pdftex.def Info: ../pdf/parte10_probabilidad_conteo.pdf , page7 used on
 input line 24.
(pdftex.def)             Requested size: 614.58406pt x 795.3441pt.
File: ../pdf/parte10_probabilidad_conteo.pdf Graphic file (type pdf)
<use ../pdf/parte10_probabilidad_conteo.pdf, page 7>
Package pdftex.def Info: ../pdf/parte10_probabilidad_conteo.pdf , page7 used on
 input line 24.
(pdftex.def)             Requested size: 614.58406pt x 795.3441pt.
 [287

 <../pdf/parte10_probabilidad_conteo.pdf>]
<../pdf/parte10_probabilidad_conteo.pdf, id=2202, page=8, 614.295pt x 794.97pt>

File: ../pdf/parte10_probabilidad_conteo.pdf Graphic file (type pdf)
<use ../pdf/parte10_probabilidad_conteo.pdf, page 8>
Package pdftex.def Info: ../pdf/parte10_probabilidad_conteo.pdf , page8 used on
 input line 24.
(pdftex.def)             Requested size: 614.58406pt x 795.3441pt.
File: ../pdf/parte10_probabilidad_conteo.pdf Graphic file (type pdf)
<use ../pdf/parte10_probabilidad_conteo.pdf, page 8>
Package pdftex.def Info: ../pdf/parte10_probabilidad_conteo.pdf , page8 used on
 input line 24.
(pdftex.def)             Requested size: 614.58406pt x 795.3441pt.
File: ../pdf/parte10_probabilidad_conteo.pdf Graphic file (type pdf)
<use ../pdf/parte10_probabilidad_conteo.pdf, page 8>
Package pdftex.def Info: ../pdf/parte10_probabilidad_conteo.pdf , page8 used on
 input line 24.
(pdftex.def)             Requested size: 614.58406pt x 795.3441pt.
 [288

 <../pdf/parte10_probabilidad_conteo.pdf>]
<../pdf/parte10_probabilidad_conteo.pdf, id=2207, page=9, 614.295pt x 794.97pt>

File: ../pdf/parte10_probabilidad_conteo.pdf Graphic file (type pdf)
<use ../pdf/parte10_probabilidad_conteo.pdf, page 9>
Package pdftex.def Info: ../pdf/parte10_probabilidad_conteo.pdf , page9 used on
 input line 24.
(pdftex.def)             Requested size: 614.58406pt x 795.3441pt.
File: ../pdf/parte10_probabilidad_conteo.pdf Graphic file (type pdf)
<use ../pdf/parte10_probabilidad_conteo.pdf, page 9>
Package pdftex.def Info: ../pdf/parte10_probabilidad_conteo.pdf , page9 used on
 input line 24.
(pdftex.def)             Requested size: 614.58406pt x 795.3441pt.
File: ../pdf/parte10_probabilidad_conteo.pdf Graphic file (type pdf)
<use ../pdf/parte10_probabilidad_conteo.pdf, page 9>
Package pdftex.def Info: ../pdf/parte10_probabilidad_conteo.pdf , page9 used on
 input line 24.
(pdftex.def)             Requested size: 614.58406pt x 795.3441pt.
 [289

 <../pdf/parte10_probabilidad_conteo.pdf>]
<../pdf/parte10_probabilidad_conteo.pdf, id=2213, page=10, 614.295pt x 794.97pt
>
File: ../pdf/parte10_probabilidad_conteo.pdf Graphic file (type pdf)
<use ../pdf/parte10_probabilidad_conteo.pdf, page 10>
Package pdftex.def Info: ../pdf/parte10_probabilidad_conteo.pdf , page10 used o
n input line 24.
(pdftex.def)             Requested size: 614.58406pt x 795.3441pt.
File: ../pdf/parte10_probabilidad_conteo.pdf Graphic file (type pdf)
<use ../pdf/parte10_probabilidad_conteo.pdf, page 10>
Package pdftex.def Info: ../pdf/parte10_probabilidad_conteo.pdf , page10 used o
n input line 24.
(pdftex.def)             Requested size: 614.58406pt x 795.3441pt.
File: ../pdf/parte10_probabilidad_conteo.pdf Graphic file (type pdf)
<use ../pdf/parte10_probabilidad_conteo.pdf, page 10>
Package pdftex.def Info: ../pdf/parte10_probabilidad_conteo.pdf , page10 used o
n input line 24.
(pdftex.def)             Requested size: 614.58406pt x 795.3441pt.
 [290

 <../pdf/parte10_probabilidad_conteo.pdf>]
<../pdf/parte10_probabilidad_conteo.pdf, id=2218, page=11, 614.295pt x 794.97pt
>
File: ../pdf/parte10_probabilidad_conteo.pdf Graphic file (type pdf)
<use ../pdf/parte10_probabilidad_conteo.pdf, page 11>
Package pdftex.def Info: ../pdf/parte10_probabilidad_conteo.pdf , page11 used o
n input line 24.
(pdftex.def)             Requested size: 614.58406pt x 795.3441pt.
File: ../pdf/parte10_probabilidad_conteo.pdf Graphic file (type pdf)
<use ../pdf/parte10_probabilidad_conteo.pdf, page 11>
Package pdftex.def Info: ../pdf/parte10_probabilidad_conteo.pdf , page11 used o
n input line 24.
(pdftex.def)             Requested size: 614.58406pt x 795.3441pt.
File: ../pdf/parte10_probabilidad_conteo.pdf Graphic file (type pdf)
<use ../pdf/parte10_probabilidad_conteo.pdf, page 11>
Package pdftex.def Info: ../pdf/parte10_probabilidad_conteo.pdf , page11 used o
n input line 24.
(pdftex.def)             Requested size: 614.58406pt x 795.3441pt.
 [291

 <../pdf/parte10_probabilidad_conteo.pdf>]
<../pdf/parte10_probabilidad_conteo.pdf, id=2223, page=12, 614.295pt x 794.97pt
>
File: ../pdf/parte10_probabilidad_conteo.pdf Graphic file (type pdf)
<use ../pdf/parte10_probabilidad_conteo.pdf, page 12>
Package pdftex.def Info: ../pdf/parte10_probabilidad_conteo.pdf , page12 used o
n input line 24.
(pdftex.def)             Requested size: 614.58406pt x 795.3441pt.
File: ../pdf/parte10_probabilidad_conteo.pdf Graphic file (type pdf)
<use ../pdf/parte10_probabilidad_conteo.pdf, page 12>
Package pdftex.def Info: ../pdf/parte10_probabilidad_conteo.pdf , page12 used o
n input line 24.
(pdftex.def)             Requested size: 614.58406pt x 795.3441pt.
File: ../pdf/parte10_probabilidad_conteo.pdf Graphic file (type pdf)
<use ../pdf/parte10_probabilidad_conteo.pdf, page 12>
Package pdftex.def Info: ../pdf/parte10_probabilidad_conteo.pdf , page12 used o
n input line 24.
(pdftex.def)             Requested size: 614.58406pt x 795.3441pt.
 [292

 <../pdf/parte10_probabilidad_conteo.pdf>]
<../pdf/parte10_probabilidad_conteo.pdf, id=2228, page=13, 614.295pt x 794.97pt
>
File: ../pdf/parte10_probabilidad_conteo.pdf Graphic file (type pdf)
<use ../pdf/parte10_probabilidad_conteo.pdf, page 13>
Package pdftex.def Info: ../pdf/parte10_probabilidad_conteo.pdf , page13 used o
n input line 24.
(pdftex.def)             Requested size: 614.58406pt x 795.3441pt.
File: ../pdf/parte10_probabilidad_conteo.pdf Graphic file (type pdf)
<use ../pdf/parte10_probabilidad_conteo.pdf, page 13>
Package pdftex.def Info: ../pdf/parte10_probabilidad_conteo.pdf , page13 used o
n input line 24.
(pdftex.def)             Requested size: 614.58406pt x 795.3441pt.
File: ../pdf/parte10_probabilidad_conteo.pdf Graphic file (type pdf)
<use ../pdf/parte10_probabilidad_conteo.pdf, page 13>
Package pdftex.def Info: ../pdf/parte10_probabilidad_conteo.pdf , page13 used o
n input line 24.
(pdftex.def)             Requested size: 614.58406pt x 795.3441pt.
 [293

 <../pdf/parte10_probabilidad_conteo.pdf>]
<../pdf/parte10_probabilidad_conteo.pdf, id=2233, page=14, 614.295pt x 794.97pt
>
File: ../pdf/parte10_probabilidad_conteo.pdf Graphic file (type pdf)
<use ../pdf/parte10_probabilidad_conteo.pdf, page 14>
Package pdftex.def Info: ../pdf/parte10_probabilidad_conteo.pdf , page14 used o
n input line 24.
(pdftex.def)             Requested size: 614.58406pt x 795.3441pt.
File: ../pdf/parte10_probabilidad_conteo.pdf Graphic file (type pdf)
<use ../pdf/parte10_probabilidad_conteo.pdf, page 14>
Package pdftex.def Info: ../pdf/parte10_probabilidad_conteo.pdf , page14 used o
n input line 24.
(pdftex.def)             Requested size: 614.58406pt x 795.3441pt.
File: ../pdf/parte10_probabilidad_conteo.pdf Graphic file (type pdf)
<use ../pdf/parte10_probabilidad_conteo.pdf, page 14>
Package pdftex.def Info: ../pdf/parte10_probabilidad_conteo.pdf , page14 used o
n input line 24.
(pdftex.def)             Requested size: 614.58406pt x 795.3441pt.
 [294

 <../pdf/parte10_probabilidad_conteo.pdf>]
<../pdf/parte10_probabilidad_conteo.pdf, id=2238, page=15, 614.295pt x 794.97pt
>
File: ../pdf/parte10_probabilidad_conteo.pdf Graphic file (type pdf)
<use ../pdf/parte10_probabilidad_conteo.pdf, page 15>
Package pdftex.def Info: ../pdf/parte10_probabilidad_conteo.pdf , page15 used o
n input line 24.
(pdftex.def)             Requested size: 614.58406pt x 795.3441pt.
File: ../pdf/parte10_probabilidad_conteo.pdf Graphic file (type pdf)
<use ../pdf/parte10_probabilidad_conteo.pdf, page 15>
Package pdftex.def Info: ../pdf/parte10_probabilidad_conteo.pdf , page15 used o
n input line 24.
(pdftex.def)             Requested size: 614.58406pt x 795.3441pt.
File: ../pdf/parte10_probabilidad_conteo.pdf Graphic file (type pdf)
<use ../pdf/parte10_probabilidad_conteo.pdf, page 15>
Package pdftex.def Info: ../pdf/parte10_probabilidad_conteo.pdf , page15 used o
n input line 24.
(pdftex.def)             Requested size: 614.58406pt x 795.3441pt.
 [295

 <../pdf/parte10_probabilidad_conteo.pdf>]
<../pdf/parte10_probabilidad_conteo.pdf, id=2244, page=16, 614.295pt x 794.97pt
>
File: ../pdf/parte10_probabilidad_conteo.pdf Graphic file (type pdf)
<use ../pdf/parte10_probabilidad_conteo.pdf, page 16>
Package pdftex.def Info: ../pdf/parte10_probabilidad_conteo.pdf , page16 used o
n input line 24.
(pdftex.def)             Requested size: 614.58406pt x 795.3441pt.
File: ../pdf/parte10_probabilidad_conteo.pdf Graphic file (type pdf)
<use ../pdf/parte10_probabilidad_conteo.pdf, page 16>
Package pdftex.def Info: ../pdf/parte10_probabilidad_conteo.pdf , page16 used o
n input line 24.
(pdftex.def)             Requested size: 614.58406pt x 795.3441pt.
File: ../pdf/parte10_probabilidad_conteo.pdf Graphic file (type pdf)
<use ../pdf/parte10_probabilidad_conteo.pdf, page 16>
Package pdftex.def Info: ../pdf/parte10_probabilidad_conteo.pdf , page16 used o
n input line 24.
(pdftex.def)             Requested size: 614.58406pt x 795.3441pt.
 [296

 <../pdf/parte10_probabilidad_conteo.pdf>]
<../pdf/parte10_probabilidad_conteo.pdf, id=2249, page=17, 614.295pt x 794.97pt
>
File: ../pdf/parte10_probabilidad_conteo.pdf Graphic file (type pdf)
<use ../pdf/parte10_probabilidad_conteo.pdf, page 17>
Package pdftex.def Info: ../pdf/parte10_probabilidad_conteo.pdf , page17 used o
n input line 24.
(pdftex.def)             Requested size: 614.58406pt x 795.3441pt.
File: ../pdf/parte10_probabilidad_conteo.pdf Graphic file (type pdf)
<use ../pdf/parte10_probabilidad_conteo.pdf, page 17>
Package pdftex.def Info: ../pdf/parte10_probabilidad_conteo.pdf , page17 used o
n input line 24.
(pdftex.def)             Requested size: 614.58406pt x 795.3441pt.
File: ../pdf/parte10_probabilidad_conteo.pdf Graphic file (type pdf)
<use ../pdf/parte10_probabilidad_conteo.pdf, page 17>
Package pdftex.def Info: ../pdf/parte10_probabilidad_conteo.pdf , page17 used o
n input line 24.
(pdftex.def)             Requested size: 614.58406pt x 795.3441pt.
 [297

 <../pdf/parte10_probabilidad_conteo.pdf>]
<../pdf/parte10_probabilidad_conteo.pdf, id=2254, page=18, 614.295pt x 794.97pt
>
File: ../pdf/parte10_probabilidad_conteo.pdf Graphic file (type pdf)
<use ../pdf/parte10_probabilidad_conteo.pdf, page 18>
Package pdftex.def Info: ../pdf/parte10_probabilidad_conteo.pdf , page18 used o
n input line 24.
(pdftex.def)             Requested size: 614.58406pt x 795.3441pt.
File: ../pdf/parte10_probabilidad_conteo.pdf Graphic file (type pdf)
<use ../pdf/parte10_probabilidad_conteo.pdf, page 18>
Package pdftex.def Info: ../pdf/parte10_probabilidad_conteo.pdf , page18 used o
n input line 24.
(pdftex.def)             Requested size: 614.58406pt x 795.3441pt.
File: ../pdf/parte10_probabilidad_conteo.pdf Graphic file (type pdf)
<use ../pdf/parte10_probabilidad_conteo.pdf, page 18>
Package pdftex.def Info: ../pdf/parte10_probabilidad_conteo.pdf , page18 used o
n input line 24.
(pdftex.def)             Requested size: 614.58406pt x 795.3441pt.
 [298

 <../pdf/parte10_probabilidad_conteo.pdf>]
<../pdf/parte10_probabilidad_conteo.pdf, id=2259, page=19, 614.295pt x 794.97pt
>
File: ../pdf/parte10_probabilidad_conteo.pdf Graphic file (type pdf)
<use ../pdf/parte10_probabilidad_conteo.pdf, page 19>
Package pdftex.def Info: ../pdf/parte10_probabilidad_conteo.pdf , page19 used o
n input line 24.
(pdftex.def)             Requested size: 614.58406pt x 795.3441pt.
File: ../pdf/parte10_probabilidad_conteo.pdf Graphic file (type pdf)
<use ../pdf/parte10_probabilidad_conteo.pdf, page 19>
Package pdftex.def Info: ../pdf/parte10_probabilidad_conteo.pdf , page19 used o
n input line 24.
(pdftex.def)             Requested size: 614.58406pt x 795.3441pt.
File: ../pdf/parte10_probabilidad_conteo.pdf Graphic file (type pdf)
<use ../pdf/parte10_probabilidad_conteo.pdf, page 19>
Package pdftex.def Info: ../pdf/parte10_probabilidad_conteo.pdf , page19 used o
n input line 24.
(pdftex.def)             Requested size: 614.58406pt x 795.3441pt.
 [299

 <../pdf/parte10_probabilidad_conteo.pdf>]
<../pdf/parte10_probabilidad_conteo.pdf, id=2264, page=20, 614.295pt x 794.97pt
>
File: ../pdf/parte10_probabilidad_conteo.pdf Graphic file (type pdf)
<use ../pdf/parte10_probabilidad_conteo.pdf, page 20>
Package pdftex.def Info: ../pdf/parte10_probabilidad_conteo.pdf , page20 used o
n input line 24.
(pdftex.def)             Requested size: 614.58406pt x 795.3441pt.
File: ../pdf/parte10_probabilidad_conteo.pdf Graphic file (type pdf)
<use ../pdf/parte10_probabilidad_conteo.pdf, page 20>
Package pdftex.def Info: ../pdf/parte10_probabilidad_conteo.pdf , page20 used o
n input line 24.
(pdftex.def)             Requested size: 614.58406pt x 795.3441pt.
File: ../pdf/parte10_probabilidad_conteo.pdf Graphic file (type pdf)
<use ../pdf/parte10_probabilidad_conteo.pdf, page 20>
Package pdftex.def Info: ../pdf/parte10_probabilidad_conteo.pdf , page20 used o
n input line 24.
(pdftex.def)             Requested size: 614.58406pt x 795.3441pt.
 [300

 <../pdf/parte10_probabilidad_conteo.pdf>]
<../pdf/parte10_probabilidad_conteo.pdf, id=2275, page=21, 614.295pt x 794.97pt
>
File: ../pdf/parte10_probabilidad_conteo.pdf Graphic file (type pdf)
<use ../pdf/parte10_probabilidad_conteo.pdf, page 21>
Package pdftex.def Info: ../pdf/parte10_probabilidad_conteo.pdf , page21 used o
n input line 24.
(pdftex.def)             Requested size: 614.58406pt x 795.3441pt.
File: ../pdf/parte10_probabilidad_conteo.pdf Graphic file (type pdf)
<use ../pdf/parte10_probabilidad_conteo.pdf, page 21>
Package pdftex.def Info: ../pdf/parte10_probabilidad_conteo.pdf , page21 used o
n input line 24.
(pdftex.def)             Requested size: 614.58406pt x 795.3441pt.
File: ../pdf/parte10_probabilidad_conteo.pdf Graphic file (type pdf)
<use ../pdf/parte10_probabilidad_conteo.pdf, page 21>
Package pdftex.def Info: ../pdf/parte10_probabilidad_conteo.pdf , page21 used o
n input line 24.
(pdftex.def)             Requested size: 614.58406pt x 795.3441pt.

[301

 <../pdf/parte10_probabilidad_conteo.pdf>]
<../pdf/parte10_probabilidad_conteo.pdf, id=2281, page=22, 614.295pt x 794.97pt
>
File: ../pdf/parte10_probabilidad_conteo.pdf Graphic file (type pdf)
<use ../pdf/parte10_probabilidad_conteo.pdf, page 22>
Package pdftex.def Info: ../pdf/parte10_probabilidad_conteo.pdf , page22 used o
n input line 24.
(pdftex.def)             Requested size: 614.58406pt x 795.3441pt.
File: ../pdf/parte10_probabilidad_conteo.pdf Graphic file (type pdf)
<use ../pdf/parte10_probabilidad_conteo.pdf, page 22>
Package pdftex.def Info: ../pdf/parte10_probabilidad_conteo.pdf , page22 used o
n input line 24.
(pdftex.def)             Requested size: 614.58406pt x 795.3441pt.
File: ../pdf/parte10_probabilidad_conteo.pdf Graphic file (type pdf)
<use ../pdf/parte10_probabilidad_conteo.pdf, page 22>
Package pdftex.def Info: ../pdf/parte10_probabilidad_conteo.pdf , page22 used o
n input line 24.
(pdftex.def)             Requested size: 614.58406pt x 795.3441pt.
 [302

 <../pdf/parte10_probabilidad_conteo.pdf>]
<../pdf/parte10_probabilidad_conteo.pdf, id=2286, page=23, 614.295pt x 794.97pt
>
File: ../pdf/parte10_probabilidad_conteo.pdf Graphic file (type pdf)
<use ../pdf/parte10_probabilidad_conteo.pdf, page 23>
Package pdftex.def Info: ../pdf/parte10_probabilidad_conteo.pdf , page23 used o
n input line 24.
(pdftex.def)             Requested size: 614.58406pt x 795.3441pt.
File: ../pdf/parte10_probabilidad_conteo.pdf Graphic file (type pdf)
<use ../pdf/parte10_probabilidad_conteo.pdf, page 23>
Package pdftex.def Info: ../pdf/parte10_probabilidad_conteo.pdf , page23 used o
n input line 24.
(pdftex.def)             Requested size: 614.58406pt x 795.3441pt.
File: ../pdf/parte10_probabilidad_conteo.pdf Graphic file (type pdf)
<use ../pdf/parte10_probabilidad_conteo.pdf, page 23>
Package pdftex.def Info: ../pdf/parte10_probabilidad_conteo.pdf , page23 used o
n input line 24.
(pdftex.def)             Requested size: 614.58406pt x 795.3441pt.
 [303

 <../pdf/parte10_probabilidad_conteo.pdf>]
<../pdf/parte10_probabilidad_conteo.pdf, id=2291, page=24, 614.295pt x 794.97pt
>
File: ../pdf/parte10_probabilidad_conteo.pdf Graphic file (type pdf)
<use ../pdf/parte10_probabilidad_conteo.pdf, page 24>
Package pdftex.def Info: ../pdf/parte10_probabilidad_conteo.pdf , page24 used o
n input line 24.
(pdftex.def)             Requested size: 614.58406pt x 795.3441pt.
File: ../pdf/parte10_probabilidad_conteo.pdf Graphic file (type pdf)
<use ../pdf/parte10_probabilidad_conteo.pdf, page 24>
Package pdftex.def Info: ../pdf/parte10_probabilidad_conteo.pdf , page24 used o
n input line 24.
(pdftex.def)             Requested size: 614.58406pt x 795.3441pt.
File: ../pdf/parte10_probabilidad_conteo.pdf Graphic file (type pdf)
<use ../pdf/parte10_probabilidad_conteo.pdf, page 24>
Package pdftex.def Info: ../pdf/parte10_probabilidad_conteo.pdf , page24 used o
n input line 24.
(pdftex.def)             Requested size: 614.58406pt x 795.3441pt.
 [304

 <../pdf/parte10_probabilidad_conteo.pdf>]
<../pdf/parte10_probabilidad_conteo.pdf, id=2296, page=25, 614.295pt x 794.97pt
>
File: ../pdf/parte10_probabilidad_conteo.pdf Graphic file (type pdf)
<use ../pdf/parte10_probabilidad_conteo.pdf, page 25>
Package pdftex.def Info: ../pdf/parte10_probabilidad_conteo.pdf , page25 used o
n input line 24.
(pdftex.def)             Requested size: 614.58406pt x 795.3441pt.
File: ../pdf/parte10_probabilidad_conteo.pdf Graphic file (type pdf)
<use ../pdf/parte10_probabilidad_conteo.pdf, page 25>
Package pdftex.def Info: ../pdf/parte10_probabilidad_conteo.pdf , page25 used o
n input line 24.
(pdftex.def)             Requested size: 614.58406pt x 795.3441pt.
File: ../pdf/parte10_probabilidad_conteo.pdf Graphic file (type pdf)
<use ../pdf/parte10_probabilidad_conteo.pdf, page 25>
Package pdftex.def Info: ../pdf/parte10_probabilidad_conteo.pdf , page25 used o
n input line 24.
(pdftex.def)             Requested size: 614.58406pt x 795.3441pt.
 [305

 <../pdf/parte10_probabilidad_conteo.pdf>]
<../pdf/parte10_probabilidad_conteo.pdf, id=2301, page=26, 614.295pt x 794.97pt
>
File: ../pdf/parte10_probabilidad_conteo.pdf Graphic file (type pdf)
<use ../pdf/parte10_probabilidad_conteo.pdf, page 26>
Package pdftex.def Info: ../pdf/parte10_probabilidad_conteo.pdf , page26 used o
n input line 24.
(pdftex.def)             Requested size: 614.58406pt x 795.3441pt.
File: ../pdf/parte10_probabilidad_conteo.pdf Graphic file (type pdf)
<use ../pdf/parte10_probabilidad_conteo.pdf, page 26>
Package pdftex.def Info: ../pdf/parte10_probabilidad_conteo.pdf , page26 used o
n input line 24.
(pdftex.def)             Requested size: 614.58406pt x 795.3441pt.
File: ../pdf/parte10_probabilidad_conteo.pdf Graphic file (type pdf)
<use ../pdf/parte10_probabilidad_conteo.pdf, page 26>
Package pdftex.def Info: ../pdf/parte10_probabilidad_conteo.pdf , page26 used o
n input line 24.
(pdftex.def)             Requested size: 614.58406pt x 795.3441pt.

[306

 <../pdf/parte10_probabilidad_conteo.pdf>]
<../pdf/parte10_probabilidad_conteo.pdf, id=2307, page=27, 614.295pt x 794.97pt
>
File: ../pdf/parte10_probabilidad_conteo.pdf Graphic file (type pdf)
<use ../pdf/parte10_probabilidad_conteo.pdf, page 27>
Package pdftex.def Info: ../pdf/parte10_probabilidad_conteo.pdf , page27 used o
n input line 24.
(pdftex.def)             Requested size: 614.58406pt x 795.3441pt.
File: ../pdf/parte10_probabilidad_conteo.pdf Graphic file (type pdf)
<use ../pdf/parte10_probabilidad_conteo.pdf, page 27>
Package pdftex.def Info: ../pdf/parte10_probabilidad_conteo.pdf , page27 used o
n input line 24.
(pdftex.def)             Requested size: 614.58406pt x 795.3441pt.
File: ../pdf/parte10_probabilidad_conteo.pdf Graphic file (type pdf)
<use ../pdf/parte10_probabilidad_conteo.pdf, page 27>
Package pdftex.def Info: ../pdf/parte10_probabilidad_conteo.pdf , page27 used o
n input line 24.
(pdftex.def)             Requested size: 614.58406pt x 795.3441pt.
 [307

 <../pdf/parte10_probabilidad_conteo.pdf>]
<../pdf/parte10_probabilidad_conteo.pdf, id=2313, page=28, 614.295pt x 794.97pt
>
File: ../pdf/parte10_probabilidad_conteo.pdf Graphic file (type pdf)
<use ../pdf/parte10_probabilidad_conteo.pdf, page 28>
Package pdftex.def Info: ../pdf/parte10_probabilidad_conteo.pdf , page28 used o
n input line 24.
(pdftex.def)             Requested size: 614.58406pt x 795.3441pt.
File: ../pdf/parte10_probabilidad_conteo.pdf Graphic file (type pdf)
<use ../pdf/parte10_probabilidad_conteo.pdf, page 28>
Package pdftex.def Info: ../pdf/parte10_probabilidad_conteo.pdf , page28 used o
n input line 24.
(pdftex.def)             Requested size: 614.58406pt x 795.3441pt.
File: ../pdf/parte10_probabilidad_conteo.pdf Graphic file (type pdf)
<use ../pdf/parte10_probabilidad_conteo.pdf, page 28>
Package pdftex.def Info: ../pdf/parte10_probabilidad_conteo.pdf , page28 used o
n input line 24.
(pdftex.def)             Requested size: 614.58406pt x 795.3441pt.
 [308

 <../pdf/parte10_probabilidad_conteo.pdf>]
<../pdf/parte10_probabilidad_conteo.pdf, id=2318, page=29, 614.295pt x 794.97pt
>
File: ../pdf/parte10_probabilidad_conteo.pdf Graphic file (type pdf)
<use ../pdf/parte10_probabilidad_conteo.pdf, page 29>
Package pdftex.def Info: ../pdf/parte10_probabilidad_conteo.pdf , page29 used o
n input line 24.
(pdftex.def)             Requested size: 614.58406pt x 795.3441pt.
File: ../pdf/parte10_probabilidad_conteo.pdf Graphic file (type pdf)
<use ../pdf/parte10_probabilidad_conteo.pdf, page 29>
Package pdftex.def Info: ../pdf/parte10_probabilidad_conteo.pdf , page29 used o
n input line 24.
(pdftex.def)             Requested size: 614.58406pt x 795.3441pt.
File: ../pdf/parte10_probabilidad_conteo.pdf Graphic file (type pdf)
<use ../pdf/parte10_probabilidad_conteo.pdf, page 29>
Package pdftex.def Info: ../pdf/parte10_probabilidad_conteo.pdf , page29 used o
n input line 24.
(pdftex.def)             Requested size: 614.58406pt x 795.3441pt.
 [309

 <../pdf/parte10_probabilidad_conteo.pdf>]
<../pdf/parte10_probabilidad_conteo.pdf, id=2323, page=30, 614.295pt x 794.97pt
>
File: ../pdf/parte10_probabilidad_conteo.pdf Graphic file (type pdf)
<use ../pdf/parte10_probabilidad_conteo.pdf, page 30>
Package pdftex.def Info: ../pdf/parte10_probabilidad_conteo.pdf , page30 used o
n input line 24.
(pdftex.def)             Requested size: 614.58406pt x 795.3441pt.
File: ../pdf/parte10_probabilidad_conteo.pdf Graphic file (type pdf)
<use ../pdf/parte10_probabilidad_conteo.pdf, page 30>
Package pdftex.def Info: ../pdf/parte10_probabilidad_conteo.pdf , page30 used o
n input line 24.
(pdftex.def)             Requested size: 614.58406pt x 795.3441pt.
File: ../pdf/parte10_probabilidad_conteo.pdf Graphic file (type pdf)
<use ../pdf/parte10_probabilidad_conteo.pdf, page 30>
Package pdftex.def Info: ../pdf/parte10_probabilidad_conteo.pdf , page30 used o
n input line 24.
(pdftex.def)             Requested size: 614.58406pt x 795.3441pt.
 [310

 <../pdf/parte10_probabilidad_conteo.pdf>]
<../pdf/parte10_probabilidad_conteo.pdf, id=2334, page=31, 614.295pt x 794.97pt
>
File: ../pdf/parte10_probabilidad_conteo.pdf Graphic file (type pdf)
<use ../pdf/parte10_probabilidad_conteo.pdf, page 31>
Package pdftex.def Info: ../pdf/parte10_probabilidad_conteo.pdf , page31 used o
n input line 24.
(pdftex.def)             Requested size: 614.58406pt x 795.3441pt.
File: ../pdf/parte10_probabilidad_conteo.pdf Graphic file (type pdf)
<use ../pdf/parte10_probabilidad_conteo.pdf, page 31>
Package pdftex.def Info: ../pdf/parte10_probabilidad_conteo.pdf , page31 used o
n input line 24.
(pdftex.def)             Requested size: 614.58406pt x 795.3441pt.
File: ../pdf/parte10_probabilidad_conteo.pdf Graphic file (type pdf)
<use ../pdf/parte10_probabilidad_conteo.pdf, page 31>
Package pdftex.def Info: ../pdf/parte10_probabilidad_conteo.pdf , page31 used o
n input line 24.
(pdftex.def)             Requested size: 614.58406pt x 795.3441pt.

[311

 <../pdf/parte10_probabilidad_conteo.pdf>]
<../pdf/parte10_probabilidad_conteo.pdf, id=2339, page=32, 614.295pt x 794.97pt
>
File: ../pdf/parte10_probabilidad_conteo.pdf Graphic file (type pdf)
<use ../pdf/parte10_probabilidad_conteo.pdf, page 32>
Package pdftex.def Info: ../pdf/parte10_probabilidad_conteo.pdf , page32 used o
n input line 24.
(pdftex.def)             Requested size: 614.58406pt x 795.3441pt.
File: ../pdf/parte10_probabilidad_conteo.pdf Graphic file (type pdf)
<use ../pdf/parte10_probabilidad_conteo.pdf, page 32>
Package pdftex.def Info: ../pdf/parte10_probabilidad_conteo.pdf , page32 used o
n input line 24.
(pdftex.def)             Requested size: 614.58406pt x 795.3441pt.
File: ../pdf/parte10_probabilidad_conteo.pdf Graphic file (type pdf)
<use ../pdf/parte10_probabilidad_conteo.pdf, page 32>
Package pdftex.def Info: ../pdf/parte10_probabilidad_conteo.pdf , page32 used o
n input line 24.
(pdftex.def)             Requested size: 614.58406pt x 795.3441pt.
 [312

 <../pdf/parte10_probabilidad_conteo.pdf>]
<../pdf/parte10_probabilidad_conteo.pdf, id=2344, page=33, 614.295pt x 794.97pt
>
File: ../pdf/parte10_probabilidad_conteo.pdf Graphic file (type pdf)
<use ../pdf/parte10_probabilidad_conteo.pdf, page 33>
Package pdftex.def Info: ../pdf/parte10_probabilidad_conteo.pdf , page33 used o
n input line 24.
(pdftex.def)             Requested size: 614.58406pt x 795.3441pt.
File: ../pdf/parte10_probabilidad_conteo.pdf Graphic file (type pdf)
<use ../pdf/parte10_probabilidad_conteo.pdf, page 33>
Package pdftex.def Info: ../pdf/parte10_probabilidad_conteo.pdf , page33 used o
n input line 24.
(pdftex.def)             Requested size: 614.58406pt x 795.3441pt.
File: ../pdf/parte10_probabilidad_conteo.pdf Graphic file (type pdf)
<use ../pdf/parte10_probabilidad_conteo.pdf, page 33>
Package pdftex.def Info: ../pdf/parte10_probabilidad_conteo.pdf , page33 used o
n input line 24.
(pdftex.def)             Requested size: 614.58406pt x 795.3441pt.
 [313

 <../pdf/parte10_probabilidad_conteo.pdf>]
<../pdf/parte10_probabilidad_conteo.pdf, id=2350, page=34, 614.295pt x 794.97pt
>
File: ../pdf/parte10_probabilidad_conteo.pdf Graphic file (type pdf)
<use ../pdf/parte10_probabilidad_conteo.pdf, page 34>
Package pdftex.def Info: ../pdf/parte10_probabilidad_conteo.pdf , page34 used o
n input line 24.
(pdftex.def)             Requested size: 614.58406pt x 795.3441pt.
File: ../pdf/parte10_probabilidad_conteo.pdf Graphic file (type pdf)
<use ../pdf/parte10_probabilidad_conteo.pdf, page 34>
Package pdftex.def Info: ../pdf/parte10_probabilidad_conteo.pdf , page34 used o
n input line 24.
(pdftex.def)             Requested size: 614.58406pt x 795.3441pt.
File: ../pdf/parte10_probabilidad_conteo.pdf Graphic file (type pdf)
<use ../pdf/parte10_probabilidad_conteo.pdf, page 34>
Package pdftex.def Info: ../pdf/parte10_probabilidad_conteo.pdf , page34 used o
n input line 24.
(pdftex.def)             Requested size: 614.58406pt x 795.3441pt.
 [314

 <../pdf/parte10_probabilidad_conteo.pdf>]
<../pdf/parte10_probabilidad_conteo.pdf, id=2355, page=35, 614.295pt x 794.97pt
>
File: ../pdf/parte10_probabilidad_conteo.pdf Graphic file (type pdf)
<use ../pdf/parte10_probabilidad_conteo.pdf, page 35>
Package pdftex.def Info: ../pdf/parte10_probabilidad_conteo.pdf , page35 used o
n input line 24.
(pdftex.def)             Requested size: 614.58406pt x 795.3441pt.
File: ../pdf/parte10_probabilidad_conteo.pdf Graphic file (type pdf)
<use ../pdf/parte10_probabilidad_conteo.pdf, page 35>
Package pdftex.def Info: ../pdf/parte10_probabilidad_conteo.pdf , page35 used o
n input line 24.
(pdftex.def)             Requested size: 614.58406pt x 795.3441pt.
File: ../pdf/parte10_probabilidad_conteo.pdf Graphic file (type pdf)
<use ../pdf/parte10_probabilidad_conteo.pdf, page 35>
Package pdftex.def Info: ../pdf/parte10_probabilidad_conteo.pdf , page35 used o
n input line 24.
(pdftex.def)             Requested size: 614.58406pt x 795.3441pt.
 [315

 <../pdf/parte10_probabilidad_conteo.pdf>]
<../pdf/parte10_probabilidad_conteo.pdf, id=2360, page=36, 614.295pt x 794.97pt
>
File: ../pdf/parte10_probabilidad_conteo.pdf Graphic file (type pdf)
<use ../pdf/parte10_probabilidad_conteo.pdf, page 36>
Package pdftex.def Info: ../pdf/parte10_probabilidad_conteo.pdf , page36 used o
n input line 24.
(pdftex.def)             Requested size: 614.58406pt x 795.3441pt.
File: ../pdf/parte10_probabilidad_conteo.pdf Graphic file (type pdf)
<use ../pdf/parte10_probabilidad_conteo.pdf, page 36>
Package pdftex.def Info: ../pdf/parte10_probabilidad_conteo.pdf , page36 used o
n input line 24.
(pdftex.def)             Requested size: 614.58406pt x 795.3441pt.
File: ../pdf/parte10_probabilidad_conteo.pdf Graphic file (type pdf)
<use ../pdf/parte10_probabilidad_conteo.pdf, page 36>
Package pdftex.def Info: ../pdf/parte10_probabilidad_conteo.pdf , page36 used o
n input line 24.
(pdftex.def)             Requested size: 614.58406pt x 795.3441pt.

[316

 <../pdf/parte10_probabilidad_conteo.pdf>]
<../pdf/parte10_probabilidad_conteo.pdf, id=2365, page=37, 614.295pt x 794.97pt
>
File: ../pdf/parte10_probabilidad_conteo.pdf Graphic file (type pdf)
<use ../pdf/parte10_probabilidad_conteo.pdf, page 37>
Package pdftex.def Info: ../pdf/parte10_probabilidad_conteo.pdf , page37 used o
n input line 24.
(pdftex.def)             Requested size: 614.58406pt x 795.3441pt.
File: ../pdf/parte10_probabilidad_conteo.pdf Graphic file (type pdf)
<use ../pdf/parte10_probabilidad_conteo.pdf, page 37>
Package pdftex.def Info: ../pdf/parte10_probabilidad_conteo.pdf , page37 used o
n input line 24.
(pdftex.def)             Requested size: 614.58406pt x 795.3441pt.
File: ../pdf/parte10_probabilidad_conteo.pdf Graphic file (type pdf)
<use ../pdf/parte10_probabilidad_conteo.pdf, page 37>
Package pdftex.def Info: ../pdf/parte10_probabilidad_conteo.pdf , page37 used o
n input line 24.
(pdftex.def)             Requested size: 614.58406pt x 795.3441pt.
 [317

 <../pdf/parte10_probabilidad_conteo.pdf>]
<../pdf/parte10_probabilidad_conteo.pdf, id=2370, page=38, 614.295pt x 794.97pt
>
File: ../pdf/parte10_probabilidad_conteo.pdf Graphic file (type pdf)
<use ../pdf/parte10_probabilidad_conteo.pdf, page 38>
Package pdftex.def Info: ../pdf/parte10_probabilidad_conteo.pdf , page38 used o
n input line 24.
(pdftex.def)             Requested size: 614.58406pt x 795.3441pt.
File: ../pdf/parte10_probabilidad_conteo.pdf Graphic file (type pdf)
<use ../pdf/parte10_probabilidad_conteo.pdf, page 38>
Package pdftex.def Info: ../pdf/parte10_probabilidad_conteo.pdf , page38 used o
n input line 24.
(pdftex.def)             Requested size: 614.58406pt x 795.3441pt.
File: ../pdf/parte10_probabilidad_conteo.pdf Graphic file (type pdf)
<use ../pdf/parte10_probabilidad_conteo.pdf, page 38>
Package pdftex.def Info: ../pdf/parte10_probabilidad_conteo.pdf , page38 used o
n input line 24.
(pdftex.def)             Requested size: 614.58406pt x 795.3441pt.
 [318

 <../pdf/parte10_probabilidad_conteo.pdf>]
<../pdf/parte10_probabilidad_conteo.pdf, id=2375, page=39, 614.295pt x 794.97pt
>
File: ../pdf/parte10_probabilidad_conteo.pdf Graphic file (type pdf)
<use ../pdf/parte10_probabilidad_conteo.pdf, page 39>
Package pdftex.def Info: ../pdf/parte10_probabilidad_conteo.pdf , page39 used o
n input line 24.
(pdftex.def)             Requested size: 614.58406pt x 795.3441pt.
File: ../pdf/parte10_probabilidad_conteo.pdf Graphic file (type pdf)
<use ../pdf/parte10_probabilidad_conteo.pdf, page 39>
Package pdftex.def Info: ../pdf/parte10_probabilidad_conteo.pdf , page39 used o
n input line 24.
(pdftex.def)             Requested size: 614.58406pt x 795.3441pt.
File: ../pdf/parte10_probabilidad_conteo.pdf Graphic file (type pdf)
<use ../pdf/parte10_probabilidad_conteo.pdf, page 39>
Package pdftex.def Info: ../pdf/parte10_probabilidad_conteo.pdf , page39 used o
n input line 24.
(pdftex.def)             Requested size: 614.58406pt x 795.3441pt.
 [319

 <../pdf/parte10_probabilidad_conteo.pdf>]
<../pdf/parte10_probabilidad_conteo.pdf, id=2381, page=40, 614.295pt x 794.97pt
>
File: ../pdf/parte10_probabilidad_conteo.pdf Graphic file (type pdf)
<use ../pdf/parte10_probabilidad_conteo.pdf, page 40>
Package pdftex.def Info: ../pdf/parte10_probabilidad_conteo.pdf , page40 used o
n input line 24.
(pdftex.def)             Requested size: 614.58406pt x 795.3441pt.
File: ../pdf/parte10_probabilidad_conteo.pdf Graphic file (type pdf)
<use ../pdf/parte10_probabilidad_conteo.pdf, page 40>
Package pdftex.def Info: ../pdf/parte10_probabilidad_conteo.pdf , page40 used o
n input line 24.
(pdftex.def)             Requested size: 614.58406pt x 795.3441pt.
File: ../pdf/parte10_probabilidad_conteo.pdf Graphic file (type pdf)
<use ../pdf/parte10_probabilidad_conteo.pdf, page 40>
Package pdftex.def Info: ../pdf/parte10_probabilidad_conteo.pdf , page40 used o
n input line 24.
(pdftex.def)             Requested size: 614.58406pt x 795.3441pt.
 [320

 <../pdf/parte10_probabilidad_conteo.pdf>]
<../pdf/parte10_probabilidad_conteo.pdf, id=2386, page=41, 614.295pt x 794.97pt
>
File: ../pdf/parte10_probabilidad_conteo.pdf Graphic file (type pdf)
<use ../pdf/parte10_probabilidad_conteo.pdf, page 41>
Package pdftex.def Info: ../pdf/parte10_probabilidad_conteo.pdf , page41 used o
n input line 24.
(pdftex.def)             Requested size: 614.58406pt x 795.3441pt.
File: ../pdf/parte10_probabilidad_conteo.pdf Graphic file (type pdf)
<use ../pdf/parte10_probabilidad_conteo.pdf, page 41>
Package pdftex.def Info: ../pdf/parte10_probabilidad_conteo.pdf , page41 used o
n input line 24.
(pdftex.def)             Requested size: 614.58406pt x 795.3441pt.
File: ../pdf/parte10_probabilidad_conteo.pdf Graphic file (type pdf)
<use ../pdf/parte10_probabilidad_conteo.pdf, page 41>
Package pdftex.def Info: ../pdf/parte10_probabilidad_conteo.pdf , page41 used o
n input line 24.
(pdftex.def)             Requested size: 614.58406pt x 795.3441pt.

[321

 <../pdf/parte10_probabilidad_conteo.pdf>]
<../pdf/parte10_probabilidad_conteo.pdf, id=2391, page=42, 614.295pt x 794.97pt
>
File: ../pdf/parte10_probabilidad_conteo.pdf Graphic file (type pdf)
<use ../pdf/parte10_probabilidad_conteo.pdf, page 42>
Package pdftex.def Info: ../pdf/parte10_probabilidad_conteo.pdf , page42 used o
n input line 24.
(pdftex.def)             Requested size: 614.58406pt x 795.3441pt.
File: ../pdf/parte10_probabilidad_conteo.pdf Graphic file (type pdf)
<use ../pdf/parte10_probabilidad_conteo.pdf, page 42>
Package pdftex.def Info: ../pdf/parte10_probabilidad_conteo.pdf , page42 used o
n input line 24.
(pdftex.def)             Requested size: 614.58406pt x 795.3441pt.
File: ../pdf/parte10_probabilidad_conteo.pdf Graphic file (type pdf)
<use ../pdf/parte10_probabilidad_conteo.pdf, page 42>
Package pdftex.def Info: ../pdf/parte10_probabilidad_conteo.pdf , page42 used o
n input line 24.
(pdftex.def)             Requested size: 614.58406pt x 795.3441pt.
 [322

 <../pdf/parte10_probabilidad_conteo.pdf>]
<../pdf/parte11_condicional_independencia.pdf, id=2396, 614.295pt x 794.97pt>
File: ../pdf/parte11_condicional_independencia.pdf Graphic file (type pdf)
<use ../pdf/parte11_condicional_independencia.pdf>
Package pdftex.def Info: ../pdf/parte11_condicional_independencia.pdf  used on 
input line 25.
(pdftex.def)             Requested size: 614.29349pt x 794.96806pt.
<../pdf/parte11_condicional_independencia.pdf, id=2398, page=1, 614.295pt x 794
.97pt>
File: ../pdf/parte11_condicional_independencia.pdf Graphic file (type pdf)
<use ../pdf/parte11_condicional_independencia.pdf, page 1>
Package pdftex.def Info: ../pdf/parte11_condicional_independencia.pdf , page1 u
sed on input line 25.
(pdftex.def)             Requested size: 614.29349pt x 794.96806pt.
File: ../pdf/parte11_condicional_independencia.pdf Graphic file (type pdf)
<use ../pdf/parte11_condicional_independencia.pdf, page 1>
Package pdftex.def Info: ../pdf/parte11_condicional_independencia.pdf , page1 u
sed on input line 25.
(pdftex.def)             Requested size: 614.58406pt x 795.3441pt.
File: ../pdf/parte11_condicional_independencia.pdf Graphic file (type pdf)
<use ../pdf/parte11_condicional_independencia.pdf, page 1>
Package pdftex.def Info: ../pdf/parte11_condicional_independencia.pdf , page1 u
sed on input line 25.
(pdftex.def)             Requested size: 614.58406pt x 795.3441pt.
File: ../pdf/parte11_condicional_independencia.pdf Graphic file (type pdf)
<use ../pdf/parte11_condicional_independencia.pdf, page 1>
Package pdftex.def Info: ../pdf/parte11_condicional_independencia.pdf , page1 u
sed on input line 25.
(pdftex.def)             Requested size: 614.58406pt x 795.3441pt.
File: ../pdf/parte11_condicional_independencia.pdf Graphic file (type pdf)
<use ../pdf/parte11_condicional_independencia.pdf, page 1>
Package pdftex.def Info: ../pdf/parte11_condicional_independencia.pdf , page1 u
sed on input line 25.
(pdftex.def)             Requested size: 614.58406pt x 795.3441pt.
 [323

 <../pdf/parte11_condicional_independencia.pdf>]
<../pdf/parte11_condicional_independencia.pdf, id=2448, page=2, 614.295pt x 794
.97pt>
File: ../pdf/parte11_condicional_independencia.pdf Graphic file (type pdf)
<use ../pdf/parte11_condicional_independencia.pdf, page 2>
Package pdftex.def Info: ../pdf/parte11_condicional_independencia.pdf , page2 u
sed on input line 25.
(pdftex.def)             Requested size: 614.58406pt x 795.3441pt.
File: ../pdf/parte11_condicional_independencia.pdf Graphic file (type pdf)
<use ../pdf/parte11_condicional_independencia.pdf, page 2>
Package pdftex.def Info: ../pdf/parte11_condicional_independencia.pdf , page2 u
sed on input line 25.
(pdftex.def)             Requested size: 614.58406pt x 795.3441pt.
File: ../pdf/parte11_condicional_independencia.pdf Graphic file (type pdf)
<use ../pdf/parte11_condicional_independencia.pdf, page 2>
Package pdftex.def Info: ../pdf/parte11_condicional_independencia.pdf , page2 u
sed on input line 25.
(pdftex.def)             Requested size: 614.58406pt x 795.3441pt.
 [324

 <../pdf/parte11_condicional_independencia.pdf>]
<../pdf/parte11_condicional_independencia.pdf, id=2457, page=3, 614.295pt x 794
.97pt>
File: ../pdf/parte11_condicional_independencia.pdf Graphic file (type pdf)
<use ../pdf/parte11_condicional_independencia.pdf, page 3>
Package pdftex.def Info: ../pdf/parte11_condicional_independencia.pdf , page3 u
sed on input line 25.
(pdftex.def)             Requested size: 614.58406pt x 795.3441pt.
File: ../pdf/parte11_condicional_independencia.pdf Graphic file (type pdf)
<use ../pdf/parte11_condicional_independencia.pdf, page 3>
Package pdftex.def Info: ../pdf/parte11_condicional_independencia.pdf , page3 u
sed on input line 25.
(pdftex.def)             Requested size: 614.58406pt x 795.3441pt.
File: ../pdf/parte11_condicional_independencia.pdf Graphic file (type pdf)
<use ../pdf/parte11_condicional_independencia.pdf, page 3>
Package pdftex.def Info: ../pdf/parte11_condicional_independencia.pdf , page3 u
sed on input line 25.
(pdftex.def)             Requested size: 614.58406pt x 795.3441pt.
 [325

 <../pdf/parte11_condicional_independencia.pdf>]
<../pdf/parte11_condicional_independencia.pdf, id=2468, page=4, 614.295pt x 794
.97pt>
File: ../pdf/parte11_condicional_independencia.pdf Graphic file (type pdf)
<use ../pdf/parte11_condicional_independencia.pdf, page 4>
Package pdftex.def Info: ../pdf/parte11_condicional_independencia.pdf , page4 u
sed on input line 25.
(pdftex.def)             Requested size: 614.58406pt x 795.3441pt.
File: ../pdf/parte11_condicional_independencia.pdf Graphic file (type pdf)
<use ../pdf/parte11_condicional_independencia.pdf, page 4>
Package pdftex.def Info: ../pdf/parte11_condicional_independencia.pdf , page4 u
sed on input line 25.
(pdftex.def)             Requested size: 614.58406pt x 795.3441pt.
File: ../pdf/parte11_condicional_independencia.pdf Graphic file (type pdf)
<use ../pdf/parte11_condicional_independencia.pdf, page 4>
Package pdftex.def Info: ../pdf/parte11_condicional_independencia.pdf , page4 u
sed on input line 25.
(pdftex.def)             Requested size: 614.58406pt x 795.3441pt.
 [326

 <../pdf/parte11_condicional_independencia.pdf>]
<../pdf/parte11_condicional_independencia.pdf, id=2473, page=5, 614.295pt x 794
.97pt>
File: ../pdf/parte11_condicional_independencia.pdf Graphic file (type pdf)
<use ../pdf/parte11_condicional_independencia.pdf, page 5>
Package pdftex.def Info: ../pdf/parte11_condicional_independencia.pdf , page5 u
sed on input line 25.
(pdftex.def)             Requested size: 614.58406pt x 795.3441pt.
File: ../pdf/parte11_condicional_independencia.pdf Graphic file (type pdf)
<use ../pdf/parte11_condicional_independencia.pdf, page 5>
Package pdftex.def Info: ../pdf/parte11_condicional_independencia.pdf , page5 u
sed on input line 25.
(pdftex.def)             Requested size: 614.58406pt x 795.3441pt.
File: ../pdf/parte11_condicional_independencia.pdf Graphic file (type pdf)
<use ../pdf/parte11_condicional_independencia.pdf, page 5>
Package pdftex.def Info: ../pdf/parte11_condicional_independencia.pdf , page5 u
sed on input line 25.
(pdftex.def)             Requested size: 614.58406pt x 795.3441pt.
 [327

 <../pdf/parte11_condicional_independencia.pdf>]
<../pdf/parte11_condicional_independencia.pdf, id=2478, page=6, 614.295pt x 794
.97pt>
File: ../pdf/parte11_condicional_independencia.pdf Graphic file (type pdf)
<use ../pdf/parte11_condicional_independencia.pdf, page 6>
Package pdftex.def Info: ../pdf/parte11_condicional_independencia.pdf , page6 u
sed on input line 25.
(pdftex.def)             Requested size: 614.58406pt x 795.3441pt.
File: ../pdf/parte11_condicional_independencia.pdf Graphic file (type pdf)
<use ../pdf/parte11_condicional_independencia.pdf, page 6>
Package pdftex.def Info: ../pdf/parte11_condicional_independencia.pdf , page6 u
sed on input line 25.
(pdftex.def)             Requested size: 614.58406pt x 795.3441pt.
File: ../pdf/parte11_condicional_independencia.pdf Graphic file (type pdf)
<use ../pdf/parte11_condicional_independencia.pdf, page 6>
Package pdftex.def Info: ../pdf/parte11_condicional_independencia.pdf , page6 u
sed on input line 25.
(pdftex.def)             Requested size: 614.58406pt x 795.3441pt.
 [328

 <../pdf/parte11_condicional_independencia.pdf>]
<../pdf/parte11_condicional_independencia.pdf, id=2483, page=7, 614.295pt x 794
.97pt>
File: ../pdf/parte11_condicional_independencia.pdf Graphic file (type pdf)
<use ../pdf/parte11_condicional_independencia.pdf, page 7>
Package pdftex.def Info: ../pdf/parte11_condicional_independencia.pdf , page7 u
sed on input line 25.
(pdftex.def)             Requested size: 614.58406pt x 795.3441pt.
File: ../pdf/parte11_condicional_independencia.pdf Graphic file (type pdf)
<use ../pdf/parte11_condicional_independencia.pdf, page 7>
Package pdftex.def Info: ../pdf/parte11_condicional_independencia.pdf , page7 u
sed on input line 25.
(pdftex.def)             Requested size: 614.58406pt x 795.3441pt.
File: ../pdf/parte11_condicional_independencia.pdf Graphic file (type pdf)
<use ../pdf/parte11_condicional_independencia.pdf, page 7>
Package pdftex.def Info: ../pdf/parte11_condicional_independencia.pdf , page7 u
sed on input line 25.
(pdftex.def)             Requested size: 614.58406pt x 795.3441pt.
 [329

 <../pdf/parte11_condicional_independencia.pdf>]
<../pdf/parte11_condicional_independencia.pdf, id=2488, page=8, 614.295pt x 794
.97pt>
File: ../pdf/parte11_condicional_independencia.pdf Graphic file (type pdf)
<use ../pdf/parte11_condicional_independencia.pdf, page 8>
Package pdftex.def Info: ../pdf/parte11_condicional_independencia.pdf , page8 u
sed on input line 25.
(pdftex.def)             Requested size: 614.58406pt x 795.3441pt.
File: ../pdf/parte11_condicional_independencia.pdf Graphic file (type pdf)
<use ../pdf/parte11_condicional_independencia.pdf, page 8>
Package pdftex.def Info: ../pdf/parte11_condicional_independencia.pdf , page8 u
sed on input line 25.
(pdftex.def)             Requested size: 614.58406pt x 795.3441pt.
File: ../pdf/parte11_condicional_independencia.pdf Graphic file (type pdf)
<use ../pdf/parte11_condicional_independencia.pdf, page 8>
Package pdftex.def Info: ../pdf/parte11_condicional_independencia.pdf , page8 u
sed on input line 25.
(pdftex.def)             Requested size: 614.58406pt x 795.3441pt.
 [330

 <../pdf/parte11_condicional_independencia.pdf>]
<../pdf/parte11_condicional_independencia.pdf, id=2493, page=9, 614.295pt x 794
.97pt>
File: ../pdf/parte11_condicional_independencia.pdf Graphic file (type pdf)
<use ../pdf/parte11_condicional_independencia.pdf, page 9>
Package pdftex.def Info: ../pdf/parte11_condicional_independencia.pdf , page9 u
sed on input line 25.
(pdftex.def)             Requested size: 614.58406pt x 795.3441pt.
File: ../pdf/parte11_condicional_independencia.pdf Graphic file (type pdf)
<use ../pdf/parte11_condicional_independencia.pdf, page 9>
Package pdftex.def Info: ../pdf/parte11_condicional_independencia.pdf , page9 u
sed on input line 25.
(pdftex.def)             Requested size: 614.58406pt x 795.3441pt.
File: ../pdf/parte11_condicional_independencia.pdf Graphic file (type pdf)
<use ../pdf/parte11_condicional_independencia.pdf, page 9>
Package pdftex.def Info: ../pdf/parte11_condicional_independencia.pdf , page9 u
sed on input line 25.
(pdftex.def)             Requested size: 614.58406pt x 795.3441pt.
 [331

 <../pdf/parte11_condicional_independencia.pdf>]
<../pdf/parte11_condicional_independencia.pdf, id=2499, page=10, 614.295pt x 79
4.97pt>
File: ../pdf/parte11_condicional_independencia.pdf Graphic file (type pdf)
<use ../pdf/parte11_condicional_independencia.pdf, page 10>
Package pdftex.def Info: ../pdf/parte11_condicional_independencia.pdf , page10 
used on input line 25.
(pdftex.def)             Requested size: 614.58406pt x 795.3441pt.
File: ../pdf/parte11_condicional_independencia.pdf Graphic file (type pdf)
<use ../pdf/parte11_condicional_independencia.pdf, page 10>
Package pdftex.def Info: ../pdf/parte11_condicional_independencia.pdf , page10 
used on input line 25.
(pdftex.def)             Requested size: 614.58406pt x 795.3441pt.
File: ../pdf/parte11_condicional_independencia.pdf Graphic file (type pdf)
<use ../pdf/parte11_condicional_independencia.pdf, page 10>
Package pdftex.def Info: ../pdf/parte11_condicional_independencia.pdf , page10 
used on input line 25.
(pdftex.def)             Requested size: 614.58406pt x 795.3441pt.
 [332

 <../pdf/parte11_condicional_independencia.pdf>]
<../pdf/parte11_condicional_independencia.pdf, id=2504, page=11, 614.295pt x 79
4.97pt>
File: ../pdf/parte11_condicional_independencia.pdf Graphic file (type pdf)
<use ../pdf/parte11_condicional_independencia.pdf, page 11>
Package pdftex.def Info: ../pdf/parte11_condicional_independencia.pdf , page11 
used on input line 25.
(pdftex.def)             Requested size: 614.58406pt x 795.3441pt.
File: ../pdf/parte11_condicional_independencia.pdf Graphic file (type pdf)
<use ../pdf/parte11_condicional_independencia.pdf, page 11>
Package pdftex.def Info: ../pdf/parte11_condicional_independencia.pdf , page11 
used on input line 25.
(pdftex.def)             Requested size: 614.58406pt x 795.3441pt.
File: ../pdf/parte11_condicional_independencia.pdf Graphic file (type pdf)
<use ../pdf/parte11_condicional_independencia.pdf, page 11>
Package pdftex.def Info: ../pdf/parte11_condicional_independencia.pdf , page11 
used on input line 25.
(pdftex.def)             Requested size: 614.58406pt x 795.3441pt.
 [333

 <../pdf/parte11_condicional_independencia.pdf>]
<../pdf/parte11_condicional_independencia.pdf, id=2509, page=12, 614.295pt x 79
4.97pt>
File: ../pdf/parte11_condicional_independencia.pdf Graphic file (type pdf)
<use ../pdf/parte11_condicional_independencia.pdf, page 12>
Package pdftex.def Info: ../pdf/parte11_condicional_independencia.pdf , page12 
used on input line 25.
(pdftex.def)             Requested size: 614.58406pt x 795.3441pt.
File: ../pdf/parte11_condicional_independencia.pdf Graphic file (type pdf)
<use ../pdf/parte11_condicional_independencia.pdf, page 12>
Package pdftex.def Info: ../pdf/parte11_condicional_independencia.pdf , page12 
used on input line 25.
(pdftex.def)             Requested size: 614.58406pt x 795.3441pt.
File: ../pdf/parte11_condicional_independencia.pdf Graphic file (type pdf)
<use ../pdf/parte11_condicional_independencia.pdf, page 12>
Package pdftex.def Info: ../pdf/parte11_condicional_independencia.pdf , page12 
used on input line 25.
(pdftex.def)             Requested size: 614.58406pt x 795.3441pt.
 [334

 <../pdf/parte11_condicional_independencia.pdf>]
<../pdf/parte11_condicional_independencia.pdf, id=2514, page=13, 614.295pt x 79
4.97pt>
File: ../pdf/parte11_condicional_independencia.pdf Graphic file (type pdf)
<use ../pdf/parte11_condicional_independencia.pdf, page 13>
Package pdftex.def Info: ../pdf/parte11_condicional_independencia.pdf , page13 
used on input line 25.
(pdftex.def)             Requested size: 614.58406pt x 795.3441pt.
File: ../pdf/parte11_condicional_independencia.pdf Graphic file (type pdf)
<use ../pdf/parte11_condicional_independencia.pdf, page 13>
Package pdftex.def Info: ../pdf/parte11_condicional_independencia.pdf , page13 
used on input line 25.
(pdftex.def)             Requested size: 614.58406pt x 795.3441pt.
File: ../pdf/parte11_condicional_independencia.pdf Graphic file (type pdf)
<use ../pdf/parte11_condicional_independencia.pdf, page 13>
Package pdftex.def Info: ../pdf/parte11_condicional_independencia.pdf , page13 
used on input line 25.
(pdftex.def)             Requested size: 614.58406pt x 795.3441pt.
 [335

 <../pdf/parte11_condicional_independencia.pdf>]
<../pdf/parte11_condicional_independencia.pdf, id=2519, page=14, 614.295pt x 79
4.97pt>
File: ../pdf/parte11_condicional_independencia.pdf Graphic file (type pdf)
<use ../pdf/parte11_condicional_independencia.pdf, page 14>
Package pdftex.def Info: ../pdf/parte11_condicional_independencia.pdf , page14 
used on input line 25.
(pdftex.def)             Requested size: 614.58406pt x 795.3441pt.
File: ../pdf/parte11_condicional_independencia.pdf Graphic file (type pdf)
<use ../pdf/parte11_condicional_independencia.pdf, page 14>
Package pdftex.def Info: ../pdf/parte11_condicional_independencia.pdf , page14 
used on input line 25.
(pdftex.def)             Requested size: 614.58406pt x 795.3441pt.
File: ../pdf/parte11_condicional_independencia.pdf Graphic file (type pdf)
<use ../pdf/parte11_condicional_independencia.pdf, page 14>
Package pdftex.def Info: ../pdf/parte11_condicional_independencia.pdf , page14 
used on input line 25.
(pdftex.def)             Requested size: 614.58406pt x 795.3441pt.

[336

 <../pdf/parte11_condicional_independencia.pdf>]
<../pdf/parte11_condicional_independencia.pdf, id=2530, page=15, 614.295pt x 79
4.97pt>
File: ../pdf/parte11_condicional_independencia.pdf Graphic file (type pdf)
<use ../pdf/parte11_condicional_independencia.pdf, page 15>
Package pdftex.def Info: ../pdf/parte11_condicional_independencia.pdf , page15 
used on input line 25.
(pdftex.def)             Requested size: 614.58406pt x 795.3441pt.
File: ../pdf/parte11_condicional_independencia.pdf Graphic file (type pdf)
<use ../pdf/parte11_condicional_independencia.pdf, page 15>
Package pdftex.def Info: ../pdf/parte11_condicional_independencia.pdf , page15 
used on input line 25.
(pdftex.def)             Requested size: 614.58406pt x 795.3441pt.
File: ../pdf/parte11_condicional_independencia.pdf Graphic file (type pdf)
<use ../pdf/parte11_condicional_independencia.pdf, page 15>
Package pdftex.def Info: ../pdf/parte11_condicional_independencia.pdf , page15 
used on input line 25.
(pdftex.def)             Requested size: 614.58406pt x 795.3441pt.
 [337

 <../pdf/parte11_condicional_independencia.pdf>]
<../pdf/parte11_condicional_independencia.pdf, id=2536, page=16, 614.295pt x 79
4.97pt>
File: ../pdf/parte11_condicional_independencia.pdf Graphic file (type pdf)
<use ../pdf/parte11_condicional_independencia.pdf, page 16>
Package pdftex.def Info: ../pdf/parte11_condicional_independencia.pdf , page16 
used on input line 25.
(pdftex.def)             Requested size: 614.58406pt x 795.3441pt.
File: ../pdf/parte11_condicional_independencia.pdf Graphic file (type pdf)
<use ../pdf/parte11_condicional_independencia.pdf, page 16>
Package pdftex.def Info: ../pdf/parte11_condicional_independencia.pdf , page16 
used on input line 25.
(pdftex.def)             Requested size: 614.58406pt x 795.3441pt.
File: ../pdf/parte11_condicional_independencia.pdf Graphic file (type pdf)
<use ../pdf/parte11_condicional_independencia.pdf, page 16>
Package pdftex.def Info: ../pdf/parte11_condicional_independencia.pdf , page16 
used on input line 25.
(pdftex.def)             Requested size: 614.58406pt x 795.3441pt.
 [338

 <../pdf/parte11_condicional_independencia.pdf>]
<../pdf/parte11_condicional_independencia.pdf, id=2541, page=17, 614.295pt x 79
4.97pt>
File: ../pdf/parte11_condicional_independencia.pdf Graphic file (type pdf)
<use ../pdf/parte11_condicional_independencia.pdf, page 17>
Package pdftex.def Info: ../pdf/parte11_condicional_independencia.pdf , page17 
used on input line 25.
(pdftex.def)             Requested size: 614.58406pt x 795.3441pt.
File: ../pdf/parte11_condicional_independencia.pdf Graphic file (type pdf)
<use ../pdf/parte11_condicional_independencia.pdf, page 17>
Package pdftex.def Info: ../pdf/parte11_condicional_independencia.pdf , page17 
used on input line 25.
(pdftex.def)             Requested size: 614.58406pt x 795.3441pt.
File: ../pdf/parte11_condicional_independencia.pdf Graphic file (type pdf)
<use ../pdf/parte11_condicional_independencia.pdf, page 17>
Package pdftex.def Info: ../pdf/parte11_condicional_independencia.pdf , page17 
used on input line 25.
(pdftex.def)             Requested size: 614.58406pt x 795.3441pt.
[339

 <../pdf/parte11_condicional_independencia.pdf>]
<../pdf/parte11_condicional_independencia.pdf, id=2546, page=18, 614.295pt x 79
4.97pt>
File: ../pdf/parte11_condicional_independencia.pdf Graphic file (type pdf)
<use ../pdf/parte11_condicional_independencia.pdf, page 18>
Package pdftex.def Info: ../pdf/parte11_condicional_independencia.pdf , page18 
used on input line 25.
(pdftex.def)             Requested size: 614.58406pt x 795.3441pt.
File: ../pdf/parte11_condicional_independencia.pdf Graphic file (type pdf)
<use ../pdf/parte11_condicional_independencia.pdf, page 18>
Package pdftex.def Info: ../pdf/parte11_condicional_independencia.pdf , page18 
used on input line 25.
(pdftex.def)             Requested size: 614.58406pt x 795.3441pt.
File: ../pdf/parte11_condicional_independencia.pdf Graphic file (type pdf)
<use ../pdf/parte11_condicional_independencia.pdf, page 18>
Package pdftex.def Info: ../pdf/parte11_condicional_independencia.pdf , page18 
used on input line 25.
(pdftex.def)             Requested size: 614.58406pt x 795.3441pt.
 [340

 <../pdf/parte11_condicional_independencia.pdf>]
<../pdf/parte11_condicional_independencia.pdf, id=2551, page=19, 614.295pt x 79
4.97pt>
File: ../pdf/parte11_condicional_independencia.pdf Graphic file (type pdf)
<use ../pdf/parte11_condicional_independencia.pdf, page 19>
Package pdftex.def Info: ../pdf/parte11_condicional_independencia.pdf , page19 
used on input line 25.
(pdftex.def)             Requested size: 614.58406pt x 795.3441pt.
File: ../pdf/parte11_condicional_independencia.pdf Graphic file (type pdf)
<use ../pdf/parte11_condicional_independencia.pdf, page 19>
Package pdftex.def Info: ../pdf/parte11_condicional_independencia.pdf , page19 
used on input line 25.
(pdftex.def)             Requested size: 614.58406pt x 795.3441pt.
File: ../pdf/parte11_condicional_independencia.pdf Graphic file (type pdf)
<use ../pdf/parte11_condicional_independencia.pdf, page 19>
Package pdftex.def Info: ../pdf/parte11_condicional_independencia.pdf , page19 
used on input line 25.
(pdftex.def)             Requested size: 614.58406pt x 795.3441pt.
 [341

 <../pdf/parte11_condicional_independencia.pdf>]
<../pdf/parte11_condicional_independencia.pdf, id=2556, page=20, 614.295pt x 79
4.97pt>
File: ../pdf/parte11_condicional_independencia.pdf Graphic file (type pdf)
<use ../pdf/parte11_condicional_independencia.pdf, page 20>
Package pdftex.def Info: ../pdf/parte11_condicional_independencia.pdf , page20 
used on input line 25.
(pdftex.def)             Requested size: 614.58406pt x 795.3441pt.
File: ../pdf/parte11_condicional_independencia.pdf Graphic file (type pdf)
<use ../pdf/parte11_condicional_independencia.pdf, page 20>
Package pdftex.def Info: ../pdf/parte11_condicional_independencia.pdf , page20 
used on input line 25.
(pdftex.def)             Requested size: 614.58406pt x 795.3441pt.
File: ../pdf/parte11_condicional_independencia.pdf Graphic file (type pdf)
<use ../pdf/parte11_condicional_independencia.pdf, page 20>
Package pdftex.def Info: ../pdf/parte11_condicional_independencia.pdf , page20 
used on input line 25.
(pdftex.def)             Requested size: 614.58406pt x 795.3441pt.
[342

 <../pdf/parte11_condicional_independencia.pdf>]
<../pdf/parte11_condicional_independencia.pdf, id=2561, page=21, 614.295pt x 79
4.97pt>
File: ../pdf/parte11_condicional_independencia.pdf Graphic file (type pdf)
<use ../pdf/parte11_condicional_independencia.pdf, page 21>
Package pdftex.def Info: ../pdf/parte11_condicional_independencia.pdf , page21 
used on input line 25.
(pdftex.def)             Requested size: 614.58406pt x 795.3441pt.
File: ../pdf/parte11_condicional_independencia.pdf Graphic file (type pdf)
<use ../pdf/parte11_condicional_independencia.pdf, page 21>
Package pdftex.def Info: ../pdf/parte11_condicional_independencia.pdf , page21 
used on input line 25.
(pdftex.def)             Requested size: 614.58406pt x 795.3441pt.
File: ../pdf/parte11_condicional_independencia.pdf Graphic file (type pdf)
<use ../pdf/parte11_condicional_independencia.pdf, page 21>
Package pdftex.def Info: ../pdf/parte11_condicional_independencia.pdf , page21 
used on input line 25.
(pdftex.def)             Requested size: 614.58406pt x 795.3441pt.
 [343

 <../pdf/parte11_condicional_independencia.pdf>]
<../pdf/parte11_condicional_independencia.pdf, id=2567, page=22, 614.295pt x 79
4.97pt>
File: ../pdf/parte11_condicional_independencia.pdf Graphic file (type pdf)
<use ../pdf/parte11_condicional_independencia.pdf, page 22>
Package pdftex.def Info: ../pdf/parte11_condicional_independencia.pdf , page22 
used on input line 25.
(pdftex.def)             Requested size: 614.58406pt x 795.3441pt.
File: ../pdf/parte11_condicional_independencia.pdf Graphic file (type pdf)
<use ../pdf/parte11_condicional_independencia.pdf, page 22>
Package pdftex.def Info: ../pdf/parte11_condicional_independencia.pdf , page22 
used on input line 25.
(pdftex.def)             Requested size: 614.58406pt x 795.3441pt.
File: ../pdf/parte11_condicional_independencia.pdf Graphic file (type pdf)
<use ../pdf/parte11_condicional_independencia.pdf, page 22>
Package pdftex.def Info: ../pdf/parte11_condicional_independencia.pdf , page22 
used on input line 25.
(pdftex.def)             Requested size: 614.58406pt x 795.3441pt.
 [344

 <../pdf/parte11_condicional_independencia.pdf>]
<../pdf/parte11_condicional_independencia.pdf, id=2572, page=23, 614.295pt x 79
4.97pt>
File: ../pdf/parte11_condicional_independencia.pdf Graphic file (type pdf)
<use ../pdf/parte11_condicional_independencia.pdf, page 23>
Package pdftex.def Info: ../pdf/parte11_condicional_independencia.pdf , page23 
used on input line 25.
(pdftex.def)             Requested size: 614.58406pt x 795.3441pt.
File: ../pdf/parte11_condicional_independencia.pdf Graphic file (type pdf)
<use ../pdf/parte11_condicional_independencia.pdf, page 23>
Package pdftex.def Info: ../pdf/parte11_condicional_independencia.pdf , page23 
used on input line 25.
(pdftex.def)             Requested size: 614.58406pt x 795.3441pt.
File: ../pdf/parte11_condicional_independencia.pdf Graphic file (type pdf)
<use ../pdf/parte11_condicional_independencia.pdf, page 23>
Package pdftex.def Info: ../pdf/parte11_condicional_independencia.pdf , page23 
used on input line 25.
(pdftex.def)             Requested size: 614.58406pt x 795.3441pt.
[345

 <../pdf/parte11_condicional_independencia.pdf>]
<../pdf/parte11_condicional_independencia.pdf, id=2577, page=24, 614.295pt x 79
4.97pt>
File: ../pdf/parte11_condicional_independencia.pdf Graphic file (type pdf)
<use ../pdf/parte11_condicional_independencia.pdf, page 24>
Package pdftex.def Info: ../pdf/parte11_condicional_independencia.pdf , page24 
used on input line 25.
(pdftex.def)             Requested size: 614.58406pt x 795.3441pt.
File: ../pdf/parte11_condicional_independencia.pdf Graphic file (type pdf)
<use ../pdf/parte11_condicional_independencia.pdf, page 24>
Package pdftex.def Info: ../pdf/parte11_condicional_independencia.pdf , page24 
used on input line 25.
(pdftex.def)             Requested size: 614.58406pt x 795.3441pt.
File: ../pdf/parte11_condicional_independencia.pdf Graphic file (type pdf)
<use ../pdf/parte11_condicional_independencia.pdf, page 24>
Package pdftex.def Info: ../pdf/parte11_condicional_independencia.pdf , page24 
used on input line 25.
(pdftex.def)             Requested size: 614.58406pt x 795.3441pt.
 [346

 <../pdf/parte11_condicional_independencia.pdf>]
<../pdf/parte11_condicional_independencia.pdf, id=2586, page=25, 614.295pt x 79
4.97pt>
File: ../pdf/parte11_condicional_independencia.pdf Graphic file (type pdf)
<use ../pdf/parte11_condicional_independencia.pdf, page 25>
Package pdftex.def Info: ../pdf/parte11_condicional_independencia.pdf , page25 
used on input line 25.
(pdftex.def)             Requested size: 614.58406pt x 795.3441pt.
File: ../pdf/parte11_condicional_independencia.pdf Graphic file (type pdf)
<use ../pdf/parte11_condicional_independencia.pdf, page 25>
Package pdftex.def Info: ../pdf/parte11_condicional_independencia.pdf , page25 
used on input line 25.
(pdftex.def)             Requested size: 614.58406pt x 795.3441pt.
File: ../pdf/parte11_condicional_independencia.pdf Graphic file (type pdf)
<use ../pdf/parte11_condicional_independencia.pdf, page 25>
Package pdftex.def Info: ../pdf/parte11_condicional_independencia.pdf , page25 
used on input line 25.
(pdftex.def)             Requested size: 614.58406pt x 795.3441pt.
 [347

 <../pdf/parte11_condicional_independencia.pdf>]
<../pdf/parte11_condicional_independencia.pdf, id=2591, page=26, 614.295pt x 79
4.97pt>
File: ../pdf/parte11_condicional_independencia.pdf Graphic file (type pdf)
<use ../pdf/parte11_condicional_independencia.pdf, page 26>
Package pdftex.def Info: ../pdf/parte11_condicional_independencia.pdf , page26 
used on input line 25.
(pdftex.def)             Requested size: 614.58406pt x 795.3441pt.
File: ../pdf/parte11_condicional_independencia.pdf Graphic file (type pdf)
<use ../pdf/parte11_condicional_independencia.pdf, page 26>
Package pdftex.def Info: ../pdf/parte11_condicional_independencia.pdf , page26 
used on input line 25.
(pdftex.def)             Requested size: 614.58406pt x 795.3441pt.
File: ../pdf/parte11_condicional_independencia.pdf Graphic file (type pdf)
<use ../pdf/parte11_condicional_independencia.pdf, page 26>
Package pdftex.def Info: ../pdf/parte11_condicional_independencia.pdf , page26 
used on input line 25.
(pdftex.def)             Requested size: 614.58406pt x 795.3441pt.
[348

 <../pdf/parte11_condicional_independencia.pdf>]
<../pdf/parte11_condicional_independencia.pdf, id=2596, page=27, 614.295pt x 79
4.97pt>
File: ../pdf/parte11_condicional_independencia.pdf Graphic file (type pdf)
<use ../pdf/parte11_condicional_independencia.pdf, page 27>
Package pdftex.def Info: ../pdf/parte11_condicional_independencia.pdf , page27 
used on input line 25.
(pdftex.def)             Requested size: 614.58406pt x 795.3441pt.
File: ../pdf/parte11_condicional_independencia.pdf Graphic file (type pdf)
<use ../pdf/parte11_condicional_independencia.pdf, page 27>
Package pdftex.def Info: ../pdf/parte11_condicional_independencia.pdf , page27 
used on input line 25.
(pdftex.def)             Requested size: 614.58406pt x 795.3441pt.
File: ../pdf/parte11_condicional_independencia.pdf Graphic file (type pdf)
<use ../pdf/parte11_condicional_independencia.pdf, page 27>
Package pdftex.def Info: ../pdf/parte11_condicional_independencia.pdf , page27 
used on input line 25.
(pdftex.def)             Requested size: 614.58406pt x 795.3441pt.
 [349

 <../pdf/parte11_condicional_independencia.pdf>]
<../pdf/parte11_condicional_independencia.pdf, id=2602, page=28, 614.295pt x 79
4.97pt>
File: ../pdf/parte11_condicional_independencia.pdf Graphic file (type pdf)
<use ../pdf/parte11_condicional_independencia.pdf, page 28>
Package pdftex.def Info: ../pdf/parte11_condicional_independencia.pdf , page28 
used on input line 25.
(pdftex.def)             Requested size: 614.58406pt x 795.3441pt.
File: ../pdf/parte11_condicional_independencia.pdf Graphic file (type pdf)
<use ../pdf/parte11_condicional_independencia.pdf, page 28>
Package pdftex.def Info: ../pdf/parte11_condicional_independencia.pdf , page28 
used on input line 25.
(pdftex.def)             Requested size: 614.58406pt x 795.3441pt.
File: ../pdf/parte11_condicional_independencia.pdf Graphic file (type pdf)
<use ../pdf/parte11_condicional_independencia.pdf, page 28>
Package pdftex.def Info: ../pdf/parte11_condicional_independencia.pdf , page28 
used on input line 25.
(pdftex.def)             Requested size: 614.58406pt x 795.3441pt.
 [350

 <../pdf/parte11_condicional_independencia.pdf>]
<../pdf/parte11_condicional_independencia.pdf, id=2607, page=29, 614.295pt x 79
4.97pt>
File: ../pdf/parte11_condicional_independencia.pdf Graphic file (type pdf)
<use ../pdf/parte11_condicional_independencia.pdf, page 29>
Package pdftex.def Info: ../pdf/parte11_condicional_independencia.pdf , page29 
used on input line 25.
(pdftex.def)             Requested size: 614.58406pt x 795.3441pt.
File: ../pdf/parte11_condicional_independencia.pdf Graphic file (type pdf)
<use ../pdf/parte11_condicional_independencia.pdf, page 29>
Package pdftex.def Info: ../pdf/parte11_condicional_independencia.pdf , page29 
used on input line 25.
(pdftex.def)             Requested size: 614.58406pt x 795.3441pt.
File: ../pdf/parte11_condicional_independencia.pdf Graphic file (type pdf)
<use ../pdf/parte11_condicional_independencia.pdf, page 29>
Package pdftex.def Info: ../pdf/parte11_condicional_independencia.pdf , page29 
used on input line 25.
(pdftex.def)             Requested size: 614.58406pt x 795.3441pt.
[351

 <../pdf/parte11_condicional_independencia.pdf>]
<../pdf/parte11_condicional_independencia.pdf, id=2612, page=30, 614.295pt x 79
4.97pt>
File: ../pdf/parte11_condicional_independencia.pdf Graphic file (type pdf)
<use ../pdf/parte11_condicional_independencia.pdf, page 30>
Package pdftex.def Info: ../pdf/parte11_condicional_independencia.pdf , page30 
used on input line 25.
(pdftex.def)             Requested size: 614.58406pt x 795.3441pt.
File: ../pdf/parte11_condicional_independencia.pdf Graphic file (type pdf)
<use ../pdf/parte11_condicional_independencia.pdf, page 30>
Package pdftex.def Info: ../pdf/parte11_condicional_independencia.pdf , page30 
used on input line 25.
(pdftex.def)             Requested size: 614.58406pt x 795.3441pt.
File: ../pdf/parte11_condicional_independencia.pdf Graphic file (type pdf)
<use ../pdf/parte11_condicional_independencia.pdf, page 30>
Package pdftex.def Info: ../pdf/parte11_condicional_independencia.pdf , page30 
used on input line 25.
(pdftex.def)             Requested size: 614.58406pt x 795.3441pt.
 [352

 <../pdf/parte11_condicional_independencia.pdf>]
<../pdf/parte11_condicional_independencia.pdf, id=2617, page=31, 614.295pt x 79
4.97pt>
File: ../pdf/parte11_condicional_independencia.pdf Graphic file (type pdf)
<use ../pdf/parte11_condicional_independencia.pdf, page 31>
Package pdftex.def Info: ../pdf/parte11_condicional_independencia.pdf , page31 
used on input line 25.
(pdftex.def)             Requested size: 614.58406pt x 795.3441pt.
File: ../pdf/parte11_condicional_independencia.pdf Graphic file (type pdf)
<use ../pdf/parte11_condicional_independencia.pdf, page 31>
Package pdftex.def Info: ../pdf/parte11_condicional_independencia.pdf , page31 
used on input line 25.
(pdftex.def)             Requested size: 614.58406pt x 795.3441pt.
File: ../pdf/parte11_condicional_independencia.pdf Graphic file (type pdf)
<use ../pdf/parte11_condicional_independencia.pdf, page 31>
Package pdftex.def Info: ../pdf/parte11_condicional_independencia.pdf , page31 
used on input line 25.
(pdftex.def)             Requested size: 614.58406pt x 795.3441pt.
 [353

 <../pdf/parte11_condicional_independencia.pdf>]
<../pdf/parte11_condicional_independencia.pdf, id=2622, page=32, 614.295pt x 79
4.97pt>
File: ../pdf/parte11_condicional_independencia.pdf Graphic file (type pdf)
<use ../pdf/parte11_condicional_independencia.pdf, page 32>
Package pdftex.def Info: ../pdf/parte11_condicional_independencia.pdf , page32 
used on input line 25.
(pdftex.def)             Requested size: 614.58406pt x 795.3441pt.
File: ../pdf/parte11_condicional_independencia.pdf Graphic file (type pdf)
<use ../pdf/parte11_condicional_independencia.pdf, page 32>
Package pdftex.def Info: ../pdf/parte11_condicional_independencia.pdf , page32 
used on input line 25.
(pdftex.def)             Requested size: 614.58406pt x 795.3441pt.
File: ../pdf/parte11_condicional_independencia.pdf Graphic file (type pdf)
<use ../pdf/parte11_condicional_independencia.pdf, page 32>
Package pdftex.def Info: ../pdf/parte11_condicional_independencia.pdf , page32 
used on input line 25.
(pdftex.def)             Requested size: 614.58406pt x 795.3441pt.
[354

 <../pdf/parte11_condicional_independencia.pdf>]
<../pdf/parte11_condicional_independencia.pdf, id=2627, page=33, 614.295pt x 79
4.97pt>
File: ../pdf/parte11_condicional_independencia.pdf Graphic file (type pdf)
<use ../pdf/parte11_condicional_independencia.pdf, page 33>
Package pdftex.def Info: ../pdf/parte11_condicional_independencia.pdf , page33 
used on input line 25.
(pdftex.def)             Requested size: 614.58406pt x 795.3441pt.
File: ../pdf/parte11_condicional_independencia.pdf Graphic file (type pdf)
<use ../pdf/parte11_condicional_independencia.pdf, page 33>
Package pdftex.def Info: ../pdf/parte11_condicional_independencia.pdf , page33 
used on input line 25.
(pdftex.def)             Requested size: 614.58406pt x 795.3441pt.
File: ../pdf/parte11_condicional_independencia.pdf Graphic file (type pdf)
<use ../pdf/parte11_condicional_independencia.pdf, page 33>
Package pdftex.def Info: ../pdf/parte11_condicional_independencia.pdf , page33 
used on input line 25.
(pdftex.def)             Requested size: 614.58406pt x 795.3441pt.
 [355

 <../pdf/parte11_condicional_independencia.pdf>]
<../pdf/parte11_condicional_independencia.pdf, id=2633, page=34, 614.295pt x 79
4.97pt>
File: ../pdf/parte11_condicional_independencia.pdf Graphic file (type pdf)
<use ../pdf/parte11_condicional_independencia.pdf, page 34>
Package pdftex.def Info: ../pdf/parte11_condicional_independencia.pdf , page34 
used on input line 25.
(pdftex.def)             Requested size: 614.58406pt x 795.3441pt.
File: ../pdf/parte11_condicional_independencia.pdf Graphic file (type pdf)
<use ../pdf/parte11_condicional_independencia.pdf, page 34>
Package pdftex.def Info: ../pdf/parte11_condicional_independencia.pdf , page34 
used on input line 25.
(pdftex.def)             Requested size: 614.58406pt x 795.3441pt.
File: ../pdf/parte11_condicional_independencia.pdf Graphic file (type pdf)
<use ../pdf/parte11_condicional_independencia.pdf, page 34>
Package pdftex.def Info: ../pdf/parte11_condicional_independencia.pdf , page34 
used on input line 25.
(pdftex.def)             Requested size: 614.58406pt x 795.3441pt.
 [356

 <../pdf/parte11_condicional_independencia.pdf>]
<../pdf/parte11_condicional_independencia.pdf, id=2639, page=35, 614.295pt x 79
4.97pt>
File: ../pdf/parte11_condicional_independencia.pdf Graphic file (type pdf)
<use ../pdf/parte11_condicional_independencia.pdf, page 35>
Package pdftex.def Info: ../pdf/parte11_condicional_independencia.pdf , page35 
used on input line 25.
(pdftex.def)             Requested size: 614.58406pt x 795.3441pt.
File: ../pdf/parte11_condicional_independencia.pdf Graphic file (type pdf)
<use ../pdf/parte11_condicional_independencia.pdf, page 35>
Package pdftex.def Info: ../pdf/parte11_condicional_independencia.pdf , page35 
used on input line 25.
(pdftex.def)             Requested size: 614.58406pt x 795.3441pt.
File: ../pdf/parte11_condicional_independencia.pdf Graphic file (type pdf)
<use ../pdf/parte11_condicional_independencia.pdf, page 35>
Package pdftex.def Info: ../pdf/parte11_condicional_independencia.pdf , page35 
used on input line 25.
(pdftex.def)             Requested size: 614.58406pt x 795.3441pt.
[357

 <../pdf/parte11_condicional_independencia.pdf>]
<../pdf/parte11_condicional_independencia.pdf, id=2644, page=36, 614.295pt x 79
4.97pt>
File: ../pdf/parte11_condicional_independencia.pdf Graphic file (type pdf)
<use ../pdf/parte11_condicional_independencia.pdf, page 36>
Package pdftex.def Info: ../pdf/parte11_condicional_independencia.pdf , page36 
used on input line 25.
(pdftex.def)             Requested size: 614.58406pt x 795.3441pt.
File: ../pdf/parte11_condicional_independencia.pdf Graphic file (type pdf)
<use ../pdf/parte11_condicional_independencia.pdf, page 36>
Package pdftex.def Info: ../pdf/parte11_condicional_independencia.pdf , page36 
used on input line 25.
(pdftex.def)             Requested size: 614.58406pt x 795.3441pt.
File: ../pdf/parte11_condicional_independencia.pdf Graphic file (type pdf)
<use ../pdf/parte11_condicional_independencia.pdf, page 36>
Package pdftex.def Info: ../pdf/parte11_condicional_independencia.pdf , page36 
used on input line 25.
(pdftex.def)             Requested size: 614.58406pt x 795.3441pt.
 [358

 <../pdf/parte11_condicional_independencia.pdf>]
<../pdf/parte11_condicional_independencia.pdf, id=2649, page=37, 614.295pt x 79
4.97pt>
File: ../pdf/parte11_condicional_independencia.pdf Graphic file (type pdf)
<use ../pdf/parte11_condicional_independencia.pdf, page 37>
Package pdftex.def Info: ../pdf/parte11_condicional_independencia.pdf , page37 
used on input line 25.
(pdftex.def)             Requested size: 614.58406pt x 795.3441pt.
File: ../pdf/parte11_condicional_independencia.pdf Graphic file (type pdf)
<use ../pdf/parte11_condicional_independencia.pdf, page 37>
Package pdftex.def Info: ../pdf/parte11_condicional_independencia.pdf , page37 
used on input line 25.
(pdftex.def)             Requested size: 614.58406pt x 795.3441pt.
File: ../pdf/parte11_condicional_independencia.pdf Graphic file (type pdf)
<use ../pdf/parte11_condicional_independencia.pdf, page 37>
Package pdftex.def Info: ../pdf/parte11_condicional_independencia.pdf , page37 
used on input line 25.
(pdftex.def)             Requested size: 614.58406pt x 795.3441pt.
 [359

 <../pdf/parte11_condicional_independencia.pdf>]
<../pdf/parte11_condicional_independencia.pdf, id=2654, page=38, 614.295pt x 79
4.97pt>
File: ../pdf/parte11_condicional_independencia.pdf Graphic file (type pdf)
<use ../pdf/parte11_condicional_independencia.pdf, page 38>
Package pdftex.def Info: ../pdf/parte11_condicional_independencia.pdf , page38 
used on input line 25.
(pdftex.def)             Requested size: 614.58406pt x 795.3441pt.
File: ../pdf/parte11_condicional_independencia.pdf Graphic file (type pdf)
<use ../pdf/parte11_condicional_independencia.pdf, page 38>
Package pdftex.def Info: ../pdf/parte11_condicional_independencia.pdf , page38 
used on input line 25.
(pdftex.def)             Requested size: 614.58406pt x 795.3441pt.
File: ../pdf/parte11_condicional_independencia.pdf Graphic file (type pdf)
<use ../pdf/parte11_condicional_independencia.pdf, page 38>
Package pdftex.def Info: ../pdf/parte11_condicional_independencia.pdf , page38 
used on input line 25.
(pdftex.def)             Requested size: 614.58406pt x 795.3441pt.
[360

 <../pdf/parte11_condicional_independencia.pdf>]
<../pdf/parte11_condicional_independencia.pdf, id=2659, page=39, 614.295pt x 79
4.97pt>
File: ../pdf/parte11_condicional_independencia.pdf Graphic file (type pdf)
<use ../pdf/parte11_condicional_independencia.pdf, page 39>
Package pdftex.def Info: ../pdf/parte11_condicional_independencia.pdf , page39 
used on input line 25.
(pdftex.def)             Requested size: 614.58406pt x 795.3441pt.
File: ../pdf/parte11_condicional_independencia.pdf Graphic file (type pdf)
<use ../pdf/parte11_condicional_independencia.pdf, page 39>
Package pdftex.def Info: ../pdf/parte11_condicional_independencia.pdf , page39 
used on input line 25.
(pdftex.def)             Requested size: 614.58406pt x 795.3441pt.
File: ../pdf/parte11_condicional_independencia.pdf Graphic file (type pdf)
<use ../pdf/parte11_condicional_independencia.pdf, page 39>
Package pdftex.def Info: ../pdf/parte11_condicional_independencia.pdf , page39 
used on input line 25.
(pdftex.def)             Requested size: 614.58406pt x 795.3441pt.
 [361

 <../pdf/parte11_condicional_independencia.pdf>]
<../pdf/parte11_condicional_independencia.pdf, id=2665, page=40, 614.295pt x 79
4.97pt>
File: ../pdf/parte11_condicional_independencia.pdf Graphic file (type pdf)
<use ../pdf/parte11_condicional_independencia.pdf, page 40>
Package pdftex.def Info: ../pdf/parte11_condicional_independencia.pdf , page40 
used on input line 25.
(pdftex.def)             Requested size: 614.58406pt x 795.3441pt.
File: ../pdf/parte11_condicional_independencia.pdf Graphic file (type pdf)
<use ../pdf/parte11_condicional_independencia.pdf, page 40>
Package pdftex.def Info: ../pdf/parte11_condicional_independencia.pdf , page40 
used on input line 25.
(pdftex.def)             Requested size: 614.58406pt x 795.3441pt.
File: ../pdf/parte11_condicional_independencia.pdf Graphic file (type pdf)
<use ../pdf/parte11_condicional_independencia.pdf, page 40>
Package pdftex.def Info: ../pdf/parte11_condicional_independencia.pdf , page40 
used on input line 25.
(pdftex.def)             Requested size: 614.58406pt x 795.3441pt.
 [362

 <../pdf/parte11_condicional_independencia.pdf>]
<../pdf/parte11_condicional_independencia.pdf, id=2670, page=41, 614.295pt x 79
4.97pt>
File: ../pdf/parte11_condicional_independencia.pdf Graphic file (type pdf)
<use ../pdf/parte11_condicional_independencia.pdf, page 41>
Package pdftex.def Info: ../pdf/parte11_condicional_independencia.pdf , page41 
used on input line 25.
(pdftex.def)             Requested size: 614.58406pt x 795.3441pt.
File: ../pdf/parte11_condicional_independencia.pdf Graphic file (type pdf)
<use ../pdf/parte11_condicional_independencia.pdf, page 41>
Package pdftex.def Info: ../pdf/parte11_condicional_independencia.pdf , page41 
used on input line 25.
(pdftex.def)             Requested size: 614.58406pt x 795.3441pt.
File: ../pdf/parte11_condicional_independencia.pdf Graphic file (type pdf)
<use ../pdf/parte11_condicional_independencia.pdf, page 41>
Package pdftex.def Info: ../pdf/parte11_condicional_independencia.pdf , page41 
used on input line 25.
(pdftex.def)             Requested size: 614.58406pt x 795.3441pt.
[363

 <../pdf/parte11_condicional_independencia.pdf>]
<../pdf/parte11_condicional_independencia.pdf, id=2687, page=42, 614.295pt x 79
4.97pt>
File: ../pdf/parte11_condicional_independencia.pdf Graphic file (type pdf)
<use ../pdf/parte11_condicional_independencia.pdf, page 42>
Package pdftex.def Info: ../pdf/parte11_condicional_independencia.pdf , page42 
used on input line 25.
(pdftex.def)             Requested size: 614.58406pt x 795.3441pt.
File: ../pdf/parte11_condicional_independencia.pdf Graphic file (type pdf)
<use ../pdf/parte11_condicional_independencia.pdf, page 42>
Package pdftex.def Info: ../pdf/parte11_condicional_independencia.pdf , page42 
used on input line 25.
(pdftex.def)             Requested size: 614.58406pt x 795.3441pt.
File: ../pdf/parte11_condicional_independencia.pdf Graphic file (type pdf)
<use ../pdf/parte11_condicional_independencia.pdf, page 42>
Package pdftex.def Info: ../pdf/parte11_condicional_independencia.pdf , page42 
used on input line 25.
(pdftex.def)             Requested size: 614.58406pt x 795.3441pt.
 [364

 <../pdf/parte11_condicional_independencia.pdf>]
<../pdf/parte11_condicional_independencia.pdf, id=2692, page=43, 614.295pt x 79
4.97pt>
File: ../pdf/parte11_condicional_independencia.pdf Graphic file (type pdf)
<use ../pdf/parte11_condicional_independencia.pdf, page 43>
Package pdftex.def Info: ../pdf/parte11_condicional_independencia.pdf , page43 
used on input line 25.
(pdftex.def)             Requested size: 614.58406pt x 795.3441pt.
File: ../pdf/parte11_condicional_independencia.pdf Graphic file (type pdf)
<use ../pdf/parte11_condicional_independencia.pdf, page 43>
Package pdftex.def Info: ../pdf/parte11_condicional_independencia.pdf , page43 
used on input line 25.
(pdftex.def)             Requested size: 614.58406pt x 795.3441pt.
File: ../pdf/parte11_condicional_independencia.pdf Graphic file (type pdf)
<use ../pdf/parte11_condicional_independencia.pdf, page 43>
Package pdftex.def Info: ../pdf/parte11_condicional_independencia.pdf , page43 
used on input line 25.
(pdftex.def)             Requested size: 614.58406pt x 795.3441pt.
 [365

 <../pdf/parte11_condicional_independencia.pdf>]
<../pdf/parte11_condicional_independencia.pdf, id=2697, page=44, 614.295pt x 79
4.97pt>
File: ../pdf/parte11_condicional_independencia.pdf Graphic file (type pdf)
<use ../pdf/parte11_condicional_independencia.pdf, page 44>
Package pdftex.def Info: ../pdf/parte11_condicional_independencia.pdf , page44 
used on input line 25.
(pdftex.def)             Requested size: 614.58406pt x 795.3441pt.
File: ../pdf/parte11_condicional_independencia.pdf Graphic file (type pdf)
<use ../pdf/parte11_condicional_independencia.pdf, page 44>
Package pdftex.def Info: ../pdf/parte11_condicional_independencia.pdf , page44 
used on input line 25.
(pdftex.def)             Requested size: 614.58406pt x 795.3441pt.
File: ../pdf/parte11_condicional_independencia.pdf Graphic file (type pdf)
<use ../pdf/parte11_condicional_independencia.pdf, page 44>
Package pdftex.def Info: ../pdf/parte11_condicional_independencia.pdf , page44 
used on input line 25.
(pdftex.def)             Requested size: 614.58406pt x 795.3441pt.
[366

 <../pdf/parte11_condicional_independencia.pdf>]
<../pdf/parte11_condicional_independencia.pdf, id=2702, page=45, 614.295pt x 79
4.97pt>
File: ../pdf/parte11_condicional_independencia.pdf Graphic file (type pdf)
<use ../pdf/parte11_condicional_independencia.pdf, page 45>
Package pdftex.def Info: ../pdf/parte11_condicional_independencia.pdf , page45 
used on input line 25.
(pdftex.def)             Requested size: 614.58406pt x 795.3441pt.
File: ../pdf/parte11_condicional_independencia.pdf Graphic file (type pdf)
<use ../pdf/parte11_condicional_independencia.pdf, page 45>
Package pdftex.def Info: ../pdf/parte11_condicional_independencia.pdf , page45 
used on input line 25.
(pdftex.def)             Requested size: 614.58406pt x 795.3441pt.
File: ../pdf/parte11_condicional_independencia.pdf Graphic file (type pdf)
<use ../pdf/parte11_condicional_independencia.pdf, page 45>
Package pdftex.def Info: ../pdf/parte11_condicional_independencia.pdf , page45 
used on input line 25.
(pdftex.def)             Requested size: 614.58406pt x 795.3441pt.
 [367

 <../pdf/parte11_condicional_independencia.pdf>]
<../pdf/parte11_condicional_independencia.pdf, id=2708, page=46, 614.295pt x 79
4.97pt>
File: ../pdf/parte11_condicional_independencia.pdf Graphic file (type pdf)
<use ../pdf/parte11_condicional_independencia.pdf, page 46>
Package pdftex.def Info: ../pdf/parte11_condicional_independencia.pdf , page46 
used on input line 25.
(pdftex.def)             Requested size: 614.58406pt x 795.3441pt.
File: ../pdf/parte11_condicional_independencia.pdf Graphic file (type pdf)
<use ../pdf/parte11_condicional_independencia.pdf, page 46>
Package pdftex.def Info: ../pdf/parte11_condicional_independencia.pdf , page46 
used on input line 25.
(pdftex.def)             Requested size: 614.58406pt x 795.3441pt.
File: ../pdf/parte11_condicional_independencia.pdf Graphic file (type pdf)
<use ../pdf/parte11_condicional_independencia.pdf, page 46>
Package pdftex.def Info: ../pdf/parte11_condicional_independencia.pdf , page46 
used on input line 25.
(pdftex.def)             Requested size: 614.58406pt x 795.3441pt.
 [368

 <../pdf/parte11_condicional_independencia.pdf>]
<../pdf/parte11_condicional_independencia.pdf, id=2713, page=47, 614.295pt x 79
4.97pt>
File: ../pdf/parte11_condicional_independencia.pdf Graphic file (type pdf)
<use ../pdf/parte11_condicional_independencia.pdf, page 47>
Package pdftex.def Info: ../pdf/parte11_condicional_independencia.pdf , page47 
used on input line 25.
(pdftex.def)             Requested size: 614.58406pt x 795.3441pt.
File: ../pdf/parte11_condicional_independencia.pdf Graphic file (type pdf)
<use ../pdf/parte11_condicional_independencia.pdf, page 47>
Package pdftex.def Info: ../pdf/parte11_condicional_independencia.pdf , page47 
used on input line 25.
(pdftex.def)             Requested size: 614.58406pt x 795.3441pt.
File: ../pdf/parte11_condicional_independencia.pdf Graphic file (type pdf)
<use ../pdf/parte11_condicional_independencia.pdf, page 47>
Package pdftex.def Info: ../pdf/parte11_condicional_independencia.pdf , page47 
used on input line 25.
(pdftex.def)             Requested size: 614.58406pt x 795.3441pt.
[369

 <../pdf/parte11_condicional_independencia.pdf>]
<../pdf/parte11_condicional_independencia.pdf, id=2718, page=48, 614.295pt x 79
4.97pt>
File: ../pdf/parte11_condicional_independencia.pdf Graphic file (type pdf)
<use ../pdf/parte11_condicional_independencia.pdf, page 48>
Package pdftex.def Info: ../pdf/parte11_condicional_independencia.pdf , page48 
used on input line 25.
(pdftex.def)             Requested size: 614.58406pt x 795.3441pt.
File: ../pdf/parte11_condicional_independencia.pdf Graphic file (type pdf)
<use ../pdf/parte11_condicional_independencia.pdf, page 48>
Package pdftex.def Info: ../pdf/parte11_condicional_independencia.pdf , page48 
used on input line 25.
(pdftex.def)             Requested size: 614.58406pt x 795.3441pt.
File: ../pdf/parte11_condicional_independencia.pdf Graphic file (type pdf)
<use ../pdf/parte11_condicional_independencia.pdf, page 48>
Package pdftex.def Info: ../pdf/parte11_condicional_independencia.pdf , page48 
used on input line 25.
(pdftex.def)             Requested size: 614.58406pt x 795.3441pt.
 [370

 <../pdf/parte11_condicional_independencia.pdf>]
<../pdf/parte11_condicional_independencia.pdf, id=2723, page=49, 614.295pt x 79
4.97pt>
File: ../pdf/parte11_condicional_independencia.pdf Graphic file (type pdf)
<use ../pdf/parte11_condicional_independencia.pdf, page 49>
Package pdftex.def Info: ../pdf/parte11_condicional_independencia.pdf , page49 
used on input line 25.
(pdftex.def)             Requested size: 614.58406pt x 795.3441pt.
File: ../pdf/parte11_condicional_independencia.pdf Graphic file (type pdf)
<use ../pdf/parte11_condicional_independencia.pdf, page 49>
Package pdftex.def Info: ../pdf/parte11_condicional_independencia.pdf , page49 
used on input line 25.
(pdftex.def)             Requested size: 614.58406pt x 795.3441pt.
File: ../pdf/parte11_condicional_independencia.pdf Graphic file (type pdf)
<use ../pdf/parte11_condicional_independencia.pdf, page 49>
Package pdftex.def Info: ../pdf/parte11_condicional_independencia.pdf , page49 
used on input line 25.
(pdftex.def)             Requested size: 614.58406pt x 795.3441pt.
 [371

 <../pdf/parte11_condicional_independencia.pdf>]
<../pdf/parte12_total_bayes.pdf, id=2728, 614.295pt x 794.97pt>
File: ../pdf/parte12_total_bayes.pdf Graphic file (type pdf)
<use ../pdf/parte12_total_bayes.pdf>
Package pdftex.def Info: ../pdf/parte12_total_bayes.pdf  used on input line 26.

(pdftex.def)             Requested size: 614.29349pt x 794.96806pt.
<../pdf/parte12_total_bayes.pdf, id=2730, page=1, 614.295pt x 794.97pt>
File: ../pdf/parte12_total_bayes.pdf Graphic file (type pdf)
<use ../pdf/parte12_total_bayes.pdf, page 1>
Package pdftex.def Info: ../pdf/parte12_total_bayes.pdf , page1 used on input l
ine 26.
(pdftex.def)             Requested size: 614.29349pt x 794.96806pt.
File: ../pdf/parte12_total_bayes.pdf Graphic file (type pdf)
<use ../pdf/parte12_total_bayes.pdf, page 1>
Package pdftex.def Info: ../pdf/parte12_total_bayes.pdf , page1 used on input l
ine 26.
(pdftex.def)             Requested size: 614.58406pt x 795.3441pt.
File: ../pdf/parte12_total_bayes.pdf Graphic file (type pdf)
<use ../pdf/parte12_total_bayes.pdf, page 1>
Package pdftex.def Info: ../pdf/parte12_total_bayes.pdf , page1 used on input l
ine 26.
(pdftex.def)             Requested size: 614.58406pt x 795.3441pt.
File: ../pdf/parte12_total_bayes.pdf Graphic file (type pdf)
<use ../pdf/parte12_total_bayes.pdf, page 1>
Package pdftex.def Info: ../pdf/parte12_total_bayes.pdf , page1 used on input l
ine 26.
(pdftex.def)             Requested size: 614.58406pt x 795.3441pt.
File: ../pdf/parte12_total_bayes.pdf Graphic file (type pdf)
<use ../pdf/parte12_total_bayes.pdf, page 1>
Package pdftex.def Info: ../pdf/parte12_total_bayes.pdf , page1 used on input l
ine 26.
(pdftex.def)             Requested size: 614.58406pt x 795.3441pt.
[372

 <../pdf/parte12_total_bayes.pdf>]
<../pdf/parte12_total_bayes.pdf, id=2776, page=2, 614.295pt x 794.97pt>
File: ../pdf/parte12_total_bayes.pdf Graphic file (type pdf)
<use ../pdf/parte12_total_bayes.pdf, page 2>
Package pdftex.def Info: ../pdf/parte12_total_bayes.pdf , page2 used on input l
ine 26.
(pdftex.def)             Requested size: 614.58406pt x 795.3441pt.
File: ../pdf/parte12_total_bayes.pdf Graphic file (type pdf)
<use ../pdf/parte12_total_bayes.pdf, page 2>
Package pdftex.def Info: ../pdf/parte12_total_bayes.pdf , page2 used on input l
ine 26.
(pdftex.def)             Requested size: 614.58406pt x 795.3441pt.
File: ../pdf/parte12_total_bayes.pdf Graphic file (type pdf)
<use ../pdf/parte12_total_bayes.pdf, page 2>
Package pdftex.def Info: ../pdf/parte12_total_bayes.pdf , page2 used on input l
ine 26.
(pdftex.def)             Requested size: 614.58406pt x 795.3441pt.
 [373

 <../pdf/parte12_total_bayes.pdf>]
<../pdf/parte12_total_bayes.pdf, id=2786, page=3, 614.295pt x 794.97pt>
File: ../pdf/parte12_total_bayes.pdf Graphic file (type pdf)
<use ../pdf/parte12_total_bayes.pdf, page 3>
Package pdftex.def Info: ../pdf/parte12_total_bayes.pdf , page3 used on input l
ine 26.
(pdftex.def)             Requested size: 614.58406pt x 795.3441pt.
File: ../pdf/parte12_total_bayes.pdf Graphic file (type pdf)
<use ../pdf/parte12_total_bayes.pdf, page 3>
Package pdftex.def Info: ../pdf/parte12_total_bayes.pdf , page3 used on input l
ine 26.
(pdftex.def)             Requested size: 614.58406pt x 795.3441pt.
File: ../pdf/parte12_total_bayes.pdf Graphic file (type pdf)
<use ../pdf/parte12_total_bayes.pdf, page 3>
Package pdftex.def Info: ../pdf/parte12_total_bayes.pdf , page3 used on input l
ine 26.
(pdftex.def)             Requested size: 614.58406pt x 795.3441pt.

[374

 <../pdf/parte12_total_bayes.pdf>]
<../pdf/parte12_total_bayes.pdf, id=2796, page=4, 614.295pt x 794.97pt>
File: ../pdf/parte12_total_bayes.pdf Graphic file (type pdf)
<use ../pdf/parte12_total_bayes.pdf, page 4>
Package pdftex.def Info: ../pdf/parte12_total_bayes.pdf , page4 used on input l
ine 26.
(pdftex.def)             Requested size: 614.58406pt x 795.3441pt.
File: ../pdf/parte12_total_bayes.pdf Graphic file (type pdf)
<use ../pdf/parte12_total_bayes.pdf, page 4>
Package pdftex.def Info: ../pdf/parte12_total_bayes.pdf , page4 used on input l
ine 26.
(pdftex.def)             Requested size: 614.58406pt x 795.3441pt.
File: ../pdf/parte12_total_bayes.pdf Graphic file (type pdf)
<use ../pdf/parte12_total_bayes.pdf, page 4>
Package pdftex.def Info: ../pdf/parte12_total_bayes.pdf , page4 used on input l
ine 26.
(pdftex.def)             Requested size: 614.58406pt x 795.3441pt.
 [375

 <../pdf/parte12_total_bayes.pdf>]
<../pdf/parte12_total_bayes.pdf, id=2801, page=5, 614.295pt x 794.97pt>
File: ../pdf/parte12_total_bayes.pdf Graphic file (type pdf)
<use ../pdf/parte12_total_bayes.pdf, page 5>
Package pdftex.def Info: ../pdf/parte12_total_bayes.pdf , page5 used on input l
ine 26.
(pdftex.def)             Requested size: 614.58406pt x 795.3441pt.
File: ../pdf/parte12_total_bayes.pdf Graphic file (type pdf)
<use ../pdf/parte12_total_bayes.pdf, page 5>
Package pdftex.def Info: ../pdf/parte12_total_bayes.pdf , page5 used on input l
ine 26.
(pdftex.def)             Requested size: 614.58406pt x 795.3441pt.
File: ../pdf/parte12_total_bayes.pdf Graphic file (type pdf)
<use ../pdf/parte12_total_bayes.pdf, page 5>
Package pdftex.def Info: ../pdf/parte12_total_bayes.pdf , page5 used on input l
ine 26.
(pdftex.def)             Requested size: 614.58406pt x 795.3441pt.

[376

 <../pdf/parte12_total_bayes.pdf>]
<../pdf/parte12_total_bayes.pdf, id=2806, page=6, 614.295pt x 794.97pt>
File: ../pdf/parte12_total_bayes.pdf Graphic file (type pdf)
<use ../pdf/parte12_total_bayes.pdf, page 6>
Package pdftex.def Info: ../pdf/parte12_total_bayes.pdf , page6 used on input l
ine 26.
(pdftex.def)             Requested size: 614.58406pt x 795.3441pt.
File: ../pdf/parte12_total_bayes.pdf Graphic file (type pdf)
<use ../pdf/parte12_total_bayes.pdf, page 6>
Package pdftex.def Info: ../pdf/parte12_total_bayes.pdf , page6 used on input l
ine 26.
(pdftex.def)             Requested size: 614.58406pt x 795.3441pt.
File: ../pdf/parte12_total_bayes.pdf Graphic file (type pdf)
<use ../pdf/parte12_total_bayes.pdf, page 6>
Package pdftex.def Info: ../pdf/parte12_total_bayes.pdf , page6 used on input l
ine 26.
(pdftex.def)             Requested size: 614.58406pt x 795.3441pt.
 [377

 <../pdf/parte12_total_bayes.pdf>]
<../pdf/parte12_total_bayes.pdf, id=2811, page=7, 614.295pt x 794.97pt>
File: ../pdf/parte12_total_bayes.pdf Graphic file (type pdf)
<use ../pdf/parte12_total_bayes.pdf, page 7>
Package pdftex.def Info: ../pdf/parte12_total_bayes.pdf , page7 used on input l
ine 26.
(pdftex.def)             Requested size: 614.58406pt x 795.3441pt.
File: ../pdf/parte12_total_bayes.pdf Graphic file (type pdf)
<use ../pdf/parte12_total_bayes.pdf, page 7>
Package pdftex.def Info: ../pdf/parte12_total_bayes.pdf , page7 used on input l
ine 26.
(pdftex.def)             Requested size: 614.58406pt x 795.3441pt.
File: ../pdf/parte12_total_bayes.pdf Graphic file (type pdf)
<use ../pdf/parte12_total_bayes.pdf, page 7>
Package pdftex.def Info: ../pdf/parte12_total_bayes.pdf , page7 used on input l
ine 26.
(pdftex.def)             Requested size: 614.58406pt x 795.3441pt.

[378

 <../pdf/parte12_total_bayes.pdf>]
<../pdf/parte12_total_bayes.pdf, id=2820, page=8, 614.295pt x 794.97pt>
File: ../pdf/parte12_total_bayes.pdf Graphic file (type pdf)
<use ../pdf/parte12_total_bayes.pdf, page 8>
Package pdftex.def Info: ../pdf/parte12_total_bayes.pdf , page8 used on input l
ine 26.
(pdftex.def)             Requested size: 614.58406pt x 795.3441pt.
File: ../pdf/parte12_total_bayes.pdf Graphic file (type pdf)
<use ../pdf/parte12_total_bayes.pdf, page 8>
Package pdftex.def Info: ../pdf/parte12_total_bayes.pdf , page8 used on input l
ine 26.
(pdftex.def)             Requested size: 614.58406pt x 795.3441pt.
File: ../pdf/parte12_total_bayes.pdf Graphic file (type pdf)
<use ../pdf/parte12_total_bayes.pdf, page 8>
Package pdftex.def Info: ../pdf/parte12_total_bayes.pdf , page8 used on input l
ine 26.
(pdftex.def)             Requested size: 614.58406pt x 795.3441pt.
 [379

 <../pdf/parte12_total_bayes.pdf>]
<../pdf/parte12_total_bayes.pdf, id=2826, page=9, 614.295pt x 794.97pt>
File: ../pdf/parte12_total_bayes.pdf Graphic file (type pdf)
<use ../pdf/parte12_total_bayes.pdf, page 9>
Package pdftex.def Info: ../pdf/parte12_total_bayes.pdf , page9 used on input l
ine 26.
(pdftex.def)             Requested size: 614.58406pt x 795.3441pt.
File: ../pdf/parte12_total_bayes.pdf Graphic file (type pdf)
<use ../pdf/parte12_total_bayes.pdf, page 9>
Package pdftex.def Info: ../pdf/parte12_total_bayes.pdf , page9 used on input l
ine 26.
(pdftex.def)             Requested size: 614.58406pt x 795.3441pt.
File: ../pdf/parte12_total_bayes.pdf Graphic file (type pdf)
<use ../pdf/parte12_total_bayes.pdf, page 9>
Package pdftex.def Info: ../pdf/parte12_total_bayes.pdf , page9 used on input l
ine 26.
(pdftex.def)             Requested size: 614.58406pt x 795.3441pt.

[380

 <../pdf/parte12_total_bayes.pdf>]
<../pdf/parte12_total_bayes.pdf, id=2831, page=10, 614.295pt x 794.97pt>
File: ../pdf/parte12_total_bayes.pdf Graphic file (type pdf)
<use ../pdf/parte12_total_bayes.pdf, page 10>
Package pdftex.def Info: ../pdf/parte12_total_bayes.pdf , page10 used on input 
line 26.
(pdftex.def)             Requested size: 614.58406pt x 795.3441pt.
File: ../pdf/parte12_total_bayes.pdf Graphic file (type pdf)
<use ../pdf/parte12_total_bayes.pdf, page 10>
Package pdftex.def Info: ../pdf/parte12_total_bayes.pdf , page10 used on input 
line 26.
(pdftex.def)             Requested size: 614.58406pt x 795.3441pt.
File: ../pdf/parte12_total_bayes.pdf Graphic file (type pdf)
<use ../pdf/parte12_total_bayes.pdf, page 10>
Package pdftex.def Info: ../pdf/parte12_total_bayes.pdf , page10 used on input 
line 26.
(pdftex.def)             Requested size: 614.58406pt x 795.3441pt.
 [381

 <../pdf/parte12_total_bayes.pdf>]
<../pdf/parte12_total_bayes.pdf, id=2844, page=11, 614.295pt x 794.97pt>
File: ../pdf/parte12_total_bayes.pdf Graphic file (type pdf)
<use ../pdf/parte12_total_bayes.pdf, page 11>
Package pdftex.def Info: ../pdf/parte12_total_bayes.pdf , page11 used on input 
line 26.
(pdftex.def)             Requested size: 614.58406pt x 795.3441pt.
File: ../pdf/parte12_total_bayes.pdf Graphic file (type pdf)
<use ../pdf/parte12_total_bayes.pdf, page 11>
Package pdftex.def Info: ../pdf/parte12_total_bayes.pdf , page11 used on input 
line 26.
(pdftex.def)             Requested size: 614.58406pt x 795.3441pt.
File: ../pdf/parte12_total_bayes.pdf Graphic file (type pdf)
<use ../pdf/parte12_total_bayes.pdf, page 11>
Package pdftex.def Info: ../pdf/parte12_total_bayes.pdf , page11 used on input 
line 26.
(pdftex.def)             Requested size: 614.58406pt x 795.3441pt.

[382

 <../pdf/parte12_total_bayes.pdf>]
<../pdf/parte12_total_bayes.pdf, id=2849, page=12, 614.295pt x 794.97pt>
File: ../pdf/parte12_total_bayes.pdf Graphic file (type pdf)
<use ../pdf/parte12_total_bayes.pdf, page 12>
Package pdftex.def Info: ../pdf/parte12_total_bayes.pdf , page12 used on input 
line 26.
(pdftex.def)             Requested size: 614.58406pt x 795.3441pt.
File: ../pdf/parte12_total_bayes.pdf Graphic file (type pdf)
<use ../pdf/parte12_total_bayes.pdf, page 12>
Package pdftex.def Info: ../pdf/parte12_total_bayes.pdf , page12 used on input 
line 26.
(pdftex.def)             Requested size: 614.58406pt x 795.3441pt.
File: ../pdf/parte12_total_bayes.pdf Graphic file (type pdf)
<use ../pdf/parte12_total_bayes.pdf, page 12>
Package pdftex.def Info: ../pdf/parte12_total_bayes.pdf , page12 used on input 
line 26.
(pdftex.def)             Requested size: 614.58406pt x 795.3441pt.
 [383

 <../pdf/parte12_total_bayes.pdf>]
<../pdf/parte12_total_bayes.pdf, id=2854, page=13, 614.295pt x 794.97pt>
File: ../pdf/parte12_total_bayes.pdf Graphic file (type pdf)
<use ../pdf/parte12_total_bayes.pdf, page 13>
Package pdftex.def Info: ../pdf/parte12_total_bayes.pdf , page13 used on input 
line 26.
(pdftex.def)             Requested size: 614.58406pt x 795.3441pt.
File: ../pdf/parte12_total_bayes.pdf Graphic file (type pdf)
<use ../pdf/parte12_total_bayes.pdf, page 13>
Package pdftex.def Info: ../pdf/parte12_total_bayes.pdf , page13 used on input 
line 26.
(pdftex.def)             Requested size: 614.58406pt x 795.3441pt.
File: ../pdf/parte12_total_bayes.pdf Graphic file (type pdf)
<use ../pdf/parte12_total_bayes.pdf, page 13>
Package pdftex.def Info: ../pdf/parte12_total_bayes.pdf , page13 used on input 
line 26.
(pdftex.def)             Requested size: 614.58406pt x 795.3441pt.

[384

 <../pdf/parte12_total_bayes.pdf>]
<../pdf/parte12_total_bayes.pdf, id=2859, page=14, 614.295pt x 794.97pt>
File: ../pdf/parte12_total_bayes.pdf Graphic file (type pdf)
<use ../pdf/parte12_total_bayes.pdf, page 14>
Package pdftex.def Info: ../pdf/parte12_total_bayes.pdf , page14 used on input 
line 26.
(pdftex.def)             Requested size: 614.58406pt x 795.3441pt.
File: ../pdf/parte12_total_bayes.pdf Graphic file (type pdf)
<use ../pdf/parte12_total_bayes.pdf, page 14>
Package pdftex.def Info: ../pdf/parte12_total_bayes.pdf , page14 used on input 
line 26.
(pdftex.def)             Requested size: 614.58406pt x 795.3441pt.
File: ../pdf/parte12_total_bayes.pdf Graphic file (type pdf)
<use ../pdf/parte12_total_bayes.pdf, page 14>
Package pdftex.def Info: ../pdf/parte12_total_bayes.pdf , page14 used on input 
line 26.
(pdftex.def)             Requested size: 614.58406pt x 795.3441pt.
 [385

 <../pdf/parte12_total_bayes.pdf>]
<../pdf/parte12_total_bayes.pdf, id=2869, page=15, 614.295pt x 794.97pt>
File: ../pdf/parte12_total_bayes.pdf Graphic file (type pdf)
<use ../pdf/parte12_total_bayes.pdf, page 15>
Package pdftex.def Info: ../pdf/parte12_total_bayes.pdf , page15 used on input 
line 26.
(pdftex.def)             Requested size: 614.58406pt x 795.3441pt.
File: ../pdf/parte12_total_bayes.pdf Graphic file (type pdf)
<use ../pdf/parte12_total_bayes.pdf, page 15>
Package pdftex.def Info: ../pdf/parte12_total_bayes.pdf , page15 used on input 
line 26.
(pdftex.def)             Requested size: 614.58406pt x 795.3441pt.
File: ../pdf/parte12_total_bayes.pdf Graphic file (type pdf)
<use ../pdf/parte12_total_bayes.pdf, page 15>
Package pdftex.def Info: ../pdf/parte12_total_bayes.pdf , page15 used on input 
line 26.
(pdftex.def)             Requested size: 614.58406pt x 795.3441pt.

[386

 <../pdf/parte12_total_bayes.pdf>]
<../pdf/parte12_total_bayes.pdf, id=2874, page=16, 614.295pt x 794.97pt>
File: ../pdf/parte12_total_bayes.pdf Graphic file (type pdf)
<use ../pdf/parte12_total_bayes.pdf, page 16>
Package pdftex.def Info: ../pdf/parte12_total_bayes.pdf , page16 used on input 
line 26.
(pdftex.def)             Requested size: 614.58406pt x 795.3441pt.
File: ../pdf/parte12_total_bayes.pdf Graphic file (type pdf)
<use ../pdf/parte12_total_bayes.pdf, page 16>
Package pdftex.def Info: ../pdf/parte12_total_bayes.pdf , page16 used on input 
line 26.
(pdftex.def)             Requested size: 614.58406pt x 795.3441pt.
File: ../pdf/parte12_total_bayes.pdf Graphic file (type pdf)
<use ../pdf/parte12_total_bayes.pdf, page 16>
Package pdftex.def Info: ../pdf/parte12_total_bayes.pdf , page16 used on input 
line 26.
(pdftex.def)             Requested size: 614.58406pt x 795.3441pt.
 [387

 <../pdf/parte12_total_bayes.pdf>]
<../pdf/parte12_total_bayes.pdf, id=2879, page=17, 614.295pt x 794.97pt>
File: ../pdf/parte12_total_bayes.pdf Graphic file (type pdf)
<use ../pdf/parte12_total_bayes.pdf, page 17>
Package pdftex.def Info: ../pdf/parte12_total_bayes.pdf , page17 used on input 
line 26.
(pdftex.def)             Requested size: 614.58406pt x 795.3441pt.
File: ../pdf/parte12_total_bayes.pdf Graphic file (type pdf)
<use ../pdf/parte12_total_bayes.pdf, page 17>
Package pdftex.def Info: ../pdf/parte12_total_bayes.pdf , page17 used on input 
line 26.
(pdftex.def)             Requested size: 614.58406pt x 795.3441pt.
File: ../pdf/parte12_total_bayes.pdf Graphic file (type pdf)
<use ../pdf/parte12_total_bayes.pdf, page 17>
Package pdftex.def Info: ../pdf/parte12_total_bayes.pdf , page17 used on input 
line 26.
(pdftex.def)             Requested size: 614.58406pt x 795.3441pt.

[388

 <../pdf/parte12_total_bayes.pdf>]
<../pdf/parte12_total_bayes.pdf, id=2884, page=18, 614.295pt x 794.97pt>
File: ../pdf/parte12_total_bayes.pdf Graphic file (type pdf)
<use ../pdf/parte12_total_bayes.pdf, page 18>
Package pdftex.def Info: ../pdf/parte12_total_bayes.pdf , page18 used on input 
line 26.
(pdftex.def)             Requested size: 614.58406pt x 795.3441pt.
File: ../pdf/parte12_total_bayes.pdf Graphic file (type pdf)
<use ../pdf/parte12_total_bayes.pdf, page 18>
Package pdftex.def Info: ../pdf/parte12_total_bayes.pdf , page18 used on input 
line 26.
(pdftex.def)             Requested size: 614.58406pt x 795.3441pt.
File: ../pdf/parte12_total_bayes.pdf Graphic file (type pdf)
<use ../pdf/parte12_total_bayes.pdf, page 18>
Package pdftex.def Info: ../pdf/parte12_total_bayes.pdf , page18 used on input 
line 26.
(pdftex.def)             Requested size: 614.58406pt x 795.3441pt.
 [389

 <../pdf/parte12_total_bayes.pdf>]
<../pdf/parte12_total_bayes.pdf, id=2889, page=19, 614.295pt x 794.97pt>
File: ../pdf/parte12_total_bayes.pdf Graphic file (type pdf)
<use ../pdf/parte12_total_bayes.pdf, page 19>
Package pdftex.def Info: ../pdf/parte12_total_bayes.pdf , page19 used on input 
line 26.
(pdftex.def)             Requested size: 614.58406pt x 795.3441pt.
File: ../pdf/parte12_total_bayes.pdf Graphic file (type pdf)
<use ../pdf/parte12_total_bayes.pdf, page 19>
Package pdftex.def Info: ../pdf/parte12_total_bayes.pdf , page19 used on input 
line 26.
(pdftex.def)             Requested size: 614.58406pt x 795.3441pt.
File: ../pdf/parte12_total_bayes.pdf Graphic file (type pdf)
<use ../pdf/parte12_total_bayes.pdf, page 19>
Package pdftex.def Info: ../pdf/parte12_total_bayes.pdf , page19 used on input 
line 26.
(pdftex.def)             Requested size: 614.58406pt x 795.3441pt.

[390

 <../pdf/parte12_total_bayes.pdf>]
<../pdf/parte12_total_bayes.pdf, id=2900, page=20, 614.295pt x 794.97pt>
File: ../pdf/parte12_total_bayes.pdf Graphic file (type pdf)
<use ../pdf/parte12_total_bayes.pdf, page 20>
Package pdftex.def Info: ../pdf/parte12_total_bayes.pdf , page20 used on input 
line 26.
(pdftex.def)             Requested size: 614.58406pt x 795.3441pt.
File: ../pdf/parte12_total_bayes.pdf Graphic file (type pdf)
<use ../pdf/parte12_total_bayes.pdf, page 20>
Package pdftex.def Info: ../pdf/parte12_total_bayes.pdf , page20 used on input 
line 26.
(pdftex.def)             Requested size: 614.58406pt x 795.3441pt.
File: ../pdf/parte12_total_bayes.pdf Graphic file (type pdf)
<use ../pdf/parte12_total_bayes.pdf, page 20>
Package pdftex.def Info: ../pdf/parte12_total_bayes.pdf , page20 used on input 
line 26.
(pdftex.def)             Requested size: 614.58406pt x 795.3441pt.
 [391

 <../pdf/parte12_total_bayes.pdf>]
<../pdf/parte12_total_bayes.pdf, id=2906, page=21, 614.295pt x 794.97pt>
File: ../pdf/parte12_total_bayes.pdf Graphic file (type pdf)
<use ../pdf/parte12_total_bayes.pdf, page 21>
Package pdftex.def Info: ../pdf/parte12_total_bayes.pdf , page21 used on input 
line 26.
(pdftex.def)             Requested size: 614.58406pt x 795.3441pt.
File: ../pdf/parte12_total_bayes.pdf Graphic file (type pdf)
<use ../pdf/parte12_total_bayes.pdf, page 21>
Package pdftex.def Info: ../pdf/parte12_total_bayes.pdf , page21 used on input 
line 26.
(pdftex.def)             Requested size: 614.58406pt x 795.3441pt.
File: ../pdf/parte12_total_bayes.pdf Graphic file (type pdf)
<use ../pdf/parte12_total_bayes.pdf, page 21>
Package pdftex.def Info: ../pdf/parte12_total_bayes.pdf , page21 used on input 
line 26.
(pdftex.def)             Requested size: 614.58406pt x 795.3441pt.

[392

 <../pdf/parte12_total_bayes.pdf>]
<../pdf/parte12_total_bayes.pdf, id=2911, page=22, 614.295pt x 794.97pt>
File: ../pdf/parte12_total_bayes.pdf Graphic file (type pdf)
<use ../pdf/parte12_total_bayes.pdf, page 22>
Package pdftex.def Info: ../pdf/parte12_total_bayes.pdf , page22 used on input 
line 26.
(pdftex.def)             Requested size: 614.58406pt x 795.3441pt.
File: ../pdf/parte12_total_bayes.pdf Graphic file (type pdf)
<use ../pdf/parte12_total_bayes.pdf, page 22>
Package pdftex.def Info: ../pdf/parte12_total_bayes.pdf , page22 used on input 
line 26.
(pdftex.def)             Requested size: 614.58406pt x 795.3441pt.
File: ../pdf/parte12_total_bayes.pdf Graphic file (type pdf)
<use ../pdf/parte12_total_bayes.pdf, page 22>
Package pdftex.def Info: ../pdf/parte12_total_bayes.pdf , page22 used on input 
line 26.
(pdftex.def)             Requested size: 614.58406pt x 795.3441pt.
 [393

 <../pdf/parte12_total_bayes.pdf>]
<../pdf/parte12_total_bayes.pdf, id=2916, page=23, 614.295pt x 794.97pt>
File: ../pdf/parte12_total_bayes.pdf Graphic file (type pdf)
<use ../pdf/parte12_total_bayes.pdf, page 23>
Package pdftex.def Info: ../pdf/parte12_total_bayes.pdf , page23 used on input 
line 26.
(pdftex.def)             Requested size: 614.58406pt x 795.3441pt.
File: ../pdf/parte12_total_bayes.pdf Graphic file (type pdf)
<use ../pdf/parte12_total_bayes.pdf, page 23>
Package pdftex.def Info: ../pdf/parte12_total_bayes.pdf , page23 used on input 
line 26.
(pdftex.def)             Requested size: 614.58406pt x 795.3441pt.
File: ../pdf/parte12_total_bayes.pdf Graphic file (type pdf)
<use ../pdf/parte12_total_bayes.pdf, page 23>
Package pdftex.def Info: ../pdf/parte12_total_bayes.pdf , page23 used on input 
line 26.
(pdftex.def)             Requested size: 614.58406pt x 795.3441pt.

[394

 <../pdf/parte12_total_bayes.pdf>]
<../pdf/parte12_total_bayes.pdf, id=2921, page=24, 614.295pt x 794.97pt>
File: ../pdf/parte12_total_bayes.pdf Graphic file (type pdf)
<use ../pdf/parte12_total_bayes.pdf, page 24>
Package pdftex.def Info: ../pdf/parte12_total_bayes.pdf , page24 used on input 
line 26.
(pdftex.def)             Requested size: 614.58406pt x 795.3441pt.
File: ../pdf/parte12_total_bayes.pdf Graphic file (type pdf)
<use ../pdf/parte12_total_bayes.pdf, page 24>
Package pdftex.def Info: ../pdf/parte12_total_bayes.pdf , page24 used on input 
line 26.
(pdftex.def)             Requested size: 614.58406pt x 795.3441pt.
File: ../pdf/parte12_total_bayes.pdf Graphic file (type pdf)
<use ../pdf/parte12_total_bayes.pdf, page 24>
Package pdftex.def Info: ../pdf/parte12_total_bayes.pdf , page24 used on input 
line 26.
(pdftex.def)             Requested size: 614.58406pt x 795.3441pt.
 [395

 <../pdf/parte12_total_bayes.pdf>]
<../pdf/parte12_total_bayes.pdf, id=2926, page=25, 614.295pt x 794.97pt>
File: ../pdf/parte12_total_bayes.pdf Graphic file (type pdf)
<use ../pdf/parte12_total_bayes.pdf, page 25>
Package pdftex.def Info: ../pdf/parte12_total_bayes.pdf , page25 used on input 
line 26.
(pdftex.def)             Requested size: 614.58406pt x 795.3441pt.
File: ../pdf/parte12_total_bayes.pdf Graphic file (type pdf)
<use ../pdf/parte12_total_bayes.pdf, page 25>
Package pdftex.def Info: ../pdf/parte12_total_bayes.pdf , page25 used on input 
line 26.
(pdftex.def)             Requested size: 614.58406pt x 795.3441pt.
File: ../pdf/parte12_total_bayes.pdf Graphic file (type pdf)
<use ../pdf/parte12_total_bayes.pdf, page 25>
Package pdftex.def Info: ../pdf/parte12_total_bayes.pdf , page25 used on input 
line 26.
(pdftex.def)             Requested size: 614.58406pt x 795.3441pt.

[396

 <../pdf/parte12_total_bayes.pdf>]
<../pdf/parte12_total_bayes.pdf, id=2931, page=26, 614.295pt x 794.97pt>
File: ../pdf/parte12_total_bayes.pdf Graphic file (type pdf)
<use ../pdf/parte12_total_bayes.pdf, page 26>
Package pdftex.def Info: ../pdf/parte12_total_bayes.pdf , page26 used on input 
line 26.
(pdftex.def)             Requested size: 614.58406pt x 795.3441pt.
File: ../pdf/parte12_total_bayes.pdf Graphic file (type pdf)
<use ../pdf/parte12_total_bayes.pdf, page 26>
Package pdftex.def Info: ../pdf/parte12_total_bayes.pdf , page26 used on input 
line 26.
(pdftex.def)             Requested size: 614.58406pt x 795.3441pt.
File: ../pdf/parte12_total_bayes.pdf Graphic file (type pdf)
<use ../pdf/parte12_total_bayes.pdf, page 26>
Package pdftex.def Info: ../pdf/parte12_total_bayes.pdf , page26 used on input 
line 26.
(pdftex.def)             Requested size: 614.58406pt x 795.3441pt.
 [397

 <../pdf/parte12_total_bayes.pdf>]
<../pdf/parte12_total_bayes.pdf, id=2937, page=27, 614.295pt x 794.97pt>
File: ../pdf/parte12_total_bayes.pdf Graphic file (type pdf)
<use ../pdf/parte12_total_bayes.pdf, page 27>
Package pdftex.def Info: ../pdf/parte12_total_bayes.pdf , page27 used on input 
line 26.
(pdftex.def)             Requested size: 614.58406pt x 795.3441pt.
File: ../pdf/parte12_total_bayes.pdf Graphic file (type pdf)
<use ../pdf/parte12_total_bayes.pdf, page 27>
Package pdftex.def Info: ../pdf/parte12_total_bayes.pdf , page27 used on input 
line 26.
(pdftex.def)             Requested size: 614.58406pt x 795.3441pt.
File: ../pdf/parte12_total_bayes.pdf Graphic file (type pdf)
<use ../pdf/parte12_total_bayes.pdf, page 27>
Package pdftex.def Info: ../pdf/parte12_total_bayes.pdf , page27 used on input 
line 26.
(pdftex.def)             Requested size: 614.58406pt x 795.3441pt.

[398

 <../pdf/parte12_total_bayes.pdf>]
<../pdf/parte12_total_bayes.pdf, id=2942, page=28, 614.295pt x 794.97pt>
File: ../pdf/parte12_total_bayes.pdf Graphic file (type pdf)
<use ../pdf/parte12_total_bayes.pdf, page 28>
Package pdftex.def Info: ../pdf/parte12_total_bayes.pdf , page28 used on input 
line 26.
(pdftex.def)             Requested size: 614.58406pt x 795.3441pt.
File: ../pdf/parte12_total_bayes.pdf Graphic file (type pdf)
<use ../pdf/parte12_total_bayes.pdf, page 28>
Package pdftex.def Info: ../pdf/parte12_total_bayes.pdf , page28 used on input 
line 26.
(pdftex.def)             Requested size: 614.58406pt x 795.3441pt.
File: ../pdf/parte12_total_bayes.pdf Graphic file (type pdf)
<use ../pdf/parte12_total_bayes.pdf, page 28>
Package pdftex.def Info: ../pdf/parte12_total_bayes.pdf , page28 used on input 
line 26.
(pdftex.def)             Requested size: 614.58406pt x 795.3441pt.
 [399

 <../pdf/parte12_total_bayes.pdf>]
<../pdf/parte12_total_bayes.pdf, id=2947, page=29, 614.295pt x 794.97pt>
File: ../pdf/parte12_total_bayes.pdf Graphic file (type pdf)
<use ../pdf/parte12_total_bayes.pdf, page 29>
Package pdftex.def Info: ../pdf/parte12_total_bayes.pdf , page29 used on input 
line 26.
(pdftex.def)             Requested size: 614.58406pt x 795.3441pt.
File: ../pdf/parte12_total_bayes.pdf Graphic file (type pdf)
<use ../pdf/parte12_total_bayes.pdf, page 29>
Package pdftex.def Info: ../pdf/parte12_total_bayes.pdf , page29 used on input 
line 26.
(pdftex.def)             Requested size: 614.58406pt x 795.3441pt.
File: ../pdf/parte12_total_bayes.pdf Graphic file (type pdf)
<use ../pdf/parte12_total_bayes.pdf, page 29>
Package pdftex.def Info: ../pdf/parte12_total_bayes.pdf , page29 used on input 
line 26.
(pdftex.def)             Requested size: 614.58406pt x 795.3441pt.

[400

 <../pdf/parte12_total_bayes.pdf>]
<../pdf/parte12_total_bayes.pdf, id=2952, page=30, 614.295pt x 794.97pt>
File: ../pdf/parte12_total_bayes.pdf Graphic file (type pdf)
<use ../pdf/parte12_total_bayes.pdf, page 30>
Package pdftex.def Info: ../pdf/parte12_total_bayes.pdf , page30 used on input 
line 26.
(pdftex.def)             Requested size: 614.58406pt x 795.3441pt.
File: ../pdf/parte12_total_bayes.pdf Graphic file (type pdf)
<use ../pdf/parte12_total_bayes.pdf, page 30>
Package pdftex.def Info: ../pdf/parte12_total_bayes.pdf , page30 used on input 
line 26.
(pdftex.def)             Requested size: 614.58406pt x 795.3441pt.
File: ../pdf/parte12_total_bayes.pdf Graphic file (type pdf)
<use ../pdf/parte12_total_bayes.pdf, page 30>
Package pdftex.def Info: ../pdf/parte12_total_bayes.pdf , page30 used on input 
line 26.
(pdftex.def)             Requested size: 614.58406pt x 795.3441pt.
 [401

 <../pdf/parte12_total_bayes.pdf>]
<../pdf/parte12_total_bayes.pdf, id=2957, page=31, 614.295pt x 794.97pt>
File: ../pdf/parte12_total_bayes.pdf Graphic file (type pdf)
<use ../pdf/parte12_total_bayes.pdf, page 31>
Package pdftex.def Info: ../pdf/parte12_total_bayes.pdf , page31 used on input 
line 26.
(pdftex.def)             Requested size: 614.58406pt x 795.3441pt.
File: ../pdf/parte12_total_bayes.pdf Graphic file (type pdf)
<use ../pdf/parte12_total_bayes.pdf, page 31>
Package pdftex.def Info: ../pdf/parte12_total_bayes.pdf , page31 used on input 
line 26.
(pdftex.def)             Requested size: 614.58406pt x 795.3441pt.
File: ../pdf/parte12_total_bayes.pdf Graphic file (type pdf)
<use ../pdf/parte12_total_bayes.pdf, page 31>
Package pdftex.def Info: ../pdf/parte12_total_bayes.pdf , page31 used on input 
line 26.
(pdftex.def)             Requested size: 614.58406pt x 795.3441pt.

[402

 <../pdf/parte12_total_bayes.pdf>]
<../pdf/parte12_total_bayes.pdf, id=2962, page=32, 614.295pt x 794.97pt>
File: ../pdf/parte12_total_bayes.pdf Graphic file (type pdf)
<use ../pdf/parte12_total_bayes.pdf, page 32>
Package pdftex.def Info: ../pdf/parte12_total_bayes.pdf , page32 used on input 
line 26.
(pdftex.def)             Requested size: 614.58406pt x 795.3441pt.
File: ../pdf/parte12_total_bayes.pdf Graphic file (type pdf)
<use ../pdf/parte12_total_bayes.pdf, page 32>
Package pdftex.def Info: ../pdf/parte12_total_bayes.pdf , page32 used on input 
line 26.
(pdftex.def)             Requested size: 614.58406pt x 795.3441pt.
File: ../pdf/parte12_total_bayes.pdf Graphic file (type pdf)
<use ../pdf/parte12_total_bayes.pdf, page 32>
Package pdftex.def Info: ../pdf/parte12_total_bayes.pdf , page32 used on input 
line 26.
(pdftex.def)             Requested size: 614.58406pt x 795.3441pt.
 [403

 <../pdf/parte12_total_bayes.pdf>]
<../pdf/parte12_total_bayes.pdf, id=2969, page=33, 614.295pt x 794.97pt>
File: ../pdf/parte12_total_bayes.pdf Graphic file (type pdf)
<use ../pdf/parte12_total_bayes.pdf, page 33>
Package pdftex.def Info: ../pdf/parte12_total_bayes.pdf , page33 used on input 
line 26.
(pdftex.def)             Requested size: 614.58406pt x 795.3441pt.
File: ../pdf/parte12_total_bayes.pdf Graphic file (type pdf)
<use ../pdf/parte12_total_bayes.pdf, page 33>
Package pdftex.def Info: ../pdf/parte12_total_bayes.pdf , page33 used on input 
line 26.
(pdftex.def)             Requested size: 614.58406pt x 795.3441pt.
File: ../pdf/parte12_total_bayes.pdf Graphic file (type pdf)
<use ../pdf/parte12_total_bayes.pdf, page 33>
Package pdftex.def Info: ../pdf/parte12_total_bayes.pdf , page33 used on input 
line 26.
(pdftex.def)             Requested size: 614.58406pt x 795.3441pt.

[404

 <../pdf/parte12_total_bayes.pdf>]
<../pdf/parte12_total_bayes.pdf, id=2974, page=34, 614.295pt x 794.97pt>
File: ../pdf/parte12_total_bayes.pdf Graphic file (type pdf)
<use ../pdf/parte12_total_bayes.pdf, page 34>
Package pdftex.def Info: ../pdf/parte12_total_bayes.pdf , page34 used on input 
line 26.
(pdftex.def)             Requested size: 614.58406pt x 795.3441pt.
File: ../pdf/parte12_total_bayes.pdf Graphic file (type pdf)
<use ../pdf/parte12_total_bayes.pdf, page 34>
Package pdftex.def Info: ../pdf/parte12_total_bayes.pdf , page34 used on input 
line 26.
(pdftex.def)             Requested size: 614.58406pt x 795.3441pt.
File: ../pdf/parte12_total_bayes.pdf Graphic file (type pdf)
<use ../pdf/parte12_total_bayes.pdf, page 34>
Package pdftex.def Info: ../pdf/parte12_total_bayes.pdf , page34 used on input 
line 26.
(pdftex.def)             Requested size: 614.58406pt x 795.3441pt.
 [405

 <../pdf/parte12_total_bayes.pdf>]
<../pdf/parte12_total_bayes.pdf, id=2979, page=35, 614.295pt x 794.97pt>
File: ../pdf/parte12_total_bayes.pdf Graphic file (type pdf)
<use ../pdf/parte12_total_bayes.pdf, page 35>
Package pdftex.def Info: ../pdf/parte12_total_bayes.pdf , page35 used on input 
line 26.
(pdftex.def)             Requested size: 614.58406pt x 795.3441pt.
File: ../pdf/parte12_total_bayes.pdf Graphic file (type pdf)
<use ../pdf/parte12_total_bayes.pdf, page 35>
Package pdftex.def Info: ../pdf/parte12_total_bayes.pdf , page35 used on input 
line 26.
(pdftex.def)             Requested size: 614.58406pt x 795.3441pt.
File: ../pdf/parte12_total_bayes.pdf Graphic file (type pdf)
<use ../pdf/parte12_total_bayes.pdf, page 35>
Package pdftex.def Info: ../pdf/parte12_total_bayes.pdf , page35 used on input 
line 26.
(pdftex.def)             Requested size: 614.58406pt x 795.3441pt.

[406

 <../pdf/parte12_total_bayes.pdf>]
(./solucionario-practica-probabilidad.aux
LaTeX Info: Redefining \. on input line 11.
LaTeX Info: Redefining \% on input line 11.
)
 ***********
LaTeX2e <2025-11-01>
L3 programming layer <2026-01-19>
 ***********
Package rerunfilecheck Info: File `solucionario-practica-probabilidad.out' has 
not changed.
(rerunfilecheck)             Checksum: 648D6FC08C733181A5B0B93611394996;3064.
 ) 
Here is how much of TeX's memory you used:
 38565 strings out of 469453
 935697 string characters out of 5469038
 1391761 words of memory out of 5000000
 66260 multiletter control sequences out of 15000+600000
 633878 words of font info for 63 fonts, out of 8000000 for 9000
 40 hyphenation exceptions out of 8191
 121i,17n,124p,770b,618s stack positions out of 10000i,1000n,20000p,200000b,200000s
</usr/share/texmf-dist/fonts/type1/public/amsfonts/cm/cmbx10.pfb></usr/share/
texmf-dist/fonts/type1/public/amsfonts/cm/cmbx12.pfb></usr/share/texmf-dist/fon
ts/type1/public/amsfonts/cm/cmbx8.pfb></usr/share/texmf-dist/fonts/type1/public
/amsfonts/cm/cmbxti10.pfb></usr/share/texmf-dist/fonts/type1/public/amsfonts/cm
/cmex10.pfb></usr/share/texmf-dist/fonts/type1/public/amsfonts/cmextra/cmex8.pf
b></usr/share/texmf-dist/fonts/type1/public/amsfonts/cm/cmmi10.pfb></usr/share/
texmf-dist/fonts/type1/public/amsfonts/cm/cmmi12.pfb></usr/share/texmf-dist/fon
ts/type1/public/amsfonts/cm/cmmi6.pfb></usr/share/texmf-dist/fonts/type1/public
/amsfonts/cm/cmmi7.pfb></usr/share/texmf-dist/fonts/type1/public/amsfonts/cm/cm
mi8.pfb></usr/share/texmf-dist/fonts/type1/public/amsfonts/cm/cmmi9.pfb></usr/s
hare/texmf-dist/fonts/type1/public/amsfonts/cm/cmr10.pfb></usr/share/texmf-dist
/fonts/type1/public/amsfonts/cm/cmr12.pfb></usr/share/texmf-dist/fonts/type1/pu
blic/amsfonts/cm/cmr17.pfb></usr/share/texmf-dist/fonts/type1/public/amsfonts/c
m/cmr6.pfb></usr/share/texmf-dist/fonts/type1/public/amsfonts/cm/cmr7.pfb></usr
/share/texmf-dist/fonts/type1/public/amsfonts/cm/cmr8.pfb></usr/share/texmf-dis
t/fonts/type1/public/amsfonts/cm/cmr9.pfb></usr/share/texmf-dist/fonts/type1/pu
blic/amsfonts/cm/cmsy10.pfb></usr/share/texmf-dist/fonts/type1/public/amsfonts/
cm/cmsy6.pfb></usr/share/texmf-dist/fonts/type1/public/amsfonts/cm/cmsy7.pfb></
usr/share/texmf-dist/fonts/type1/public/amsfonts/cm/cmsy8.pfb></usr/share/texmf
-dist/fonts/type1/public/amsfonts/cm/cmti10.pfb></usr/share/texmf-dist/fonts/ty
pe1/public/amsfonts/symbols/msam10.pfb></usr/share/texmf-dist/fonts/type1/publi
c/amsfonts/symbols/msbm10.pfb>
Output written on solucionario-practica-probabilidad.pdf (406 pages, 2084520 by
tes).
PDF statistics:
 3126 PDF objects out of 3580 (max. 8388607)
 2060 compressed objects within 21 object streams
 420 named destinations out of 1000 (max. 500000)
 2254 words of extra memory for PDF output out of 10000 (max. 10000000)

